{
  "dataset_revision": "a2acf12d293ea934823ca26752a05c5bfab24dff",
  "task_name": "LLMAILAStatutes",
  "mteb_version": "2.11.6",
  "scores": {
    "test": [
      {
        "ndcg_at_1": 0.32,
        "ndcg_at_3": 0.28048,
        "ndcg_at_5": 0.2691,
        "ndcg_at_10": 0.32456,
        "ndcg_at_20": 0.39121,
        "ndcg_at_100": 0.53456,
        "ndcg_at_1000": 0.53456,
        "map_at_1": 0.09067,
        "map_at_3": 0.1495,
        "map_at_5": 0.17545,
        "map_at_10": 0.20557,
        "map_at_20": 0.23572,
        "map_at_100": 0.2767,
        "map_at_1000": 0.2767,
        "recall_at_1": 0.09067,
        "recall_at_3": 0.18933,
        "recall_at_5": 0.25133,
        "recall_at_10": 0.35733,
        "recall_at_20": 0.52133,
        "recall_at_100": 1.0,
        "recall_at_1000": 1.0,
        "accuracy": 0.09067,
        "precision_at_1": 0.32,
        "precision_at_3": 0.25333,
        "precision_at_5": 0.208,
        "precision_at_10": 0.152,
        "precision_at_20": 0.114,
        "precision_at_100": 0.0434,
        "precision_at_1000": 0.00434,
        "mrr_at_1": 0.32,
        "mrr_at_3": 0.456667,
        "mrr_at_5": 0.474667,
        "mrr_at_10": 0.489048,
        "mrr_at_20": 0.496148,
        "mrr_at_100": 0.499061,
        "mrr_at_1000": 0.499061,
        "nauc_ndcg_at_1_max": 0.435112,
        "nauc_ndcg_at_1_std": 0.003853,
        "nauc_ndcg_at_1_diff1": 0.31925,
        "nauc_ndcg_at_3_max": 0.396157,
        "nauc_ndcg_at_3_std": 0.172386,
        "nauc_ndcg_at_3_diff1": 0.218705,
        "nauc_ndcg_at_5_max": 0.45898,
        "nauc_ndcg_at_5_std": 0.271636,
        "nauc_ndcg_at_5_diff1": 0.207552,
        "nauc_ndcg_at_10_max": 0.446335,
        "nauc_ndcg_at_10_std": 0.331213,
        "nauc_ndcg_at_10_diff1": 0.242579,
        "nauc_ndcg_at_20_max": 0.435761,
        "nauc_ndcg_at_20_std": 0.327435,
        "nauc_ndcg_at_20_diff1": 0.226341,
        "nauc_ndcg_at_100_max": 0.438469,
        "nauc_ndcg_at_100_std": 0.251636,
        "nauc_ndcg_at_100_diff1": 0.2473,
        "nauc_ndcg_at_1000_max": 0.438469,
        "nauc_ndcg_at_1000_std": 0.251636,
        "nauc_ndcg_at_1000_diff1": 0.2473,
        "nauc_map_at_1_max": 0.347079,
        "nauc_map_at_1_std": 0.032925,
        "nauc_map_at_1_diff1": 0.226914,
        "nauc_map_at_3_max": 0.403872,
        "nauc_map_at_3_std": 0.176386,
        "nauc_map_at_3_diff1": 0.206301,
        "nauc_map_at_5_max": 0.477173,
        "nauc_map_at_5_std": 0.275493,
        "nauc_map_at_5_diff1": 0.214502,
        "nauc_map_at_10_max": 0.473454,
        "nauc_map_at_10_std": 0.320895,
        "nauc_map_at_10_diff1": 0.240595,
        "nauc_map_at_20_max": 0.470183,
        "nauc_map_at_20_std": 0.323008,
        "nauc_map_at_20_diff1": 0.239707,
        "nauc_map_at_100_max": 0.467734,
        "nauc_map_at_100_std": 0.31169,
        "nauc_map_at_100_diff1": 0.242871,
        "nauc_map_at_1000_max": 0.467734,
        "nauc_map_at_1000_std": 0.31169,
        "nauc_map_at_1000_diff1": 0.242871,
        "nauc_recall_at_1_max": 0.347079,
        "nauc_recall_at_1_std": 0.032925,
        "nauc_recall_at_1_diff1": 0.226914,
        "nauc_recall_at_3_max": 0.404695,
        "nauc_recall_at_3_std": 0.263835,
        "nauc_recall_at_3_diff1": 0.166092,
        "nauc_recall_at_5_max": 0.496674,
        "nauc_recall_at_5_std": 0.420186,
        "nauc_recall_at_5_diff1": 0.170363,
        "nauc_recall_at_10_max": 0.423972,
        "nauc_recall_at_10_std": 0.494177,
        "nauc_recall_at_10_diff1": 0.217752,
        "nauc_recall_at_20_max": 0.355062,
        "nauc_recall_at_20_std": 0.418784,
        "nauc_recall_at_20_diff1": 0.15657,
        "nauc_recall_at_100_max": NaN,
        "nauc_recall_at_100_std": NaN,
        "nauc_recall_at_100_diff1": NaN,
        "nauc_recall_at_1000_max": NaN,
        "nauc_recall_at_1000_std": NaN,
        "nauc_recall_at_1000_diff1": NaN,
        "nauc_precision_at_1_max": 0.435112,
        "nauc_precision_at_1_std": 0.003853,
        "nauc_precision_at_1_diff1": 0.31925,
        "nauc_precision_at_3_max": 0.419556,
        "nauc_precision_at_3_std": 0.285129,
        "nauc_precision_at_3_diff1": 0.205226,
        "nauc_precision_at_5_max": 0.45484,
        "nauc_precision_at_5_std": 0.420879,
        "nauc_precision_at_5_diff1": 0.180654,
        "nauc_precision_at_10_max": 0.342378,
        "nauc_precision_at_10_std": 0.438451,
        "nauc_precision_at_10_diff1": 0.20498,
        "nauc_precision_at_20_max": 0.246006,
        "nauc_precision_at_20_std": 0.336449,
        "nauc_precision_at_20_diff1": 0.134835,
        "nauc_precision_at_100_max": -0.205704,
        "nauc_precision_at_100_std": -0.162913,
        "nauc_precision_at_100_diff1": 0.055213,
        "nauc_precision_at_1000_max": -0.205704,
        "nauc_precision_at_1000_std": -0.162913,
        "nauc_precision_at_1000_diff1": 0.055213,
        "nauc_mrr_at_1_max": 0.435112,
        "nauc_mrr_at_1_std": 0.003853,
        "nauc_mrr_at_1_diff1": 0.31925,
        "nauc_mrr_at_3_max": 0.37184,
        "nauc_mrr_at_3_std": 0.061582,
        "nauc_mrr_at_3_diff1": 0.232004,
        "nauc_mrr_at_5_max": 0.365628,
        "nauc_mrr_at_5_std": 0.046511,
        "nauc_mrr_at_5_diff1": 0.21694,
        "nauc_mrr_at_10_max": 0.365004,
        "nauc_mrr_at_10_std": 0.059891,
        "nauc_mrr_at_10_diff1": 0.238681,
        "nauc_mrr_at_20_max": 0.367137,
        "nauc_mrr_at_20_std": 0.058198,
        "nauc_mrr_at_20_diff1": 0.234903,
        "nauc_mrr_at_100_max": 0.367721,
        "nauc_mrr_at_100_std": 0.052846,
        "nauc_mrr_at_100_diff1": 0.236264,
        "nauc_mrr_at_1000_max": 0.367721,
        "nauc_mrr_at_1000_std": 0.052846,
        "nauc_mrr_at_1000_diff1": 0.236264,
        "hit_rate_at_1": 0.32,
        "hit_rate_at_3": 0.62,
        "hit_rate_at_5": 0.7,
        "hit_rate_at_10": 0.8,
        "hit_rate_at_20": 0.92,
        "hit_rate_at_100": 1.0,
        "hit_rate_at_1000": 1.0,
        "main_score": 0.32456,
        "hf_subset": "default",
        "languages": [
          "eng-Latn"
        ]
      }
    ]
  },
  "evaluation_time": 7.1442766189575195,
  "kg_co2_emissions": null,
  "date": 1774388931.463634
}