{
  "dataset_revision": "300cb175d1b608cfc3fdb94fd06b3ceb937f9b6a",
  "task_name": "LLMLegalBenchCorporateLobbying",
  "mteb_version": "2.11.6",
  "scores": {
    "test": [
      {
        "ndcg_at_1": 0.87941,
        "ndcg_at_3": 0.94019,
        "ndcg_at_5": 0.94387,
        "ndcg_at_10": 0.94491,
        "ndcg_at_20": 0.94559,
        "ndcg_at_100": 0.94614,
        "ndcg_at_1000": 0.9465,
        "map_at_1": 0.87941,
        "map_at_3": 0.92647,
        "map_at_5": 0.92853,
        "map_at_10": 0.92902,
        "map_at_20": 0.92917,
        "map_at_100": 0.92925,
        "map_at_1000": 0.92926,
        "recall_at_1": 0.87941,
        "recall_at_3": 0.97941,
        "recall_at_5": 0.98824,
        "recall_at_10": 0.99118,
        "recall_at_20": 0.99412,
        "recall_at_100": 0.99706,
        "recall_at_1000": 1.0,
        "accuracy": 0.87941,
        "precision_at_1": 0.87941,
        "precision_at_3": 0.32647,
        "precision_at_5": 0.19765,
        "precision_at_10": 0.09912,
        "precision_at_20": 0.04971,
        "precision_at_100": 0.00997,
        "precision_at_1000": 0.001,
        "mrr_at_1": 0.879412,
        "mrr_at_3": 0.926471,
        "mrr_at_5": 0.928529,
        "mrr_at_10": 0.92902,
        "mrr_at_20": 0.929174,
        "mrr_at_100": 0.929248,
        "mrr_at_1000": 0.929258,
        "nauc_ndcg_at_1_max": 0.426242,
        "nauc_ndcg_at_1_std": -0.196734,
        "nauc_ndcg_at_1_diff1": 0.907235,
        "nauc_ndcg_at_3_max": 0.517309,
        "nauc_ndcg_at_3_std": -0.236011,
        "nauc_ndcg_at_3_diff1": 0.897272,
        "nauc_ndcg_at_5_max": 0.497254,
        "nauc_ndcg_at_5_std": -0.19081,
        "nauc_ndcg_at_5_diff1": 0.896133,
        "nauc_ndcg_at_10_max": 0.490049,
        "nauc_ndcg_at_10_std": -0.191187,
        "nauc_ndcg_at_10_diff1": 0.896653,
        "nauc_ndcg_at_20_max": 0.483551,
        "nauc_ndcg_at_20_std": -0.202825,
        "nauc_ndcg_at_20_diff1": 0.897001,
        "nauc_ndcg_at_100_max": 0.487298,
        "nauc_ndcg_at_100_std": -0.186862,
        "nauc_ndcg_at_100_diff1": 0.900562,
        "nauc_ndcg_at_1000_max": 0.483776,
        "nauc_ndcg_at_1000_std": -0.195015,
        "nauc_ndcg_at_1000_diff1": 0.899879,
        "nauc_map_at_1_max": 0.426242,
        "nauc_map_at_1_std": -0.196734,
        "nauc_map_at_1_diff1": 0.907235,
        "nauc_map_at_3_max": 0.490194,
        "nauc_map_at_3_std": -0.217944,
        "nauc_map_at_3_diff1": 0.900846,
        "nauc_map_at_5_max": 0.480606,
        "nauc_map_at_5_std": -0.197725,
        "nauc_map_at_5_diff1": 0.900403,
        "nauc_map_at_10_max": 0.47787,
        "nauc_map_at_10_std": -0.197911,
        "nauc_map_at_10_diff1": 0.900622,
        "nauc_map_at_20_max": 0.476707,
        "nauc_map_at_20_std": -0.199961,
        "nauc_map_at_20_diff1": 0.900691,
        "nauc_map_at_100_max": 0.477082,
        "nauc_map_at_100_std": -0.198329,
        "nauc_map_at_100_diff1": 0.901059,
        "nauc_map_at_1000_max": 0.477004,
        "nauc_map_at_1000_std": -0.198508,
        "nauc_map_at_1000_diff1": 0.901044,
        "nauc_recall_at_1_max": 0.426242,
        "nauc_recall_at_1_std": -0.196734,
        "nauc_recall_at_1_diff1": 0.907235,
        "nauc_recall_at_3_max": 0.778978,
        "nauc_recall_at_3_std": -0.422569,
        "nauc_recall_at_3_diff1": 0.861611,
        "nauc_recall_at_5_max": 0.748016,
        "nauc_recall_at_5_std": -0.047269,
        "nauc_recall_at_5_diff1": 0.823179,
        "nauc_recall_at_10_max": 0.707594,
        "nauc_recall_at_10_std": -0.005913,
        "nauc_recall_at_10_diff1": 0.807812,
        "nauc_recall_at_20_max": 0.561391,
        "nauc_recall_at_20_std": -0.369981,
        "nauc_recall_at_20_diff1": 0.777077,
        "nauc_recall_at_100_max": 1.0,
        "nauc_recall_at_100_std": 1.0,
        "nauc_recall_at_100_diff1": 1.0,
        "nauc_recall_at_1000_max": NaN,
        "nauc_recall_at_1000_std": NaN,
        "nauc_recall_at_1000_diff1": NaN,
        "nauc_precision_at_1_max": 0.426242,
        "nauc_precision_at_1_std": -0.196734,
        "nauc_precision_at_1_diff1": 0.907235,
        "nauc_precision_at_3_max": 0.778978,
        "nauc_precision_at_3_std": -0.422569,
        "nauc_precision_at_3_diff1": 0.861611,
        "nauc_precision_at_5_max": 0.748016,
        "nauc_precision_at_5_std": -0.047269,
        "nauc_precision_at_5_diff1": 0.823179,
        "nauc_precision_at_10_max": 0.707594,
        "nauc_precision_at_10_std": -0.005913,
        "nauc_precision_at_10_diff1": 0.807812,
        "nauc_precision_at_20_max": 0.561391,
        "nauc_precision_at_20_std": -0.369981,
        "nauc_precision_at_20_diff1": 0.777077,
        "nauc_precision_at_100_max": 1.0,
        "nauc_precision_at_100_std": 1.0,
        "nauc_precision_at_100_diff1": 1.0,
        "nauc_precision_at_1000_max": 1.0,
        "nauc_precision_at_1000_std": 1.0,
        "nauc_precision_at_1000_diff1": 1.0,
        "nauc_mrr_at_1_max": 0.426242,
        "nauc_mrr_at_1_std": -0.196734,
        "nauc_mrr_at_1_diff1": 0.907235,
        "nauc_mrr_at_3_max": 0.490194,
        "nauc_mrr_at_3_std": -0.217944,
        "nauc_mrr_at_3_diff1": 0.900846,
        "nauc_mrr_at_5_max": 0.480606,
        "nauc_mrr_at_5_std": -0.197725,
        "nauc_mrr_at_5_diff1": 0.900403,
        "nauc_mrr_at_10_max": 0.47787,
        "nauc_mrr_at_10_std": -0.197911,
        "nauc_mrr_at_10_diff1": 0.900622,
        "nauc_mrr_at_20_max": 0.476707,
        "nauc_mrr_at_20_std": -0.199961,
        "nauc_mrr_at_20_diff1": 0.900691,
        "nauc_mrr_at_100_max": 0.477082,
        "nauc_mrr_at_100_std": -0.198329,
        "nauc_mrr_at_100_diff1": 0.901059,
        "nauc_mrr_at_1000_max": 0.477004,
        "nauc_mrr_at_1000_std": -0.198508,
        "nauc_mrr_at_1000_diff1": 0.901044,
        "hit_rate_at_1": 0.87941,
        "hit_rate_at_3": 0.97941,
        "hit_rate_at_5": 0.98824,
        "hit_rate_at_10": 0.99118,
        "hit_rate_at_20": 0.99412,
        "hit_rate_at_100": 0.99706,
        "hit_rate_at_1000": 1.0,
        "main_score": 0.94491,
        "hf_subset": "default",
        "languages": [
          "eng-Latn"
        ]
      }
    ]
  },
  "evaluation_time": 4.754887580871582,
  "kg_co2_emissions": null,
  "date": 1774388938.364445
}