{
  "dataset_revision": "d6628df131c3279007b88fe3e057e809dac056af",
  "task_name": "LLMSpartQA",
  "mteb_version": "2.11.6",
  "scores": {
    "test": [
      {
        "ndcg_at_1": 0.175,
        "ndcg_at_3": 0.18555,
        "ndcg_at_5": 0.20106,
        "ndcg_at_10": 0.21694,
        "ndcg_at_20": 0.22909,
        "ndcg_at_100": 0.25678,
        "ndcg_at_1000": 0.30497,
        "map_at_1": 0.12833,
        "map_at_3": 0.16417,
        "map_at_5": 0.17283,
        "map_at_10": 0.17909,
        "map_at_20": 0.18259,
        "map_at_100": 0.18622,
        "map_at_1000": 0.18783,
        "recall_at_1": 0.12833,
        "recall_at_3": 0.20667,
        "recall_at_5": 0.24167,
        "recall_at_10": 0.285,
        "recall_at_20": 0.32667,
        "recall_at_100": 0.45167,
        "recall_at_1000": 0.79167,
        "accuracy": 0.12833,
        "precision_at_1": 0.175,
        "precision_at_3": 0.09333,
        "precision_at_5": 0.065,
        "precision_at_10": 0.0395,
        "precision_at_20": 0.0235,
        "precision_at_100": 0.00715,
        "precision_at_1000": 0.00133,
        "mrr_at_1": 0.175,
        "mrr_at_3": 0.210833,
        "mrr_at_5": 0.220333,
        "mrr_at_10": 0.228677,
        "mrr_at_20": 0.231809,
        "mrr_at_100": 0.236679,
        "mrr_at_1000": 0.23817,
        "nauc_ndcg_at_1_max": 0.498194,
        "nauc_ndcg_at_1_std": 0.592451,
        "nauc_ndcg_at_1_diff1": 0.260388,
        "nauc_ndcg_at_3_max": 0.47152,
        "nauc_ndcg_at_3_std": 0.611559,
        "nauc_ndcg_at_3_diff1": 0.239052,
        "nauc_ndcg_at_5_max": 0.472247,
        "nauc_ndcg_at_5_std": 0.620825,
        "nauc_ndcg_at_5_diff1": 0.223587,
        "nauc_ndcg_at_10_max": 0.458568,
        "nauc_ndcg_at_10_std": 0.602503,
        "nauc_ndcg_at_10_diff1": 0.214845,
        "nauc_ndcg_at_20_max": 0.436172,
        "nauc_ndcg_at_20_std": 0.59726,
        "nauc_ndcg_at_20_diff1": 0.21978,
        "nauc_ndcg_at_100_max": 0.42106,
        "nauc_ndcg_at_100_std": 0.57858,
        "nauc_ndcg_at_100_diff1": 0.196149,
        "nauc_ndcg_at_1000_max": 0.443162,
        "nauc_ndcg_at_1000_std": 0.588644,
        "nauc_ndcg_at_1000_diff1": 0.21667,
        "nauc_map_at_1_max": 0.466537,
        "nauc_map_at_1_std": 0.57458,
        "nauc_map_at_1_diff1": 0.302144,
        "nauc_map_at_3_max": 0.468358,
        "nauc_map_at_3_std": 0.609121,
        "nauc_map_at_3_diff1": 0.249865,
        "nauc_map_at_5_max": 0.468549,
        "nauc_map_at_5_std": 0.61448,
        "nauc_map_at_5_diff1": 0.23985,
        "nauc_map_at_10_max": 0.46319,
        "nauc_map_at_10_std": 0.607452,
        "nauc_map_at_10_diff1": 0.234273,
        "nauc_map_at_20_max": 0.455279,
        "nauc_map_at_20_std": 0.606416,
        "nauc_map_at_20_diff1": 0.235679,
        "nauc_map_at_100_max": 0.45446,
        "nauc_map_at_100_std": 0.603895,
        "nauc_map_at_100_diff1": 0.232162,
        "nauc_map_at_1000_max": 0.45522,
        "nauc_map_at_1000_std": 0.604346,
        "nauc_map_at_1000_diff1": 0.232625,
        "nauc_recall_at_1_max": 0.466537,
        "nauc_recall_at_1_std": 0.57458,
        "nauc_recall_at_1_diff1": 0.302144,
        "nauc_recall_at_3_max": 0.442534,
        "nauc_recall_at_3_std": 0.60098,
        "nauc_recall_at_3_diff1": 0.213247,
        "nauc_recall_at_5_max": 0.441825,
        "nauc_recall_at_5_std": 0.601122,
        "nauc_recall_at_5_diff1": 0.181698,
        "nauc_recall_at_10_max": 0.404692,
        "nauc_recall_at_10_std": 0.552443,
        "nauc_recall_at_10_diff1": 0.162898,
        "nauc_recall_at_20_max": 0.335439,
        "nauc_recall_at_20_std": 0.514536,
        "nauc_recall_at_20_diff1": 0.17725,
        "nauc_recall_at_100_max": 0.244408,
        "nauc_recall_at_100_std": 0.415731,
        "nauc_recall_at_100_diff1": 0.077286,
        "nauc_recall_at_1000_max": 0.157402,
        "nauc_recall_at_1000_std": 0.27031,
        "nauc_recall_at_1000_diff1": 0.179442,
        "nauc_precision_at_1_max": 0.498194,
        "nauc_precision_at_1_std": 0.592451,
        "nauc_precision_at_1_diff1": 0.260388,
        "nauc_precision_at_3_max": 0.480786,
        "nauc_precision_at_3_std": 0.622919,
        "nauc_precision_at_3_diff1": 0.205276,
        "nauc_precision_at_5_max": 0.46376,
        "nauc_precision_at_5_std": 0.636801,
        "nauc_precision_at_5_diff1": 0.171738,
        "nauc_precision_at_10_max": 0.415611,
        "nauc_precision_at_10_std": 0.57095,
        "nauc_precision_at_10_diff1": 0.140253,
        "nauc_precision_at_20_max": 0.308071,
        "nauc_precision_at_20_std": 0.531354,
        "nauc_precision_at_20_diff1": 0.13352,
        "nauc_precision_at_100_max": 0.152741,
        "nauc_precision_at_100_std": 0.351927,
        "nauc_precision_at_100_diff1": 5.5e-05,
        "nauc_precision_at_1000_max": 0.057406,
        "nauc_precision_at_1000_std": -0.07531,
        "nauc_precision_at_1000_diff1": -0.058073,
        "nauc_mrr_at_1_max": 0.498194,
        "nauc_mrr_at_1_std": 0.592451,
        "nauc_mrr_at_1_diff1": 0.260388,
        "nauc_mrr_at_3_max": 0.487507,
        "nauc_mrr_at_3_std": 0.59452,
        "nauc_mrr_at_3_diff1": 0.23603,
        "nauc_mrr_at_5_max": 0.486332,
        "nauc_mrr_at_5_std": 0.605343,
        "nauc_mrr_at_5_diff1": 0.227752,
        "nauc_mrr_at_10_max": 0.480074,
        "nauc_mrr_at_10_std": 0.595142,
        "nauc_mrr_at_10_diff1": 0.22792,
        "nauc_mrr_at_20_max": 0.475422,
        "nauc_mrr_at_20_std": 0.594623,
        "nauc_mrr_at_20_diff1": 0.229906,
        "nauc_mrr_at_100_max": 0.475233,
        "nauc_mrr_at_100_std": 0.590344,
        "nauc_mrr_at_100_diff1": 0.227115,
        "nauc_mrr_at_1000_max": 0.476227,
        "nauc_mrr_at_1000_std": 0.590796,
        "nauc_mrr_at_1000_diff1": 0.227512,
        "hit_rate_at_1": 0.175,
        "hit_rate_at_3": 0.26,
        "hit_rate_at_5": 0.3,
        "hit_rate_at_10": 0.36,
        "hit_rate_at_20": 0.41,
        "hit_rate_at_100": 0.595,
        "hit_rate_at_1000": 0.94,
        "main_score": 0.21694,
        "hf_subset": "default",
        "languages": [
          "eng-Latn"
        ]
      }
    ]
  },
  "evaluation_time": 4.075138092041016,
  "kg_co2_emissions": null,
  "date": 1774388944.679116
}