{
  "dataset_revision": "1c61e95df3d70835785db4d70f17d3a16a7bd4ce",
  "task_name": "LLMTempReasonL1",
  "mteb_version": "2.11.6",
  "scores": {
    "test": [
      {
        "ndcg_at_1": 0.01,
        "ndcg_at_3": 0.015,
        "ndcg_at_5": 0.01887,
        "ndcg_at_10": 0.02202,
        "ndcg_at_20": 0.02967,
        "ndcg_at_100": 0.05931,
        "ndcg_at_1000": 0.12061,
        "map_at_1": 0.01,
        "map_at_3": 0.01333,
        "map_at_5": 0.01533,
        "map_at_10": 0.01658,
        "map_at_20": 0.01871,
        "map_at_100": 0.02287,
        "map_at_1000": 0.02448,
        "recall_at_1": 0.01,
        "recall_at_3": 0.02,
        "recall_at_5": 0.03,
        "recall_at_10": 0.04,
        "recall_at_20": 0.07,
        "recall_at_100": 0.23,
        "recall_at_1000": 0.75,
        "accuracy": 0.01,
        "precision_at_1": 0.01,
        "precision_at_3": 0.00667,
        "precision_at_5": 0.006,
        "precision_at_10": 0.004,
        "precision_at_20": 0.0035,
        "precision_at_100": 0.0023,
        "precision_at_1000": 0.00075,
        "mrr_at_1": 0.01,
        "mrr_at_3": 0.013333,
        "mrr_at_5": 0.015333,
        "mrr_at_10": 0.016583,
        "mrr_at_20": 0.018712,
        "mrr_at_100": 0.022871,
        "mrr_at_1000": 0.024482,
        "nauc_ndcg_at_1_max": -0.415079,
        "nauc_ndcg_at_1_std": -0.070566,
        "nauc_ndcg_at_1_diff1": -0.499598,
        "nauc_ndcg_at_3_max": -0.382882,
        "nauc_ndcg_at_3_std": 0.286289,
        "nauc_ndcg_at_3_diff1": -0.439227,
        "nauc_ndcg_at_5_max": -0.369679,
        "nauc_ndcg_at_5_std": 0.293991,
        "nauc_ndcg_at_5_diff1": -0.213463,
        "nauc_ndcg_at_10_max": -0.362346,
        "nauc_ndcg_at_10_std": 0.206258,
        "nauc_ndcg_at_10_diff1": -0.254449,
        "nauc_ndcg_at_20_max": -0.294795,
        "nauc_ndcg_at_20_std": 0.216384,
        "nauc_ndcg_at_20_diff1": -0.248363,
        "nauc_ndcg_at_100_max": -0.084167,
        "nauc_ndcg_at_100_std": 0.364548,
        "nauc_ndcg_at_100_diff1": -0.038558,
        "nauc_ndcg_at_1000_max": -0.056326,
        "nauc_ndcg_at_1000_std": 0.363545,
        "nauc_ndcg_at_1000_diff1": -0.026897,
        "nauc_map_at_1_max": -0.415079,
        "nauc_map_at_1_std": -0.070566,
        "nauc_map_at_1_diff1": -0.499598,
        "nauc_map_at_3_max": -0.390931,
        "nauc_map_at_3_std": 0.197075,
        "nauc_map_at_3_diff1": -0.45432,
        "nauc_map_at_5_max": -0.381482,
        "nauc_map_at_5_std": 0.213612,
        "nauc_map_at_5_diff1": -0.308722,
        "nauc_map_at_10_max": -0.376733,
        "nauc_map_at_10_std": 0.173504,
        "nauc_map_at_10_diff1": -0.32311,
        "nauc_map_at_20_max": -0.345993,
        "nauc_map_at_20_std": 0.175776,
        "nauc_map_at_20_diff1": -0.311543,
        "nauc_map_at_100_max": -0.289698,
        "nauc_map_at_100_std": 0.219526,
        "nauc_map_at_100_diff1": -0.226173,
        "nauc_map_at_1000_max": -0.285842,
        "nauc_map_at_1000_std": 0.218662,
        "nauc_map_at_1000_diff1": -0.224674,
        "nauc_recall_at_1_max": -0.415079,
        "nauc_recall_at_1_std": -0.070566,
        "nauc_recall_at_1_diff1": -0.499598,
        "nauc_recall_at_3_max": -0.366783,
        "nauc_recall_at_3_std": 0.464717,
        "nauc_recall_at_3_diff1": -0.409042,
        "nauc_recall_at_5_max": -0.350684,
        "nauc_recall_at_5_std": 0.417762,
        "nauc_recall_at_5_diff1": -0.052053,
        "nauc_recall_at_10_max": -0.342635,
        "nauc_recall_at_10_std": 0.2337,
        "nauc_recall_at_10_diff1": -0.163939,
        "nauc_recall_at_20_max": -0.237303,
        "nauc_recall_at_20_std": 0.251294,
        "nauc_recall_at_20_diff1": -0.194756,
        "nauc_recall_at_100_max": 0.082015,
        "nauc_recall_at_100_std": 0.475832,
        "nauc_recall_at_100_diff1": 0.080276,
        "nauc_recall_at_1000_max": 0.217289,
        "nauc_recall_at_1000_std": 0.530319,
        "nauc_recall_at_1000_diff1": 0.15326,
        "nauc_precision_at_1_max": -0.415079,
        "nauc_precision_at_1_std": -0.070566,
        "nauc_precision_at_1_diff1": -0.499598,
        "nauc_precision_at_3_max": -0.366783,
        "nauc_precision_at_3_std": 0.464717,
        "nauc_precision_at_3_diff1": -0.409042,
        "nauc_precision_at_5_max": -0.350684,
        "nauc_precision_at_5_std": 0.417762,
        "nauc_precision_at_5_diff1": -0.052053,
        "nauc_precision_at_10_max": -0.342635,
        "nauc_precision_at_10_std": 0.2337,
        "nauc_precision_at_10_diff1": -0.163939,
        "nauc_precision_at_20_max": -0.237303,
        "nauc_precision_at_20_std": 0.251294,
        "nauc_precision_at_20_diff1": -0.194756,
        "nauc_precision_at_100_max": 0.082015,
        "nauc_precision_at_100_std": 0.475832,
        "nauc_precision_at_100_diff1": 0.080276,
        "nauc_precision_at_1000_max": 0.217289,
        "nauc_precision_at_1000_std": 0.530319,
        "nauc_precision_at_1000_diff1": 0.15326,
        "nauc_mrr_at_1_max": -0.415079,
        "nauc_mrr_at_1_std": -0.070566,
        "nauc_mrr_at_1_diff1": -0.499598,
        "nauc_mrr_at_3_max": -0.390931,
        "nauc_mrr_at_3_std": 0.197075,
        "nauc_mrr_at_3_diff1": -0.45432,
        "nauc_mrr_at_5_max": -0.381482,
        "nauc_mrr_at_5_std": 0.213612,
        "nauc_mrr_at_5_diff1": -0.308722,
        "nauc_mrr_at_10_max": -0.376733,
        "nauc_mrr_at_10_std": 0.173504,
        "nauc_mrr_at_10_diff1": -0.32311,
        "nauc_mrr_at_20_max": -0.345993,
        "nauc_mrr_at_20_std": 0.175776,
        "nauc_mrr_at_20_diff1": -0.311543,
        "nauc_mrr_at_100_max": -0.289698,
        "nauc_mrr_at_100_std": 0.219526,
        "nauc_mrr_at_100_diff1": -0.226173,
        "nauc_mrr_at_1000_max": -0.285842,
        "nauc_mrr_at_1000_std": 0.218662,
        "nauc_mrr_at_1000_diff1": -0.224674,
        "hit_rate_at_1": 0.01,
        "hit_rate_at_3": 0.02,
        "hit_rate_at_5": 0.03,
        "hit_rate_at_10": 0.04,
        "hit_rate_at_20": 0.07,
        "hit_rate_at_100": 0.23,
        "hit_rate_at_1000": 0.75,
        "main_score": 0.02202,
        "hf_subset": "default",
        "languages": [
          "eng-Latn"
        ]
      }
    ]
  },
  "evaluation_time": 30.830005884170532,
  "kg_co2_emissions": null,
  "date": 1774388922.273739
}