{
  "dataset_revision": "31f9b918c30ef94e15a168cb95ca4ebf291396eb",
  "task_name": "LLMTwitterHjerneRetrieval",
  "mteb_version": "2.11.6",
  "scores": {
    "train": [
      {
        "ndcg_at_1": 0.62338,
        "ndcg_at_3": 0.57501,
        "ndcg_at_5": 0.59706,
        "ndcg_at_10": 0.63649,
        "ndcg_at_20": 0.66927,
        "ndcg_at_100": 0.71536,
        "ndcg_at_1000": 0.72397,
        "map_at_1": 0.18961,
        "map_at_3": 0.40451,
        "map_at_5": 0.4875,
        "map_at_10": 0.52511,
        "map_at_20": 0.54308,
        "map_at_100": 0.55495,
        "map_at_1000": 0.55597,
        "recall_at_1": 0.18961,
        "recall_at_3": 0.47403,
        "recall_at_5": 0.60996,
        "recall_at_10": 0.6961,
        "recall_at_20": 0.78182,
        "recall_at_100": 0.95823,
        "recall_at_1000": 1.0,
        "accuracy": 0.18961,
        "precision_at_1": 0.62338,
        "precision_at_3": 0.51515,
        "precision_at_5": 0.40779,
        "precision_at_10": 0.23896,
        "precision_at_20": 0.13506,
        "precision_at_100": 0.0326,
        "precision_at_1000": 0.0034,
        "mrr_at_1": 0.623377,
        "mrr_at_3": 0.742424,
        "mrr_at_5": 0.752165,
        "mrr_at_10": 0.753788,
        "mrr_at_20": 0.754969,
        "mrr_at_100": 0.756512,
        "mrr_at_1000": 0.756512,
        "nauc_ndcg_at_1_max": 0.636304,
        "nauc_ndcg_at_1_std": 0.239371,
        "nauc_ndcg_at_1_diff1": 0.343921,
        "nauc_ndcg_at_3_max": 0.647046,
        "nauc_ndcg_at_3_std": 0.208285,
        "nauc_ndcg_at_3_diff1": 0.339472,
        "nauc_ndcg_at_5_max": 0.641715,
        "nauc_ndcg_at_5_std": 0.162935,
        "nauc_ndcg_at_5_diff1": 0.287265,
        "nauc_ndcg_at_10_max": 0.6735,
        "nauc_ndcg_at_10_std": 0.201759,
        "nauc_ndcg_at_10_diff1": 0.266472,
        "nauc_ndcg_at_20_max": 0.66454,
        "nauc_ndcg_at_20_std": 0.210888,
        "nauc_ndcg_at_20_diff1": 0.251333,
        "nauc_ndcg_at_100_max": 0.673458,
        "nauc_ndcg_at_100_std": 0.211332,
        "nauc_ndcg_at_100_diff1": 0.292376,
        "nauc_ndcg_at_1000_max": 0.676363,
        "nauc_ndcg_at_1000_std": 0.223051,
        "nauc_ndcg_at_1000_diff1": 0.292593,
        "nauc_map_at_1_max": 0.335285,
        "nauc_map_at_1_std": 0.092656,
        "nauc_map_at_1_diff1": 0.258301,
        "nauc_map_at_3_max": 0.498466,
        "nauc_map_at_3_std": 0.111667,
        "nauc_map_at_3_diff1": 0.306908,
        "nauc_map_at_5_max": 0.615423,
        "nauc_map_at_5_std": 0.147126,
        "nauc_map_at_5_diff1": 0.278429,
        "nauc_map_at_10_max": 0.657299,
        "nauc_map_at_10_std": 0.177761,
        "nauc_map_at_10_diff1": 0.275606,
        "nauc_map_at_20_max": 0.660323,
        "nauc_map_at_20_std": 0.180398,
        "nauc_map_at_20_diff1": 0.273525,
        "nauc_map_at_100_max": 0.663359,
        "nauc_map_at_100_std": 0.181507,
        "nauc_map_at_100_diff1": 0.282932,
        "nauc_map_at_1000_max": 0.663464,
        "nauc_map_at_1000_std": 0.182634,
        "nauc_map_at_1000_diff1": 0.282554,
        "nauc_recall_at_1_max": 0.335285,
        "nauc_recall_at_1_std": 0.092656,
        "nauc_recall_at_1_diff1": 0.258301,
        "nauc_recall_at_3_max": 0.389235,
        "nauc_recall_at_3_std": 0.069445,
        "nauc_recall_at_3_diff1": 0.25721,
        "nauc_recall_at_5_max": 0.518857,
        "nauc_recall_at_5_std": 0.084761,
        "nauc_recall_at_5_diff1": 0.190759,
        "nauc_recall_at_10_max": 0.583012,
        "nauc_recall_at_10_std": 0.167469,
        "nauc_recall_at_10_diff1": 0.13379,
        "nauc_recall_at_20_max": 0.529283,
        "nauc_recall_at_20_std": 0.171377,
        "nauc_recall_at_20_diff1": 0.061379,
        "nauc_recall_at_100_max": 0.368333,
        "nauc_recall_at_100_std": -0.052006,
        "nauc_recall_at_100_diff1": 0.116426,
        "nauc_recall_at_1000_max": NaN,
        "nauc_recall_at_1000_std": NaN,
        "nauc_recall_at_1000_diff1": NaN,
        "nauc_precision_at_1_max": 0.636304,
        "nauc_precision_at_1_std": 0.239371,
        "nauc_precision_at_1_diff1": 0.343921,
        "nauc_precision_at_3_max": 0.634914,
        "nauc_precision_at_3_std": 0.215822,
        "nauc_precision_at_3_diff1": 0.275565,
        "nauc_precision_at_5_max": 0.689304,
        "nauc_precision_at_5_std": 0.227215,
        "nauc_precision_at_5_diff1": 0.18106,
        "nauc_precision_at_10_max": 0.632178,
        "nauc_precision_at_10_std": 0.245573,
        "nauc_precision_at_10_diff1": 0.131729,
        "nauc_precision_at_20_max": 0.531383,
        "nauc_precision_at_20_std": 0.245968,
        "nauc_precision_at_20_diff1": 0.066253,
        "nauc_precision_at_100_max": 0.341701,
        "nauc_precision_at_100_std": 0.214568,
        "nauc_precision_at_100_diff1": 0.048006,
        "nauc_precision_at_1000_max": 0.290789,
        "nauc_precision_at_1000_std": 0.248191,
        "nauc_precision_at_1000_diff1": 0.002927,
        "nauc_mrr_at_1_max": 0.636304,
        "nauc_mrr_at_1_std": 0.239371,
        "nauc_mrr_at_1_diff1": 0.343921,
        "nauc_mrr_at_3_max": 0.655741,
        "nauc_mrr_at_3_std": 0.284628,
        "nauc_mrr_at_3_diff1": 0.356043,
        "nauc_mrr_at_5_max": 0.651609,
        "nauc_mrr_at_5_std": 0.274229,
        "nauc_mrr_at_5_diff1": 0.341579,
        "nauc_mrr_at_10_max": 0.648872,
        "nauc_mrr_at_10_std": 0.269559,
        "nauc_mrr_at_10_diff1": 0.338585,
        "nauc_mrr_at_20_max": 0.647609,
        "nauc_mrr_at_20_std": 0.274328,
        "nauc_mrr_at_20_diff1": 0.339809,
        "nauc_mrr_at_100_max": 0.647924,
        "nauc_mrr_at_100_std": 0.273201,
        "nauc_mrr_at_100_diff1": 0.343002,
        "nauc_mrr_at_1000_max": 0.647924,
        "nauc_mrr_at_1000_std": 0.273201,
        "nauc_mrr_at_1000_diff1": 0.343002,
        "hit_rate_at_1": 0.62338,
        "hit_rate_at_3": 0.88312,
        "hit_rate_at_5": 0.92208,
        "hit_rate_at_10": 0.93506,
        "hit_rate_at_20": 0.94805,
        "hit_rate_at_100": 1.0,
        "hit_rate_at_1000": 1.0,
        "main_score": 0.63649,
        "hf_subset": "default",
        "languages": [
          "dan-Latn"
        ]
      }
    ]
  },
  "evaluation_time": 1.0786983966827393,
  "kg_co2_emissions": null,
  "date": 1774388947.709821
}