{
  "dataset_revision": "bc2a1e4c24771a6f3432578016cfb737732398fd",
  "task_name": "LLMWinoGrande",
  "mteb_version": "2.11.6",
  "scores": {
    "test": [
      {
        "ndcg_at_1": 0.295,
        "ndcg_at_3": 0.3744,
        "ndcg_at_5": 0.39893,
        "ndcg_at_10": 0.43117,
        "ndcg_at_20": 0.44272,
        "ndcg_at_100": 0.46168,
        "ndcg_at_1000": 0.48756,
        "map_at_1": 0.295,
        "map_at_3": 0.35667,
        "map_at_5": 0.37017,
        "map_at_10": 0.3834,
        "map_at_20": 0.38667,
        "map_at_100": 0.38947,
        "map_at_1000": 0.39031,
        "recall_at_1": 0.295,
        "recall_at_3": 0.425,
        "recall_at_5": 0.485,
        "recall_at_10": 0.585,
        "recall_at_20": 0.63,
        "recall_at_100": 0.73,
        "recall_at_1000": 0.94,
        "accuracy": 0.295,
        "precision_at_1": 0.295,
        "precision_at_3": 0.14167,
        "precision_at_5": 0.097,
        "precision_at_10": 0.0585,
        "precision_at_20": 0.0315,
        "precision_at_100": 0.0073,
        "precision_at_1000": 0.00094,
        "mrr_at_1": 0.295,
        "mrr_at_3": 0.356667,
        "mrr_at_5": 0.370167,
        "mrr_at_10": 0.383403,
        "mrr_at_20": 0.386669,
        "mrr_at_100": 0.389467,
        "mrr_at_1000": 0.390306,
        "nauc_ndcg_at_1_max": 0.106046,
        "nauc_ndcg_at_1_std": -0.07199,
        "nauc_ndcg_at_1_diff1": 0.359648,
        "nauc_ndcg_at_3_max": 0.072294,
        "nauc_ndcg_at_3_std": -0.114294,
        "nauc_ndcg_at_3_diff1": 0.253951,
        "nauc_ndcg_at_5_max": 0.064646,
        "nauc_ndcg_at_5_std": -0.111799,
        "nauc_ndcg_at_5_diff1": 0.260472,
        "nauc_ndcg_at_10_max": 0.046781,
        "nauc_ndcg_at_10_std": -0.118275,
        "nauc_ndcg_at_10_diff1": 0.280592,
        "nauc_ndcg_at_20_max": 0.029688,
        "nauc_ndcg_at_20_std": -0.133304,
        "nauc_ndcg_at_20_diff1": 0.306276,
        "nauc_ndcg_at_100_max": 0.007899,
        "nauc_ndcg_at_100_std": -0.163193,
        "nauc_ndcg_at_100_diff1": 0.326623,
        "nauc_ndcg_at_1000_max": 0.027212,
        "nauc_ndcg_at_1000_std": -0.144532,
        "nauc_ndcg_at_1000_diff1": 0.313843,
        "nauc_map_at_1_max": 0.106046,
        "nauc_map_at_1_std": -0.07199,
        "nauc_map_at_1_diff1": 0.359648,
        "nauc_map_at_3_max": 0.079345,
        "nauc_map_at_3_std": -0.107375,
        "nauc_map_at_3_diff1": 0.277401,
        "nauc_map_at_5_max": 0.074629,
        "nauc_map_at_5_std": -0.106139,
        "nauc_map_at_5_diff1": 0.280612,
        "nauc_map_at_10_max": 0.068323,
        "nauc_map_at_10_std": -0.107804,
        "nauc_map_at_10_diff1": 0.288604,
        "nauc_map_at_20_max": 0.063682,
        "nauc_map_at_20_std": -0.111752,
        "nauc_map_at_20_diff1": 0.29547,
        "nauc_map_at_100_max": 0.060194,
        "nauc_map_at_100_std": -0.116313,
        "nauc_map_at_100_diff1": 0.298823,
        "nauc_map_at_1000_max": 0.060675,
        "nauc_map_at_1000_std": -0.115949,
        "nauc_map_at_1000_diff1": 0.298504,
        "nauc_recall_at_1_max": 0.106046,
        "nauc_recall_at_1_std": -0.07199,
        "nauc_recall_at_1_diff1": 0.359648,
        "nauc_recall_at_3_max": 0.052757,
        "nauc_recall_at_3_std": -0.132591,
        "nauc_recall_at_3_diff1": 0.188354,
        "nauc_recall_at_5_max": 0.035907,
        "nauc_recall_at_5_std": -0.126185,
        "nauc_recall_at_5_diff1": 0.204912,
        "nauc_recall_at_10_max": -0.030461,
        "nauc_recall_at_10_std": -0.154004,
        "nauc_recall_at_10_diff1": 0.267873,
        "nauc_recall_at_20_max": -0.110633,
        "nauc_recall_at_20_std": -0.22382,
        "nauc_recall_at_20_diff1": 0.381399,
        "nauc_recall_at_100_max": -0.2917,
        "nauc_recall_at_100_std": -0.452329,
        "nauc_recall_at_100_diff1": 0.535601,
        "nauc_recall_at_1000_max": -0.338002,
        "nauc_recall_at_1000_std": -0.460434,
        "nauc_recall_at_1000_diff1": 0.605781,
        "nauc_precision_at_1_max": 0.106046,
        "nauc_precision_at_1_std": -0.07199,
        "nauc_precision_at_1_diff1": 0.359648,
        "nauc_precision_at_3_max": 0.052757,
        "nauc_precision_at_3_std": -0.132591,
        "nauc_precision_at_3_diff1": 0.188354,
        "nauc_precision_at_5_max": 0.035907,
        "nauc_precision_at_5_std": -0.126185,
        "nauc_precision_at_5_diff1": 0.204912,
        "nauc_precision_at_10_max": -0.030461,
        "nauc_precision_at_10_std": -0.154004,
        "nauc_precision_at_10_diff1": 0.267873,
        "nauc_precision_at_20_max": -0.110633,
        "nauc_precision_at_20_std": -0.22382,
        "nauc_precision_at_20_diff1": 0.381399,
        "nauc_precision_at_100_max": -0.2917,
        "nauc_precision_at_100_std": -0.452329,
        "nauc_precision_at_100_diff1": 0.535601,
        "nauc_precision_at_1000_max": -0.338002,
        "nauc_precision_at_1000_std": -0.460434,
        "nauc_precision_at_1000_diff1": 0.605781,
        "nauc_mrr_at_1_max": 0.106046,
        "nauc_mrr_at_1_std": -0.07199,
        "nauc_mrr_at_1_diff1": 0.359648,
        "nauc_mrr_at_3_max": 0.079345,
        "nauc_mrr_at_3_std": -0.107375,
        "nauc_mrr_at_3_diff1": 0.277401,
        "nauc_mrr_at_5_max": 0.074629,
        "nauc_mrr_at_5_std": -0.106139,
        "nauc_mrr_at_5_diff1": 0.280612,
        "nauc_mrr_at_10_max": 0.068323,
        "nauc_mrr_at_10_std": -0.107804,
        "nauc_mrr_at_10_diff1": 0.288604,
        "nauc_mrr_at_20_max": 0.063682,
        "nauc_mrr_at_20_std": -0.111752,
        "nauc_mrr_at_20_diff1": 0.29547,
        "nauc_mrr_at_100_max": 0.060194,
        "nauc_mrr_at_100_std": -0.116313,
        "nauc_mrr_at_100_diff1": 0.298823,
        "nauc_mrr_at_1000_max": 0.060675,
        "nauc_mrr_at_1000_std": -0.115949,
        "nauc_mrr_at_1000_diff1": 0.298504,
        "hit_rate_at_1": 0.295,
        "hit_rate_at_3": 0.425,
        "hit_rate_at_5": 0.485,
        "hit_rate_at_10": 0.585,
        "hit_rate_at_20": 0.63,
        "hit_rate_at_100": 0.73,
        "hit_rate_at_1000": 0.94,
        "main_score": 0.43117,
        "hf_subset": "default",
        "languages": [
          "eng-Latn"
        ]
      }
    ]
  },
  "evaluation_time": 8.678337574005127,
  "kg_co2_emissions": null,
  "date": 1774388958.589723
}