{
  "dataset_revision": "a2acf12d293ea934823ca26752a05c5bfab24dff",
  "task_name": "LLMAILAStatutes",
  "mteb_version": "2.11.6",
  "scores": {
    "test": [
      {
        "ndcg_at_1": 0.82,
        "ndcg_at_3": 0.62472,
        "ndcg_at_5": 0.61666,
        "ndcg_at_10": 0.72768,
        "ndcg_at_20": 0.78222,
        "ndcg_at_100": 0.80565,
        "ndcg_at_1000": 0.80565,
        "map_at_1": 0.20233,
        "map_at_3": 0.365,
        "map_at_5": 0.483,
        "map_at_10": 0.57957,
        "map_at_20": 0.61681,
        "map_at_100": 0.62653,
        "map_at_1000": 0.62653,
        "recall_at_1": 0.20233,
        "recall_at_3": 0.39,
        "recall_at_5": 0.58,
        "recall_at_10": 0.798,
        "recall_at_20": 0.927,
        "recall_at_100": 1.0,
        "recall_at_1000": 1.0,
        "accuracy": 0.20233,
        "precision_at_1": 0.82,
        "precision_at_3": 0.56,
        "precision_at_5": 0.5,
        "precision_at_10": 0.344,
        "precision_at_20": 0.201,
        "precision_at_100": 0.0434,
        "precision_at_1000": 0.00434,
        "mrr_at_1": 0.82,
        "mrr_at_3": 0.873333,
        "mrr_at_5": 0.882333,
        "mrr_at_10": 0.884333,
        "mrr_at_20": 0.884333,
        "mrr_at_100": 0.884333,
        "mrr_at_1000": 0.884333,
        "nauc_ndcg_at_1_max": 0.605188,
        "nauc_ndcg_at_1_std": -0.366836,
        "nauc_ndcg_at_1_diff1": 0.680912,
        "nauc_ndcg_at_3_max": 0.272166,
        "nauc_ndcg_at_3_std": -0.018957,
        "nauc_ndcg_at_3_diff1": 0.172629,
        "nauc_ndcg_at_5_max": 0.43549,
        "nauc_ndcg_at_5_std": 0.05555,
        "nauc_ndcg_at_5_diff1": 0.20557,
        "nauc_ndcg_at_10_max": 0.39726,
        "nauc_ndcg_at_10_std": 0.023897,
        "nauc_ndcg_at_10_diff1": 0.142676,
        "nauc_ndcg_at_20_max": 0.448381,
        "nauc_ndcg_at_20_std": 0.075022,
        "nauc_ndcg_at_20_diff1": 0.213239,
        "nauc_ndcg_at_100_max": 0.43028,
        "nauc_ndcg_at_100_std": 0.015823,
        "nauc_ndcg_at_100_diff1": 0.230485,
        "nauc_ndcg_at_1000_max": 0.43028,
        "nauc_ndcg_at_1000_std": 0.015823,
        "nauc_ndcg_at_1000_diff1": 0.230485,
        "nauc_map_at_1_max": 0.411649,
        "nauc_map_at_1_std": -0.256942,
        "nauc_map_at_1_diff1": 0.395218,
        "nauc_map_at_3_max": 0.328475,
        "nauc_map_at_3_std": -0.015903,
        "nauc_map_at_3_diff1": 0.208147,
        "nauc_map_at_5_max": 0.412054,
        "nauc_map_at_5_std": 0.075275,
        "nauc_map_at_5_diff1": 0.1847,
        "nauc_map_at_10_max": 0.388296,
        "nauc_map_at_10_std": 0.075626,
        "nauc_map_at_10_diff1": 0.127948,
        "nauc_map_at_20_max": 0.41688,
        "nauc_map_at_20_std": 0.104534,
        "nauc_map_at_20_diff1": 0.161827,
        "nauc_map_at_100_max": 0.406098,
        "nauc_map_at_100_std": 0.087205,
        "nauc_map_at_100_diff1": 0.15784,
        "nauc_map_at_1000_max": 0.406098,
        "nauc_map_at_1000_std": 0.087205,
        "nauc_map_at_1000_diff1": 0.15784,
        "nauc_recall_at_1_max": 0.411649,
        "nauc_recall_at_1_std": -0.256942,
        "nauc_recall_at_1_diff1": 0.395218,
        "nauc_recall_at_3_max": 0.277519,
        "nauc_recall_at_3_std": 0.012863,
        "nauc_recall_at_3_diff1": 0.147638,
        "nauc_recall_at_5_max": 0.423832,
        "nauc_recall_at_5_std": 0.131935,
        "nauc_recall_at_5_diff1": 0.118406,
        "nauc_recall_at_10_max": 0.275313,
        "nauc_recall_at_10_std": 0.046256,
        "nauc_recall_at_10_diff1": -0.033451,
        "nauc_recall_at_20_max": 0.441009,
        "nauc_recall_at_20_std": 0.309554,
        "nauc_recall_at_20_diff1": 0.063346,
        "nauc_recall_at_100_max": NaN,
        "nauc_recall_at_100_std": NaN,
        "nauc_recall_at_100_diff1": NaN,
        "nauc_recall_at_1000_max": NaN,
        "nauc_recall_at_1000_std": NaN,
        "nauc_recall_at_1000_diff1": NaN,
        "nauc_precision_at_1_max": 0.605188,
        "nauc_precision_at_1_std": -0.366836,
        "nauc_precision_at_1_diff1": 0.680912,
        "nauc_precision_at_3_max": 0.170248,
        "nauc_precision_at_3_std": 0.058021,
        "nauc_precision_at_3_diff1": 0.063022,
        "nauc_precision_at_5_max": 0.237896,
        "nauc_precision_at_5_std": 0.184346,
        "nauc_precision_at_5_diff1": 0.013345,
        "nauc_precision_at_10_max": 0.063406,
        "nauc_precision_at_10_std": 0.126449,
        "nauc_precision_at_10_diff1": -0.149775,
        "nauc_precision_at_20_max": -0.017437,
        "nauc_precision_at_20_std": 0.210948,
        "nauc_precision_at_20_diff1": -0.132118,
        "nauc_precision_at_100_max": -0.296573,
        "nauc_precision_at_100_std": 0.095461,
        "nauc_precision_at_100_diff1": -0.235268,
        "nauc_precision_at_1000_max": -0.296573,
        "nauc_precision_at_1000_std": 0.095461,
        "nauc_precision_at_1000_diff1": -0.235268,
        "nauc_mrr_at_1_max": 0.605188,
        "nauc_mrr_at_1_std": -0.366836,
        "nauc_mrr_at_1_diff1": 0.680912,
        "nauc_mrr_at_3_max": 0.618804,
        "nauc_mrr_at_3_std": -0.291776,
        "nauc_mrr_at_3_diff1": 0.664398,
        "nauc_mrr_at_5_max": 0.603987,
        "nauc_mrr_at_5_std": -0.2977,
        "nauc_mrr_at_5_diff1": 0.642186,
        "nauc_mrr_at_10_max": 0.604889,
        "nauc_mrr_at_10_std": -0.305315,
        "nauc_mrr_at_10_diff1": 0.651592,
        "nauc_mrr_at_20_max": 0.604889,
        "nauc_mrr_at_20_std": -0.305315,
        "nauc_mrr_at_20_diff1": 0.651592,
        "nauc_mrr_at_100_max": 0.604889,
        "nauc_mrr_at_100_std": -0.305315,
        "nauc_mrr_at_100_diff1": 0.651592,
        "nauc_mrr_at_1000_max": 0.604889,
        "nauc_mrr_at_1000_std": -0.305315,
        "nauc_mrr_at_1000_diff1": 0.651592,
        "hit_rate_at_1": 0.82,
        "hit_rate_at_3": 0.94,
        "hit_rate_at_5": 0.98,
        "hit_rate_at_10": 1.0,
        "hit_rate_at_20": 1.0,
        "hit_rate_at_100": 1.0,
        "hit_rate_at_1000": 1.0,
        "main_score": 0.72768,
        "hf_subset": "default",
        "languages": [
          "eng-Latn"
        ]
      }
    ]
  },
  "evaluation_time": 1.9847922325134277,
  "kg_co2_emissions": null,
  "date": 1774368411.344498
}