{
  "dataset_revision": "300cb175d1b608cfc3fdb94fd06b3ceb937f9b6a",
  "task_name": "LLMLegalBenchCorporateLobbying",
  "mteb_version": "2.11.6",
  "scores": {
    "test": [
      {
        "ndcg_at_1": 0.87353,
        "ndcg_at_3": 0.93207,
        "ndcg_at_5": 0.93561,
        "ndcg_at_10": 0.9365,
        "ndcg_at_20": 0.93871,
        "ndcg_at_100": 0.93976,
        "ndcg_at_1000": 0.94012,
        "map_at_1": 0.87353,
        "map_at_3": 0.91863,
        "map_at_5": 0.92054,
        "map_at_10": 0.92087,
        "map_at_20": 0.92146,
        "map_at_100": 0.92159,
        "map_at_1000": 0.9216,
        "recall_at_1": 0.87353,
        "recall_at_3": 0.97059,
        "recall_at_5": 0.97941,
        "recall_at_10": 0.98235,
        "recall_at_20": 0.99118,
        "recall_at_100": 0.99706,
        "recall_at_1000": 1.0,
        "accuracy": 0.87353,
        "precision_at_1": 0.87353,
        "precision_at_3": 0.32353,
        "precision_at_5": 0.19588,
        "precision_at_10": 0.09824,
        "precision_at_20": 0.04956,
        "precision_at_100": 0.00997,
        "precision_at_1000": 0.001,
        "mrr_at_1": 0.873529,
        "mrr_at_3": 0.918627,
        "mrr_at_5": 0.920539,
        "mrr_at_10": 0.920866,
        "mrr_at_20": 0.92146,
        "mrr_at_100": 0.921588,
        "mrr_at_1000": 0.921597,
        "nauc_ndcg_at_1_max": 0.409372,
        "nauc_ndcg_at_1_std": -0.101913,
        "nauc_ndcg_at_1_diff1": 0.90724,
        "nauc_ndcg_at_3_max": 0.558148,
        "nauc_ndcg_at_3_std": 0.054466,
        "nauc_ndcg_at_3_diff1": 0.892612,
        "nauc_ndcg_at_5_max": 0.538327,
        "nauc_ndcg_at_5_std": 0.044823,
        "nauc_ndcg_at_5_diff1": 0.888941,
        "nauc_ndcg_at_10_max": 0.531758,
        "nauc_ndcg_at_10_std": 0.031232,
        "nauc_ndcg_at_10_diff1": 0.891313,
        "nauc_ndcg_at_20_max": 0.51607,
        "nauc_ndcg_at_20_std": -0.002902,
        "nauc_ndcg_at_20_diff1": 0.895652,
        "nauc_ndcg_at_100_max": 0.512695,
        "nauc_ndcg_at_100_std": 0.001656,
        "nauc_ndcg_at_100_diff1": 0.895051,
        "nauc_ndcg_at_1000_max": 0.509756,
        "nauc_ndcg_at_1000_std": -0.004365,
        "nauc_ndcg_at_1000_diff1": 0.895206,
        "nauc_map_at_1_max": 0.409372,
        "nauc_map_at_1_std": -0.101913,
        "nauc_map_at_1_diff1": 0.90724,
        "nauc_map_at_3_max": 0.513321,
        "nauc_map_at_3_std": -0.000388,
        "nauc_map_at_3_diff1": 0.896455,
        "nauc_map_at_5_max": 0.503577,
        "nauc_map_at_5_std": -0.006099,
        "nauc_map_at_5_diff1": 0.894897,
        "nauc_map_at_10_max": 0.501482,
        "nauc_map_at_10_std": -0.010347,
        "nauc_map_at_10_diff1": 0.895626,
        "nauc_map_at_20_max": 0.49794,
        "nauc_map_at_20_std": -0.017846,
        "nauc_map_at_20_diff1": 0.896534,
        "nauc_map_at_100_max": 0.49747,
        "nauc_map_at_100_std": -0.017975,
        "nauc_map_at_100_diff1": 0.896505,
        "nauc_map_at_1000_max": 0.497409,
        "nauc_map_at_1000_std": -0.018098,
        "nauc_map_at_1000_diff1": 0.896508,
        "nauc_recall_at_1_max": 0.409372,
        "nauc_recall_at_1_std": -0.101913,
        "nauc_recall_at_1_diff1": 0.90724,
        "nauc_recall_at_3_max": 0.896592,
        "nauc_recall_at_3_std": 0.479318,
        "nauc_recall_at_3_diff1": 0.864379,
        "nauc_recall_at_5_max": 0.889623,
        "nauc_recall_at_5_std": 0.589903,
        "nauc_recall_at_5_diff1": 0.82493,
        "nauc_recall_at_10_max": 0.871226,
        "nauc_recall_at_10_std": 0.521553,
        "nauc_recall_at_10_diff1": 0.842048,
        "nauc_recall_at_20_max": 0.786026,
        "nauc_recall_at_20_std": 0.086679,
        "nauc_recall_at_20_diff1": 0.912854,
        "nauc_recall_at_100_max": 1.0,
        "nauc_recall_at_100_std": 1.0,
        "nauc_recall_at_100_diff1": 0.869281,
        "nauc_recall_at_1000_max": NaN,
        "nauc_recall_at_1000_std": NaN,
        "nauc_recall_at_1000_diff1": NaN,
        "nauc_precision_at_1_max": 0.409372,
        "nauc_precision_at_1_std": -0.101913,
        "nauc_precision_at_1_diff1": 0.90724,
        "nauc_precision_at_3_max": 0.896592,
        "nauc_precision_at_3_std": 0.479318,
        "nauc_precision_at_3_diff1": 0.864379,
        "nauc_precision_at_5_max": 0.889623,
        "nauc_precision_at_5_std": 0.589903,
        "nauc_precision_at_5_diff1": 0.82493,
        "nauc_precision_at_10_max": 0.871226,
        "nauc_precision_at_10_std": 0.521553,
        "nauc_precision_at_10_diff1": 0.842048,
        "nauc_precision_at_20_max": 0.786026,
        "nauc_precision_at_20_std": 0.086679,
        "nauc_precision_at_20_diff1": 0.912854,
        "nauc_precision_at_100_max": 1.0,
        "nauc_precision_at_100_std": 1.0,
        "nauc_precision_at_100_diff1": 0.869281,
        "nauc_precision_at_1000_max": 1.0,
        "nauc_precision_at_1000_std": 1.0,
        "nauc_precision_at_1000_diff1": 1.0,
        "nauc_mrr_at_1_max": 0.409372,
        "nauc_mrr_at_1_std": -0.101913,
        "nauc_mrr_at_1_diff1": 0.90724,
        "nauc_mrr_at_3_max": 0.513321,
        "nauc_mrr_at_3_std": -0.000388,
        "nauc_mrr_at_3_diff1": 0.896455,
        "nauc_mrr_at_5_max": 0.503577,
        "nauc_mrr_at_5_std": -0.006099,
        "nauc_mrr_at_5_diff1": 0.894897,
        "nauc_mrr_at_10_max": 0.501482,
        "nauc_mrr_at_10_std": -0.010347,
        "nauc_mrr_at_10_diff1": 0.895626,
        "nauc_mrr_at_20_max": 0.49794,
        "nauc_mrr_at_20_std": -0.017846,
        "nauc_mrr_at_20_diff1": 0.896534,
        "nauc_mrr_at_100_max": 0.49747,
        "nauc_mrr_at_100_std": -0.017975,
        "nauc_mrr_at_100_diff1": 0.896505,
        "nauc_mrr_at_1000_max": 0.497409,
        "nauc_mrr_at_1000_std": -0.018098,
        "nauc_mrr_at_1000_diff1": 0.896508,
        "hit_rate_at_1": 0.87353,
        "hit_rate_at_3": 0.97059,
        "hit_rate_at_5": 0.97941,
        "hit_rate_at_10": 0.98235,
        "hit_rate_at_20": 0.99118,
        "hit_rate_at_100": 0.99706,
        "hit_rate_at_1000": 1.0,
        "main_score": 0.9365,
        "hf_subset": "default",
        "languages": [
          "eng-Latn"
        ]
      }
    ]
  },
  "evaluation_time": 3.1093637943267822,
  "kg_co2_emissions": null,
  "date": 1774368416.734996
}