{
  "dataset_revision": "5d745bd9e435cc190599f916f54c0ab197ddeb73",
  "task_name": "LLMRTE3PC",
  "mteb_version": "2.11.6",
  "scores": {
    "test": [
      {
        "similarity_accuracy": 0.848233,
        "similarity_f1": 0.917885,
        "similarity_precision": 0.85,
        "similarity_recall": 0.997555,
        "similarity_ap": 0.87517,
        "cosine_accuracy": 0.848233,
        "cosine_f1": 0.917885,
        "cosine_precision": 0.85,
        "cosine_recall": 0.997555,
        "cosine_ap": 0.87517,
        "manhattan_accuracy": 0.852391,
        "manhattan_f1": 0.919955,
        "manhattan_precision": 0.853556,
        "manhattan_recall": 0.997555,
        "manhattan_ap": 0.875395,
        "euclidean_accuracy": 0.848233,
        "euclidean_f1": 0.917885,
        "euclidean_precision": 0.85,
        "euclidean_recall": 0.997555,
        "euclidean_ap": 0.875555,
        "dot_accuracy": 0.848233,
        "dot_f1": 0.917885,
        "dot_precision": 0.85,
        "dot_recall": 0.997555,
        "dot_ap": 0.874282,
        "max_accuracy": 0.852391,
        "max_f1": 0.919955,
        "max_precision": 0.853556,
        "max_recall": 0.997555,
        "max_ap": 0.875555,
        "main_score": 0.875555,
        "hf_subset": "de",
        "languages": [
          "deu-Latn"
        ]
      },
      {
        "similarity_accuracy": 0.848548,
        "similarity_f1": 0.91807,
        "similarity_precision": 0.850312,
        "similarity_recall": 0.997561,
        "similarity_ap": 0.893348,
        "cosine_accuracy": 0.848548,
        "cosine_f1": 0.91807,
        "cosine_precision": 0.850312,
        "cosine_recall": 0.997561,
        "cosine_ap": 0.893348,
        "manhattan_accuracy": 0.850622,
        "manhattan_f1": 0.919101,
        "manhattan_precision": 0.852083,
        "manhattan_recall": 0.997561,
        "manhattan_ap": 0.893105,
        "euclidean_accuracy": 0.848548,
        "euclidean_f1": 0.91807,
        "euclidean_precision": 0.850312,
        "euclidean_recall": 0.997561,
        "euclidean_ap": 0.893455,
        "dot_accuracy": 0.848548,
        "dot_f1": 0.91807,
        "dot_precision": 0.850312,
        "dot_recall": 0.997561,
        "dot_ap": 0.893328,
        "max_accuracy": 0.850622,
        "max_f1": 0.919101,
        "max_precision": 0.852083,
        "max_recall": 0.997561,
        "max_ap": 0.893455,
        "main_score": 0.893455,
        "hf_subset": "en",
        "languages": [
          "eng-Latn"
        ]
      },
      {
        "similarity_accuracy": 0.846473,
        "similarity_f1": 0.916854,
        "similarity_precision": 0.848233,
        "similarity_recall": 0.997555,
        "similarity_ap": 0.885412,
        "cosine_accuracy": 0.846473,
        "cosine_f1": 0.916854,
        "cosine_precision": 0.848233,
        "cosine_recall": 0.997555,
        "cosine_ap": 0.885412,
        "manhattan_accuracy": 0.846473,
        "manhattan_f1": 0.916854,
        "manhattan_precision": 0.848233,
        "manhattan_recall": 0.997555,
        "manhattan_ap": 0.88481,
        "euclidean_accuracy": 0.846473,
        "euclidean_f1": 0.916854,
        "euclidean_precision": 0.848233,
        "euclidean_recall": 0.997555,
        "euclidean_ap": 0.885324,
        "dot_accuracy": 0.846473,
        "dot_f1": 0.916854,
        "dot_precision": 0.848233,
        "dot_recall": 0.997555,
        "dot_ap": 0.88551,
        "max_accuracy": 0.846473,
        "max_f1": 0.916854,
        "max_precision": 0.848233,
        "max_recall": 0.997555,
        "max_ap": 0.88551,
        "main_score": 0.88551,
        "hf_subset": "fr",
        "languages": [
          "fra-Latn"
        ]
      },
      {
        "similarity_accuracy": 0.849372,
        "similarity_f1": 0.918367,
        "similarity_precision": 0.85084,
        "similarity_recall": 0.997537,
        "similarity_ap": 0.888982,
        "cosine_accuracy": 0.849372,
        "cosine_f1": 0.918367,
        "cosine_precision": 0.85084,
        "cosine_recall": 0.997537,
        "cosine_ap": 0.888982,
        "manhattan_accuracy": 0.851464,
        "manhattan_f1": 0.919592,
        "manhattan_precision": 0.851153,
        "manhattan_recall": 1.0,
        "manhattan_ap": 0.888726,
        "euclidean_accuracy": 0.849372,
        "euclidean_f1": 0.918367,
        "euclidean_precision": 0.85084,
        "euclidean_recall": 0.997537,
        "euclidean_ap": 0.889011,
        "dot_accuracy": 0.84728,
        "dot_f1": 0.917327,
        "dot_precision": 0.849057,
        "dot_recall": 0.997537,
        "dot_ap": 0.888733,
        "max_accuracy": 0.851464,
        "max_f1": 0.919592,
        "max_precision": 0.851153,
        "max_recall": 1.0,
        "max_ap": 0.889011,
        "main_score": 0.889011,
        "hf_subset": "it",
        "languages": [
          "ita-Latn"
        ]
      }
    ]
  },
  "evaluation_time": 14.850430011749268,
  "kg_co2_emissions": null,
  "date": 1774368355.215478
}