{
  "dataset_revision": "d6628df131c3279007b88fe3e057e809dac056af",
  "task_name": "LLMSpartQA",
  "mteb_version": "2.11.6",
  "scores": {
    "test": [
      {
        "ndcg_at_1": 0.025,
        "ndcg_at_3": 0.05737,
        "ndcg_at_5": 0.07542,
        "ndcg_at_10": 0.10976,
        "ndcg_at_20": 0.12467,
        "ndcg_at_100": 0.13424,
        "ndcg_at_1000": 0.17284,
        "map_at_1": 0.02167,
        "map_at_3": 0.04611,
        "map_at_5": 0.05561,
        "map_at_10": 0.0694,
        "map_at_20": 0.07386,
        "map_at_100": 0.07507,
        "map_at_1000": 0.07576,
        "recall_at_1": 0.02167,
        "recall_at_3": 0.07667,
        "recall_at_5": 0.12,
        "recall_at_10": 0.215,
        "recall_at_20": 0.26667,
        "recall_at_100": 0.31167,
        "recall_at_1000": 0.615,
        "accuracy": 0.02167,
        "precision_at_1": 0.025,
        "precision_at_3": 0.03667,
        "precision_at_5": 0.032,
        "precision_at_10": 0.0305,
        "precision_at_20": 0.019,
        "precision_at_100": 0.00455,
        "precision_at_1000": 0.00101,
        "mrr_at_1": 0.025,
        "mrr_at_3": 0.058333,
        "mrr_at_5": 0.069333,
        "mrr_at_10": 0.08669,
        "mrr_at_20": 0.091402,
        "mrr_at_100": 0.093258,
        "mrr_at_1000": 0.094014,
        "nauc_ndcg_at_1_max": -0.065254,
        "nauc_ndcg_at_1_std": -0.172149,
        "nauc_ndcg_at_1_diff1": -0.006869,
        "nauc_ndcg_at_3_max": -0.060033,
        "nauc_ndcg_at_3_std": -0.063054,
        "nauc_ndcg_at_3_diff1": -0.097579,
        "nauc_ndcg_at_5_max": -0.024917,
        "nauc_ndcg_at_5_std": -0.078542,
        "nauc_ndcg_at_5_diff1": -0.006228,
        "nauc_ndcg_at_10_max": -0.049554,
        "nauc_ndcg_at_10_std": -0.040896,
        "nauc_ndcg_at_10_diff1": -0.03165,
        "nauc_ndcg_at_20_max": -0.028436,
        "nauc_ndcg_at_20_std": -0.062042,
        "nauc_ndcg_at_20_diff1": -0.032862,
        "nauc_ndcg_at_100_max": -0.02445,
        "nauc_ndcg_at_100_std": -0.080105,
        "nauc_ndcg_at_100_diff1": -0.042153,
        "nauc_ndcg_at_1000_max": -0.039491,
        "nauc_ndcg_at_1000_std": -0.038071,
        "nauc_ndcg_at_1000_diff1": -0.071238,
        "nauc_map_at_1_max": -0.043632,
        "nauc_map_at_1_std": -0.121773,
        "nauc_map_at_1_diff1": -0.023075,
        "nauc_map_at_3_max": -0.055704,
        "nauc_map_at_3_std": -0.061634,
        "nauc_map_at_3_diff1": -0.096057,
        "nauc_map_at_5_max": -0.032982,
        "nauc_map_at_5_std": -0.071258,
        "nauc_map_at_5_diff1": -0.032487,
        "nauc_map_at_10_max": -0.044351,
        "nauc_map_at_10_std": -0.048971,
        "nauc_map_at_10_diff1": -0.042205,
        "nauc_map_at_20_max": -0.038358,
        "nauc_map_at_20_std": -0.059037,
        "nauc_map_at_20_diff1": -0.043164,
        "nauc_map_at_100_max": -0.036719,
        "nauc_map_at_100_std": -0.061693,
        "nauc_map_at_100_diff1": -0.044207,
        "nauc_map_at_1000_max": -0.037286,
        "nauc_map_at_1000_std": -0.06103,
        "nauc_map_at_1000_diff1": -0.04489,
        "nauc_recall_at_1_max": -0.043632,
        "nauc_recall_at_1_std": -0.121773,
        "nauc_recall_at_1_diff1": -0.023075,
        "nauc_recall_at_3_max": -0.073103,
        "nauc_recall_at_3_std": -0.0222,
        "nauc_recall_at_3_diff1": -0.121907,
        "nauc_recall_at_5_max": -0.006658,
        "nauc_recall_at_5_std": -0.065361,
        "nauc_recall_at_5_diff1": 0.031111,
        "nauc_recall_at_10_max": -0.053123,
        "nauc_recall_at_10_std": -0.029076,
        "nauc_recall_at_10_diff1": -0.021953,
        "nauc_recall_at_20_max": -0.016701,
        "nauc_recall_at_20_std": -0.07031,
        "nauc_recall_at_20_diff1": -0.022877,
        "nauc_recall_at_100_max": -0.012053,
        "nauc_recall_at_100_std": -0.10803,
        "nauc_recall_at_100_diff1": -0.046621,
        "nauc_recall_at_1000_max": -0.06712,
        "nauc_recall_at_1000_std": 0.069953,
        "nauc_recall_at_1000_diff1": -0.191746,
        "nauc_precision_at_1_max": -0.065254,
        "nauc_precision_at_1_std": -0.172149,
        "nauc_precision_at_1_diff1": -0.006869,
        "nauc_precision_at_3_max": -0.083018,
        "nauc_precision_at_3_std": -0.109032,
        "nauc_precision_at_3_diff1": -0.085421,
        "nauc_precision_at_5_max": -0.035045,
        "nauc_precision_at_5_std": -0.113806,
        "nauc_precision_at_5_diff1": 0.03017,
        "nauc_precision_at_10_max": -0.075694,
        "nauc_precision_at_10_std": -0.023925,
        "nauc_precision_at_10_diff1": -0.029955,
        "nauc_precision_at_20_max": -0.024846,
        "nauc_precision_at_20_std": -0.029908,
        "nauc_precision_at_20_diff1": -0.034899,
        "nauc_precision_at_100_max": -0.015172,
        "nauc_precision_at_100_std": -0.098037,
        "nauc_precision_at_100_diff1": -0.062969,
        "nauc_precision_at_1000_max": -0.066386,
        "nauc_precision_at_1000_std": 0.148918,
        "nauc_precision_at_1000_diff1": -0.114202,
        "nauc_mrr_at_1_max": -0.065254,
        "nauc_mrr_at_1_std": -0.172149,
        "nauc_mrr_at_1_diff1": -0.006869,
        "nauc_mrr_at_3_max": -0.046115,
        "nauc_mrr_at_3_std": -0.113665,
        "nauc_mrr_at_3_diff1": -0.067994,
        "nauc_mrr_at_5_max": -0.030493,
        "nauc_mrr_at_5_std": -0.110786,
        "nauc_mrr_at_5_diff1": -0.016805,
        "nauc_mrr_at_10_max": -0.041735,
        "nauc_mrr_at_10_std": -0.068039,
        "nauc_mrr_at_10_diff1": -0.028845,
        "nauc_mrr_at_20_max": -0.0255,
        "nauc_mrr_at_20_std": -0.080529,
        "nauc_mrr_at_20_diff1": -0.028381,
        "nauc_mrr_at_100_max": -0.023604,
        "nauc_mrr_at_100_std": -0.085411,
        "nauc_mrr_at_100_diff1": -0.030489,
        "nauc_mrr_at_1000_max": -0.023903,
        "nauc_mrr_at_1000_std": -0.084468,
        "nauc_mrr_at_1000_diff1": -0.03092,
        "hit_rate_at_1": 0.025,
        "hit_rate_at_3": 0.1,
        "hit_rate_at_5": 0.15,
        "hit_rate_at_10": 0.275,
        "hit_rate_at_20": 0.335,
        "hit_rate_at_100": 0.41,
        "hit_rate_at_1000": 0.765,
        "main_score": 0.10976,
        "hf_subset": "default",
        "languages": [
          "eng-Latn"
        ]
      }
    ]
  },
  "evaluation_time": 6.169328212738037,
  "kg_co2_emissions": null,
  "date": 1774368425.296051
}