{
  "dataset_revision": "31f9b918c30ef94e15a168cb95ca4ebf291396eb",
  "task_name": "LLMTwitterHjerneRetrieval",
  "mteb_version": "2.11.6",
  "scores": {
    "train": [
      {
        "ndcg_at_1": 0.67532,
        "ndcg_at_3": 0.5528,
        "ndcg_at_5": 0.56365,
        "ndcg_at_10": 0.61295,
        "ndcg_at_20": 0.64896,
        "ndcg_at_100": 0.68976,
        "ndcg_at_1000": 0.70786,
        "map_at_1": 0.22424,
        "map_at_3": 0.39845,
        "map_at_5": 0.46031,
        "map_at_10": 0.4988,
        "map_at_20": 0.51678,
        "map_at_100": 0.52642,
        "map_at_1000": 0.52849,
        "recall_at_1": 0.22424,
        "recall_at_3": 0.44675,
        "recall_at_5": 0.5513,
        "recall_at_10": 0.65693,
        "recall_at_20": 0.74892,
        "recall_at_100": 0.90996,
        "recall_at_1000": 1.0,
        "accuracy": 0.22424,
        "precision_at_1": 0.67532,
        "precision_at_3": 0.47186,
        "precision_at_5": 0.36364,
        "precision_at_10": 0.22208,
        "precision_at_20": 0.12857,
        "precision_at_100": 0.03104,
        "precision_at_1000": 0.0034,
        "mrr_at_1": 0.675325,
        "mrr_at_3": 0.748918,
        "mrr_at_5": 0.755411,
        "mrr_at_10": 0.761724,
        "mrr_at_20": 0.764668,
        "mrr_at_100": 0.765283,
        "mrr_at_1000": 0.765283,
        "nauc_ndcg_at_1_max": 0.572426,
        "nauc_ndcg_at_1_std": 0.283984,
        "nauc_ndcg_at_1_diff1": 0.471124,
        "nauc_ndcg_at_3_max": 0.556989,
        "nauc_ndcg_at_3_std": 0.173309,
        "nauc_ndcg_at_3_diff1": 0.370702,
        "nauc_ndcg_at_5_max": 0.554465,
        "nauc_ndcg_at_5_std": 0.169802,
        "nauc_ndcg_at_5_diff1": 0.410818,
        "nauc_ndcg_at_10_max": 0.552318,
        "nauc_ndcg_at_10_std": 0.177783,
        "nauc_ndcg_at_10_diff1": 0.379272,
        "nauc_ndcg_at_20_max": 0.547182,
        "nauc_ndcg_at_20_std": 0.1601,
        "nauc_ndcg_at_20_diff1": 0.328941,
        "nauc_ndcg_at_100_max": 0.530658,
        "nauc_ndcg_at_100_std": 0.150532,
        "nauc_ndcg_at_100_diff1": 0.304933,
        "nauc_ndcg_at_1000_max": 0.553249,
        "nauc_ndcg_at_1000_std": 0.179525,
        "nauc_ndcg_at_1000_diff1": 0.343424,
        "nauc_map_at_1_max": 0.269317,
        "nauc_map_at_1_std": 0.003975,
        "nauc_map_at_1_diff1": 0.346788,
        "nauc_map_at_3_max": 0.504496,
        "nauc_map_at_3_std": 0.083265,
        "nauc_map_at_3_diff1": 0.396795,
        "nauc_map_at_5_max": 0.561681,
        "nauc_map_at_5_std": 0.133982,
        "nauc_map_at_5_diff1": 0.419545,
        "nauc_map_at_10_max": 0.571563,
        "nauc_map_at_10_std": 0.149421,
        "nauc_map_at_10_diff1": 0.404283,
        "nauc_map_at_20_max": 0.57103,
        "nauc_map_at_20_std": 0.149851,
        "nauc_map_at_20_diff1": 0.375408,
        "nauc_map_at_100_max": 0.566993,
        "nauc_map_at_100_std": 0.145791,
        "nauc_map_at_100_diff1": 0.369721,
        "nauc_map_at_1000_max": 0.568818,
        "nauc_map_at_1000_std": 0.148052,
        "nauc_map_at_1000_diff1": 0.372356,
        "nauc_recall_at_1_max": 0.269317,
        "nauc_recall_at_1_std": 0.003975,
        "nauc_recall_at_1_diff1": 0.346788,
        "nauc_recall_at_3_max": 0.446228,
        "nauc_recall_at_3_std": 0.052186,
        "nauc_recall_at_3_diff1": 0.365873,
        "nauc_recall_at_5_max": 0.493722,
        "nauc_recall_at_5_std": 0.112265,
        "nauc_recall_at_5_diff1": 0.390813,
        "nauc_recall_at_10_max": 0.465791,
        "nauc_recall_at_10_std": 0.106864,
        "nauc_recall_at_10_diff1": 0.308631,
        "nauc_recall_at_20_max": 0.417912,
        "nauc_recall_at_20_std": 0.025812,
        "nauc_recall_at_20_diff1": 0.161785,
        "nauc_recall_at_100_max": 0.166296,
        "nauc_recall_at_100_std": -0.198314,
        "nauc_recall_at_100_diff1": -0.224654,
        "nauc_recall_at_1000_max": NaN,
        "nauc_recall_at_1000_std": NaN,
        "nauc_recall_at_1000_diff1": NaN,
        "nauc_precision_at_1_max": 0.572426,
        "nauc_precision_at_1_std": 0.283984,
        "nauc_precision_at_1_diff1": 0.471124,
        "nauc_precision_at_3_max": 0.564056,
        "nauc_precision_at_3_std": 0.200174,
        "nauc_precision_at_3_diff1": 0.306375,
        "nauc_precision_at_5_max": 0.49897,
        "nauc_precision_at_5_std": 0.229244,
        "nauc_precision_at_5_diff1": 0.248139,
        "nauc_precision_at_10_max": 0.412287,
        "nauc_precision_at_10_std": 0.219289,
        "nauc_precision_at_10_diff1": 0.128417,
        "nauc_precision_at_20_max": 0.296492,
        "nauc_precision_at_20_std": 0.139533,
        "nauc_precision_at_20_diff1": -0.066882,
        "nauc_precision_at_100_max": 0.078077,
        "nauc_precision_at_100_std": 0.061808,
        "nauc_precision_at_100_diff1": -0.248456,
        "nauc_precision_at_1000_max": 0.021523,
        "nauc_precision_at_1000_std": 0.109094,
        "nauc_precision_at_1000_diff1": -0.229481,
        "nauc_mrr_at_1_max": 0.572426,
        "nauc_mrr_at_1_std": 0.283984,
        "nauc_mrr_at_1_diff1": 0.471124,
        "nauc_mrr_at_3_max": 0.567615,
        "nauc_mrr_at_3_std": 0.316922,
        "nauc_mrr_at_3_diff1": 0.452035,
        "nauc_mrr_at_5_max": 0.554214,
        "nauc_mrr_at_5_std": 0.314622,
        "nauc_mrr_at_5_diff1": 0.437578,
        "nauc_mrr_at_10_max": 0.548273,
        "nauc_mrr_at_10_std": 0.315367,
        "nauc_mrr_at_10_diff1": 0.430533,
        "nauc_mrr_at_20_max": 0.550472,
        "nauc_mrr_at_20_std": 0.307773,
        "nauc_mrr_at_20_diff1": 0.43464,
        "nauc_mrr_at_100_max": 0.552025,
        "nauc_mrr_at_100_std": 0.30944,
        "nauc_mrr_at_100_diff1": 0.435617,
        "nauc_mrr_at_1000_max": 0.552025,
        "nauc_mrr_at_1000_std": 0.30944,
        "nauc_mrr_at_1000_diff1": 0.435617,
        "hit_rate_at_1": 0.67532,
        "hit_rate_at_3": 0.84416,
        "hit_rate_at_5": 0.87013,
        "hit_rate_at_10": 0.92208,
        "hit_rate_at_20": 0.96104,
        "hit_rate_at_100": 1.0,
        "hit_rate_at_1000": 1.0,
        "main_score": 0.61295,
        "hf_subset": "default",
        "languages": [
          "dan-Latn"
        ]
      }
    ]
  },
  "evaluation_time": 1.3896484375,
  "kg_co2_emissions": null,
  "date": 1774368429.214879
}