{
  "dataset_revision": "1c61e95df3d70835785db4d70f17d3a16a7bd4ce",
  "task_name": "LLMTempReasonL1",
  "mteb_version": "2.11.6",
  "scores": {
    "test": [
      {
        "ndcg_at_1": 0.0,
        "ndcg_at_3": 0.005,
        "ndcg_at_5": 0.005,
        "ndcg_at_10": 0.005,
        "ndcg_at_20": 0.01024,
        "ndcg_at_100": 0.02485,
        "ndcg_at_1000": 0.07382,
        "map_at_1": 0.0,
        "map_at_3": 0.00333,
        "map_at_5": 0.00333,
        "map_at_10": 0.00333,
        "map_at_20": 0.00487,
        "map_at_100": 0.00683,
        "map_at_1000": 0.00822,
        "recall_at_1": 0.0,
        "recall_at_3": 0.01,
        "recall_at_5": 0.01,
        "recall_at_10": 0.01,
        "recall_at_20": 0.03,
        "recall_at_100": 0.11,
        "recall_at_1000": 0.52,
        "accuracy": 0.0,
        "precision_at_1": 0.0,
        "precision_at_3": 0.00333,
        "precision_at_5": 0.002,
        "precision_at_10": 0.001,
        "precision_at_20": 0.0015,
        "precision_at_100": 0.0011,
        "precision_at_1000": 0.00052,
        "mrr_at_1": 0.0,
        "mrr_at_3": 0.003333,
        "mrr_at_5": 0.003333,
        "mrr_at_10": 0.003333,
        "mrr_at_20": 0.004867,
        "mrr_at_100": 0.006831,
        "mrr_at_1000": 0.008225,
        "nauc_ndcg_at_1_max": NaN,
        "nauc_ndcg_at_1_std": NaN,
        "nauc_ndcg_at_1_diff1": NaN,
        "nauc_ndcg_at_3_max": -0.070566,
        "nauc_ndcg_at_3_std": -0.499598,
        "nauc_ndcg_at_3_diff1": 0.661926,
        "nauc_ndcg_at_5_max": -0.070566,
        "nauc_ndcg_at_5_std": -0.499598,
        "nauc_ndcg_at_5_diff1": 0.661926,
        "nauc_ndcg_at_10_max": -0.070566,
        "nauc_ndcg_at_10_std": -0.499598,
        "nauc_ndcg_at_10_diff1": 0.661926,
        "nauc_ndcg_at_20_max": -0.191066,
        "nauc_ndcg_at_20_std": -0.437489,
        "nauc_ndcg_at_20_diff1": 0.362401,
        "nauc_ndcg_at_100_max": -0.081775,
        "nauc_ndcg_at_100_std": -0.028664,
        "nauc_ndcg_at_100_diff1": 0.199436,
        "nauc_ndcg_at_1000_max": -0.022334,
        "nauc_ndcg_at_1000_std": -0.101479,
        "nauc_ndcg_at_1000_diff1": -0.038859,
        "nauc_map_at_1_max": NaN,
        "nauc_map_at_1_std": NaN,
        "nauc_map_at_1_diff1": NaN,
        "nauc_map_at_3_max": -0.070566,
        "nauc_map_at_3_std": -0.499598,
        "nauc_map_at_3_diff1": 0.661926,
        "nauc_map_at_5_max": -0.070566,
        "nauc_map_at_5_std": -0.499598,
        "nauc_map_at_5_diff1": 0.661926,
        "nauc_map_at_10_max": -0.070566,
        "nauc_map_at_10_std": -0.499598,
        "nauc_map_at_10_diff1": 0.661926,
        "nauc_map_at_20_max": -0.135302,
        "nauc_map_at_20_std": -0.454371,
        "nauc_map_at_20_diff1": 0.487365,
        "nauc_map_at_100_max": -0.10763,
        "nauc_map_at_100_std": -0.278296,
        "nauc_map_at_100_diff1": 0.413941,
        "nauc_map_at_1000_max": -0.084442,
        "nauc_map_at_1000_std": -0.275089,
        "nauc_map_at_1000_diff1": 0.3608,
        "nauc_recall_at_1_max": NaN,
        "nauc_recall_at_1_std": NaN,
        "nauc_recall_at_1_diff1": NaN,
        "nauc_recall_at_3_max": -0.070566,
        "nauc_recall_at_3_std": -0.499598,
        "nauc_recall_at_3_diff1": 0.661926,
        "nauc_recall_at_5_max": -0.070566,
        "nauc_recall_at_5_std": -0.499598,
        "nauc_recall_at_5_diff1": 0.661926,
        "nauc_recall_at_10_max": -0.070566,
        "nauc_recall_at_10_std": -0.499598,
        "nauc_recall_at_10_diff1": 0.661926,
        "nauc_recall_at_20_max": -0.238619,
        "nauc_recall_at_20_std": -0.426706,
        "nauc_recall_at_20_diff1": 0.259995,
        "nauc_recall_at_100_max": -0.062637,
        "nauc_recall_at_100_std": 0.099353,
        "nauc_recall_at_100_diff1": 0.093792,
        "nauc_recall_at_1000_max": 0.00019,
        "nauc_recall_at_1000_std": -0.065278,
        "nauc_recall_at_1000_diff1": -0.216919,
        "nauc_precision_at_1_max": NaN,
        "nauc_precision_at_1_std": NaN,
        "nauc_precision_at_1_diff1": NaN,
        "nauc_precision_at_3_max": -0.070566,
        "nauc_precision_at_3_std": -0.499598,
        "nauc_precision_at_3_diff1": 0.661926,
        "nauc_precision_at_5_max": -0.070566,
        "nauc_precision_at_5_std": -0.499598,
        "nauc_precision_at_5_diff1": 0.661926,
        "nauc_precision_at_10_max": -0.070566,
        "nauc_precision_at_10_std": -0.499598,
        "nauc_precision_at_10_diff1": 0.661926,
        "nauc_precision_at_20_max": -0.238619,
        "nauc_precision_at_20_std": -0.426706,
        "nauc_precision_at_20_diff1": 0.259995,
        "nauc_precision_at_100_max": -0.062637,
        "nauc_precision_at_100_std": 0.099353,
        "nauc_precision_at_100_diff1": 0.093792,
        "nauc_precision_at_1000_max": 0.00019,
        "nauc_precision_at_1000_std": -0.065278,
        "nauc_precision_at_1000_diff1": -0.216919,
        "nauc_mrr_at_1_max": NaN,
        "nauc_mrr_at_1_std": NaN,
        "nauc_mrr_at_1_diff1": NaN,
        "nauc_mrr_at_3_max": -0.070566,
        "nauc_mrr_at_3_std": -0.499598,
        "nauc_mrr_at_3_diff1": 0.661926,
        "nauc_mrr_at_5_max": -0.070566,
        "nauc_mrr_at_5_std": -0.499598,
        "nauc_mrr_at_5_diff1": 0.661926,
        "nauc_mrr_at_10_max": -0.070566,
        "nauc_mrr_at_10_std": -0.499598,
        "nauc_mrr_at_10_diff1": 0.661926,
        "nauc_mrr_at_20_max": -0.135302,
        "nauc_mrr_at_20_std": -0.454371,
        "nauc_mrr_at_20_diff1": 0.487365,
        "nauc_mrr_at_100_max": -0.10763,
        "nauc_mrr_at_100_std": -0.278296,
        "nauc_mrr_at_100_diff1": 0.413941,
        "nauc_mrr_at_1000_max": -0.084442,
        "nauc_mrr_at_1000_std": -0.275089,
        "nauc_mrr_at_1000_diff1": 0.3608,
        "hit_rate_at_1": 0.0,
        "hit_rate_at_3": 0.01,
        "hit_rate_at_5": 0.01,
        "hit_rate_at_10": 0.01,
        "hit_rate_at_20": 0.03,
        "hit_rate_at_100": 0.11,
        "hit_rate_at_1000": 0.52,
        "main_score": 0.005,
        "hf_subset": "default",
        "languages": [
          "eng-Latn"
        ]
      }
    ]
  },
  "evaluation_time": 49.48521280288696,
  "kg_co2_emissions": null,
  "date": 1774368407.060738
}