{
  "dataset_revision": "bc2a1e4c24771a6f3432578016cfb737732398fd",
  "task_name": "LLMWinoGrande",
  "mteb_version": "2.11.6",
  "scores": {
    "test": [
      {
        "ndcg_at_1": 0.245,
        "ndcg_at_3": 0.43511,
        "ndcg_at_5": 0.47384,
        "ndcg_at_10": 0.50244,
        "ndcg_at_20": 0.52138,
        "ndcg_at_100": 0.53989,
        "ndcg_at_1000": 0.54876,
        "map_at_1": 0.245,
        "map_at_3": 0.39,
        "map_at_5": 0.41125,
        "map_at_10": 0.42275,
        "map_at_20": 0.42795,
        "map_at_100": 0.43052,
        "map_at_1000": 0.43085,
        "recall_at_1": 0.245,
        "recall_at_3": 0.565,
        "recall_at_5": 0.66,
        "recall_at_10": 0.75,
        "recall_at_20": 0.825,
        "recall_at_100": 0.925,
        "recall_at_1000": 0.995,
        "accuracy": 0.245,
        "precision_at_1": 0.245,
        "precision_at_3": 0.18833,
        "precision_at_5": 0.132,
        "precision_at_10": 0.075,
        "precision_at_20": 0.04125,
        "precision_at_100": 0.00925,
        "precision_at_1000": 0.001,
        "mrr_at_1": 0.245,
        "mrr_at_3": 0.39,
        "mrr_at_5": 0.41125,
        "mrr_at_10": 0.422754,
        "mrr_at_20": 0.427954,
        "mrr_at_100": 0.430523,
        "mrr_at_1000": 0.430855,
        "nauc_ndcg_at_1_max": 0.037746,
        "nauc_ndcg_at_1_std": -0.248829,
        "nauc_ndcg_at_1_diff1": 0.275977,
        "nauc_ndcg_at_3_max": -0.025624,
        "nauc_ndcg_at_3_std": -0.310962,
        "nauc_ndcg_at_3_diff1": 0.228955,
        "nauc_ndcg_at_5_max": -0.03428,
        "nauc_ndcg_at_5_std": -0.304476,
        "nauc_ndcg_at_5_diff1": 0.205547,
        "nauc_ndcg_at_10_max": -0.046383,
        "nauc_ndcg_at_10_std": -0.315346,
        "nauc_ndcg_at_10_diff1": 0.213487,
        "nauc_ndcg_at_20_max": -0.054164,
        "nauc_ndcg_at_20_std": -0.311591,
        "nauc_ndcg_at_20_diff1": 0.23893,
        "nauc_ndcg_at_100_max": -0.056415,
        "nauc_ndcg_at_100_std": -0.303764,
        "nauc_ndcg_at_100_diff1": 0.213725,
        "nauc_ndcg_at_1000_max": -0.041483,
        "nauc_ndcg_at_1000_std": -0.301388,
        "nauc_ndcg_at_1000_diff1": 0.221577,
        "nauc_map_at_1_max": 0.037746,
        "nauc_map_at_1_std": -0.248829,
        "nauc_map_at_1_diff1": 0.275977,
        "nauc_map_at_3_max": -0.008472,
        "nauc_map_at_3_std": -0.299776,
        "nauc_map_at_3_diff1": 0.243891,
        "nauc_map_at_5_max": -0.014153,
        "nauc_map_at_5_std": -0.296781,
        "nauc_map_at_5_diff1": 0.23118,
        "nauc_map_at_10_max": -0.016893,
        "nauc_map_at_10_std": -0.299279,
        "nauc_map_at_10_diff1": 0.234097,
        "nauc_map_at_20_max": -0.018611,
        "nauc_map_at_20_std": -0.298007,
        "nauc_map_at_20_diff1": 0.240779,
        "nauc_map_at_100_max": -0.019322,
        "nauc_map_at_100_std": -0.296885,
        "nauc_map_at_100_diff1": 0.237299,
        "nauc_map_at_1000_max": -0.018786,
        "nauc_map_at_1000_std": -0.296898,
        "nauc_map_at_1000_diff1": 0.23754,
        "nauc_recall_at_1_max": 0.037746,
        "nauc_recall_at_1_std": -0.248829,
        "nauc_recall_at_1_diff1": 0.275977,
        "nauc_recall_at_3_max": -0.075809,
        "nauc_recall_at_3_std": -0.341699,
        "nauc_recall_at_3_diff1": 0.184473,
        "nauc_recall_at_5_max": -0.099779,
        "nauc_recall_at_5_std": -0.325442,
        "nauc_recall_at_5_diff1": 0.117536,
        "nauc_recall_at_10_max": -0.17618,
        "nauc_recall_at_10_std": -0.385599,
        "nauc_recall_at_10_diff1": 0.13213,
        "nauc_recall_at_20_max": -0.270736,
        "nauc_recall_at_20_std": -0.387071,
        "nauc_recall_at_20_diff1": 0.269719,
        "nauc_recall_at_100_max": -0.518207,
        "nauc_recall_at_100_std": -0.323685,
        "nauc_recall_at_100_diff1": -0.131528,
        "nauc_recall_at_1000_max": -1.151727,
        "nauc_recall_at_1000_std": 0.722222,
        "nauc_recall_at_1000_diff1": -1.739963,
        "nauc_precision_at_1_max": 0.037746,
        "nauc_precision_at_1_std": -0.248829,
        "nauc_precision_at_1_diff1": 0.275977,
        "nauc_precision_at_3_max": -0.075809,
        "nauc_precision_at_3_std": -0.341699,
        "nauc_precision_at_3_diff1": 0.184473,
        "nauc_precision_at_5_max": -0.099779,
        "nauc_precision_at_5_std": -0.325442,
        "nauc_precision_at_5_diff1": 0.117536,
        "nauc_precision_at_10_max": -0.17618,
        "nauc_precision_at_10_std": -0.385599,
        "nauc_precision_at_10_diff1": 0.13213,
        "nauc_precision_at_20_max": -0.270736,
        "nauc_precision_at_20_std": -0.387071,
        "nauc_precision_at_20_diff1": 0.269719,
        "nauc_precision_at_100_max": -0.518207,
        "nauc_precision_at_100_std": -0.323685,
        "nauc_precision_at_100_diff1": -0.131528,
        "nauc_precision_at_1000_max": -1.151727,
        "nauc_precision_at_1000_std": 0.722222,
        "nauc_precision_at_1000_diff1": -1.739963,
        "nauc_mrr_at_1_max": 0.037746,
        "nauc_mrr_at_1_std": -0.248829,
        "nauc_mrr_at_1_diff1": 0.275977,
        "nauc_mrr_at_3_max": -0.008472,
        "nauc_mrr_at_3_std": -0.299776,
        "nauc_mrr_at_3_diff1": 0.243891,
        "nauc_mrr_at_5_max": -0.014153,
        "nauc_mrr_at_5_std": -0.296781,
        "nauc_mrr_at_5_diff1": 0.23118,
        "nauc_mrr_at_10_max": -0.016893,
        "nauc_mrr_at_10_std": -0.299279,
        "nauc_mrr_at_10_diff1": 0.234097,
        "nauc_mrr_at_20_max": -0.018611,
        "nauc_mrr_at_20_std": -0.298007,
        "nauc_mrr_at_20_diff1": 0.240779,
        "nauc_mrr_at_100_max": -0.019322,
        "nauc_mrr_at_100_std": -0.296885,
        "nauc_mrr_at_100_diff1": 0.237299,
        "nauc_mrr_at_1000_max": -0.018786,
        "nauc_mrr_at_1000_std": -0.296898,
        "nauc_mrr_at_1000_diff1": 0.23754,
        "hit_rate_at_1": 0.245,
        "hit_rate_at_3": 0.565,
        "hit_rate_at_5": 0.66,
        "hit_rate_at_10": 0.75,
        "hit_rate_at_20": 0.825,
        "hit_rate_at_100": 0.925,
        "hit_rate_at_1000": 0.995,
        "main_score": 0.50244,
        "hf_subset": "default",
        "languages": [
          "eng-Latn"
        ]
      }
    ]
  },
  "evaluation_time": 17.325231313705444,
  "kg_co2_emissions": null,
  "date": 1774368448.562603
}