{
  "dataset_revision": "a2acf12d293ea934823ca26752a05c5bfab24dff",
  "task_name": "LLMAILAStatutes",
  "mteb_version": "2.11.6",
  "scores": {
    "test": [
      {
        "ndcg_at_1": 0.16,
        "ndcg_at_3": 0.19941,
        "ndcg_at_5": 0.19147,
        "ndcg_at_10": 0.26501,
        "ndcg_at_20": 0.3463,
        "ndcg_at_100": 0.48385,
        "ndcg_at_1000": 0.48385,
        "map_at_1": 0.036,
        "map_at_3": 0.09533,
        "map_at_5": 0.11758,
        "map_at_10": 0.15282,
        "map_at_20": 0.18716,
        "map_at_100": 0.22675,
        "map_at_1000": 0.22675,
        "recall_at_1": 0.036,
        "recall_at_3": 0.15167,
        "recall_at_5": 0.20067,
        "recall_at_10": 0.34433,
        "recall_at_20": 0.53833,
        "recall_at_100": 1.0,
        "recall_at_1000": 1.0,
        "accuracy": 0.036,
        "precision_at_1": 0.16,
        "precision_at_3": 0.20667,
        "precision_at_5": 0.168,
        "precision_at_10": 0.146,
        "precision_at_20": 0.117,
        "precision_at_100": 0.0434,
        "precision_at_1000": 0.00434,
        "mrr_at_1": 0.16,
        "mrr_at_3": 0.3,
        "mrr_at_5": 0.319,
        "mrr_at_10": 0.353317,
        "mrr_at_20": 0.36331,
        "mrr_at_100": 0.365773,
        "mrr_at_1000": 0.365773,
        "nauc_ndcg_at_1_max": 0.28837,
        "nauc_ndcg_at_1_std": -0.129014,
        "nauc_ndcg_at_1_diff1": -0.050084,
        "nauc_ndcg_at_3_max": 0.423379,
        "nauc_ndcg_at_3_std": 0.076692,
        "nauc_ndcg_at_3_diff1": 0.024182,
        "nauc_ndcg_at_5_max": 0.502544,
        "nauc_ndcg_at_5_std": 0.193656,
        "nauc_ndcg_at_5_diff1": 0.044228,
        "nauc_ndcg_at_10_max": 0.355968,
        "nauc_ndcg_at_10_std": 0.208669,
        "nauc_ndcg_at_10_diff1": -0.043835,
        "nauc_ndcg_at_20_max": 0.343811,
        "nauc_ndcg_at_20_std": 0.197709,
        "nauc_ndcg_at_20_diff1": -0.011173,
        "nauc_ndcg_at_100_max": 0.363868,
        "nauc_ndcg_at_100_std": 0.143553,
        "nauc_ndcg_at_100_diff1": -0.016689,
        "nauc_ndcg_at_1000_max": 0.363868,
        "nauc_ndcg_at_1000_std": 0.143553,
        "nauc_ndcg_at_1000_diff1": -0.016689,
        "nauc_map_at_1_max": 0.273208,
        "nauc_map_at_1_std": -0.132211,
        "nauc_map_at_1_diff1": -0.087357,
        "nauc_map_at_3_max": 0.44776,
        "nauc_map_at_3_std": 0.092828,
        "nauc_map_at_3_diff1": -0.019593,
        "nauc_map_at_5_max": 0.522323,
        "nauc_map_at_5_std": 0.172574,
        "nauc_map_at_5_diff1": 0.029736,
        "nauc_map_at_10_max": 0.424798,
        "nauc_map_at_10_std": 0.213113,
        "nauc_map_at_10_diff1": -0.024888,
        "nauc_map_at_20_max": 0.408892,
        "nauc_map_at_20_std": 0.20436,
        "nauc_map_at_20_diff1": -0.008415,
        "nauc_map_at_100_max": 0.407666,
        "nauc_map_at_100_std": 0.193024,
        "nauc_map_at_100_diff1": -0.01837,
        "nauc_map_at_1000_max": 0.407666,
        "nauc_map_at_1000_std": 0.193024,
        "nauc_map_at_1000_diff1": -0.01837,
        "nauc_recall_at_1_max": 0.273208,
        "nauc_recall_at_1_std": -0.132211,
        "nauc_recall_at_1_diff1": -0.087357,
        "nauc_recall_at_3_max": 0.483673,
        "nauc_recall_at_3_std": 0.202133,
        "nauc_recall_at_3_diff1": 0.033633,
        "nauc_recall_at_5_max": 0.559259,
        "nauc_recall_at_5_std": 0.314255,
        "nauc_recall_at_5_diff1": 0.075411,
        "nauc_recall_at_10_max": 0.251231,
        "nauc_recall_at_10_std": 0.289408,
        "nauc_recall_at_10_diff1": -0.07626,
        "nauc_recall_at_20_max": 0.191002,
        "nauc_recall_at_20_std": 0.261026,
        "nauc_recall_at_20_diff1": -0.008825,
        "nauc_recall_at_100_max": NaN,
        "nauc_recall_at_100_std": NaN,
        "nauc_recall_at_100_diff1": NaN,
        "nauc_recall_at_1000_max": NaN,
        "nauc_recall_at_1000_std": NaN,
        "nauc_recall_at_1000_diff1": NaN,
        "nauc_precision_at_1_max": 0.28837,
        "nauc_precision_at_1_std": -0.129014,
        "nauc_precision_at_1_diff1": -0.050084,
        "nauc_precision_at_3_max": 0.416053,
        "nauc_precision_at_3_std": 0.110433,
        "nauc_precision_at_3_diff1": 0.033745,
        "nauc_precision_at_5_max": 0.482861,
        "nauc_precision_at_5_std": 0.230031,
        "nauc_precision_at_5_diff1": 0.074893,
        "nauc_precision_at_10_max": 0.176753,
        "nauc_precision_at_10_std": 0.221032,
        "nauc_precision_at_10_diff1": -0.080339,
        "nauc_precision_at_20_max": 0.10269,
        "nauc_precision_at_20_std": 0.177729,
        "nauc_precision_at_20_diff1": -0.026144,
        "nauc_precision_at_100_max": -0.244635,
        "nauc_precision_at_100_std": -0.153528,
        "nauc_precision_at_100_diff1": -0.024295,
        "nauc_precision_at_1000_max": -0.244635,
        "nauc_precision_at_1000_std": -0.153528,
        "nauc_precision_at_1000_diff1": -0.024295,
        "nauc_mrr_at_1_max": 0.28837,
        "nauc_mrr_at_1_std": -0.129014,
        "nauc_mrr_at_1_diff1": -0.050084,
        "nauc_mrr_at_3_max": 0.372413,
        "nauc_mrr_at_3_std": 0.020715,
        "nauc_mrr_at_3_diff1": 0.029157,
        "nauc_mrr_at_5_max": 0.361023,
        "nauc_mrr_at_5_std": 0.061204,
        "nauc_mrr_at_5_diff1": 0.015276,
        "nauc_mrr_at_10_max": 0.314793,
        "nauc_mrr_at_10_std": 0.027658,
        "nauc_mrr_at_10_diff1": -0.022331,
        "nauc_mrr_at_20_max": 0.324781,
        "nauc_mrr_at_20_std": 0.025111,
        "nauc_mrr_at_20_diff1": -0.012876,
        "nauc_mrr_at_100_max": 0.329322,
        "nauc_mrr_at_100_std": 0.02397,
        "nauc_mrr_at_100_diff1": -0.009442,
        "nauc_mrr_at_1000_max": 0.329322,
        "nauc_mrr_at_1000_std": 0.02397,
        "nauc_mrr_at_1000_diff1": -0.009442,
        "hit_rate_at_1": 0.16,
        "hit_rate_at_3": 0.48,
        "hit_rate_at_5": 0.56,
        "hit_rate_at_10": 0.82,
        "hit_rate_at_20": 0.94,
        "hit_rate_at_100": 1.0,
        "hit_rate_at_1000": 1.0,
        "main_score": 0.26501,
        "hf_subset": "default",
        "languages": [
          "eng-Latn"
        ]
      }
    ]
  },
  "evaluation_time": 1.8568859100341797,
  "kg_co2_emissions": null,
  "date": 1774422161.626698
}