{
  "dataset_revision": "300cb175d1b608cfc3fdb94fd06b3ceb937f9b6a",
  "task_name": "LLMLegalBenchCorporateLobbying",
  "mteb_version": "2.11.6",
  "scores": {
    "test": [
      {
        "ndcg_at_1": 0.87353,
        "ndcg_at_3": 0.93361,
        "ndcg_at_5": 0.93855,
        "ndcg_at_10": 0.94141,
        "ndcg_at_20": 0.94141,
        "ndcg_at_100": 0.94249,
        "ndcg_at_1000": 0.94285,
        "map_at_1": 0.87353,
        "map_at_3": 0.92059,
        "map_at_5": 0.92338,
        "map_at_10": 0.92457,
        "map_at_20": 0.92457,
        "map_at_100": 0.92472,
        "map_at_1000": 0.92473,
        "recall_at_1": 0.87353,
        "recall_at_3": 0.97059,
        "recall_at_5": 0.98235,
        "recall_at_10": 0.99118,
        "recall_at_20": 0.99118,
        "recall_at_100": 0.99706,
        "recall_at_1000": 1.0,
        "accuracy": 0.87353,
        "precision_at_1": 0.87353,
        "precision_at_3": 0.32353,
        "precision_at_5": 0.19647,
        "precision_at_10": 0.09912,
        "precision_at_20": 0.04956,
        "precision_at_100": 0.00997,
        "precision_at_1000": 0.001,
        "mrr_at_1": 0.873529,
        "mrr_at_3": 0.920588,
        "mrr_at_5": 0.923382,
        "mrr_at_10": 0.924567,
        "mrr_at_20": 0.924567,
        "mrr_at_100": 0.924719,
        "mrr_at_1000": 0.924729,
        "nauc_ndcg_at_1_max": 0.505258,
        "nauc_ndcg_at_1_std": -0.22787,
        "nauc_ndcg_at_1_diff1": 0.915668,
        "nauc_ndcg_at_3_max": 0.609974,
        "nauc_ndcg_at_3_std": -0.172498,
        "nauc_ndcg_at_3_diff1": 0.897178,
        "nauc_ndcg_at_5_max": 0.58072,
        "nauc_ndcg_at_5_std": -0.247496,
        "nauc_ndcg_at_5_diff1": 0.905688,
        "nauc_ndcg_at_10_max": 0.572076,
        "nauc_ndcg_at_10_std": -0.204025,
        "nauc_ndcg_at_10_diff1": 0.907505,
        "nauc_ndcg_at_20_max": 0.572076,
        "nauc_ndcg_at_20_std": -0.204025,
        "nauc_ndcg_at_20_diff1": 0.907505,
        "nauc_ndcg_at_100_max": 0.56746,
        "nauc_ndcg_at_100_std": -0.20183,
        "nauc_ndcg_at_100_diff1": 0.908242,
        "nauc_ndcg_at_1000_max": 0.564688,
        "nauc_ndcg_at_1000_std": -0.209532,
        "nauc_ndcg_at_1000_diff1": 0.907654,
        "nauc_map_at_1_max": 0.505258,
        "nauc_map_at_1_std": -0.22787,
        "nauc_map_at_1_diff1": 0.915668,
        "nauc_map_at_3_max": 0.574937,
        "nauc_map_at_3_std": -0.189424,
        "nauc_map_at_3_diff1": 0.903327,
        "nauc_map_at_5_max": 0.560361,
        "nauc_map_at_5_std": -0.223906,
        "nauc_map_at_5_diff1": 0.907357,
        "nauc_map_at_10_max": 0.557492,
        "nauc_map_at_10_std": -0.210297,
        "nauc_map_at_10_diff1": 0.907969,
        "nauc_map_at_20_max": 0.557492,
        "nauc_map_at_20_std": -0.210297,
        "nauc_map_at_20_diff1": 0.907969,
        "nauc_map_at_100_max": 0.556786,
        "nauc_map_at_100_std": -0.211069,
        "nauc_map_at_100_diff1": 0.908049,
        "nauc_map_at_1000_max": 0.556726,
        "nauc_map_at_1000_std": -0.211233,
        "nauc_map_at_1000_diff1": 0.908037,
        "nauc_recall_at_1_max": 0.505258,
        "nauc_recall_at_1_std": -0.22787,
        "nauc_recall_at_1_diff1": 0.915668,
        "nauc_recall_at_3_max": 0.871615,
        "nauc_recall_at_3_std": -0.048086,
        "nauc_recall_at_3_diff1": 0.851307,
        "nauc_recall_at_5_max": 0.807812,
        "nauc_recall_at_5_std": -0.57882,
        "nauc_recall_at_5_diff1": 0.891068,
        "nauc_recall_at_10_max": 0.851385,
        "nauc_recall_at_10_std": -0.005913,
        "nauc_recall_at_10_diff1": 0.912854,
        "nauc_recall_at_20_max": 0.851385,
        "nauc_recall_at_20_std": -0.005913,
        "nauc_recall_at_20_diff1": 0.912854,
        "nauc_recall_at_100_max": 1.0,
        "nauc_recall_at_100_std": 1.0,
        "nauc_recall_at_100_diff1": 1.0,
        "nauc_recall_at_1000_max": NaN,
        "nauc_recall_at_1000_std": NaN,
        "nauc_recall_at_1000_diff1": NaN,
        "nauc_precision_at_1_max": 0.505258,
        "nauc_precision_at_1_std": -0.22787,
        "nauc_precision_at_1_diff1": 0.915668,
        "nauc_precision_at_3_max": 0.871615,
        "nauc_precision_at_3_std": -0.048086,
        "nauc_precision_at_3_diff1": 0.851307,
        "nauc_precision_at_5_max": 0.807812,
        "nauc_precision_at_5_std": -0.57882,
        "nauc_precision_at_5_diff1": 0.891068,
        "nauc_precision_at_10_max": 0.851385,
        "nauc_precision_at_10_std": -0.005913,
        "nauc_precision_at_10_diff1": 0.912854,
        "nauc_precision_at_20_max": 0.851385,
        "nauc_precision_at_20_std": -0.005913,
        "nauc_precision_at_20_diff1": 0.912854,
        "nauc_precision_at_100_max": 1.0,
        "nauc_precision_at_100_std": 1.0,
        "nauc_precision_at_100_diff1": 1.0,
        "nauc_precision_at_1000_max": 1.0,
        "nauc_precision_at_1000_std": 1.0,
        "nauc_precision_at_1000_diff1": 1.0,
        "nauc_mrr_at_1_max": 0.505258,
        "nauc_mrr_at_1_std": -0.22787,
        "nauc_mrr_at_1_diff1": 0.915668,
        "nauc_mrr_at_3_max": 0.574937,
        "nauc_mrr_at_3_std": -0.189424,
        "nauc_mrr_at_3_diff1": 0.903327,
        "nauc_mrr_at_5_max": 0.560361,
        "nauc_mrr_at_5_std": -0.223906,
        "nauc_mrr_at_5_diff1": 0.907357,
        "nauc_mrr_at_10_max": 0.557492,
        "nauc_mrr_at_10_std": -0.210297,
        "nauc_mrr_at_10_diff1": 0.907969,
        "nauc_mrr_at_20_max": 0.557492,
        "nauc_mrr_at_20_std": -0.210297,
        "nauc_mrr_at_20_diff1": 0.907969,
        "nauc_mrr_at_100_max": 0.556786,
        "nauc_mrr_at_100_std": -0.211069,
        "nauc_mrr_at_100_diff1": 0.908049,
        "nauc_mrr_at_1000_max": 0.556726,
        "nauc_mrr_at_1000_std": -0.211233,
        "nauc_mrr_at_1000_diff1": 0.908037,
        "hit_rate_at_1": 0.87353,
        "hit_rate_at_3": 0.97059,
        "hit_rate_at_5": 0.98235,
        "hit_rate_at_10": 0.99118,
        "hit_rate_at_20": 0.99118,
        "hit_rate_at_100": 0.99706,
        "hit_rate_at_1000": 1.0,
        "main_score": 0.94141,
        "hf_subset": "default",
        "languages": [
          "eng-Latn"
        ]
      }
    ]
  },
  "evaluation_time": 6.6688759326934814,
  "kg_co2_emissions": null,
  "date": 1774422171.226523
}