{
  "dataset_revision": "5d745bd9e435cc190599f916f54c0ab197ddeb73",
  "task_name": "LLMRTE3PC",
  "mteb_version": "2.11.6",
  "scores": {
    "test": [
      {
        "similarity_accuracy": 0.850312,
        "similarity_f1": 0.918919,
        "similarity_precision": 0.851775,
        "similarity_recall": 0.997555,
        "similarity_ap": 0.869105,
        "cosine_accuracy": 0.850312,
        "cosine_f1": 0.918919,
        "cosine_precision": 0.851775,
        "cosine_recall": 0.997555,
        "cosine_ap": 0.869105,
        "manhattan_accuracy": 0.848233,
        "manhattan_f1": 0.917885,
        "manhattan_precision": 0.85,
        "manhattan_recall": 0.997555,
        "manhattan_ap": 0.868021,
        "euclidean_accuracy": 0.850312,
        "euclidean_f1": 0.918919,
        "euclidean_precision": 0.851775,
        "euclidean_recall": 0.997555,
        "euclidean_ap": 0.869177,
        "dot_accuracy": 0.850312,
        "dot_f1": 0.918919,
        "dot_precision": 0.851775,
        "dot_recall": 0.997555,
        "dot_ap": 0.869205,
        "max_accuracy": 0.850312,
        "max_f1": 0.918919,
        "max_precision": 0.851775,
        "max_recall": 0.997555,
        "max_ap": 0.869205,
        "main_score": 0.869205,
        "hf_subset": "de",
        "languages": [
          "deu-Latn"
        ]
      },
      {
        "similarity_accuracy": 0.848548,
        "similarity_f1": 0.91807,
        "similarity_precision": 0.850312,
        "similarity_recall": 0.997561,
        "similarity_ap": 0.875653,
        "cosine_accuracy": 0.848548,
        "cosine_f1": 0.91807,
        "cosine_precision": 0.850312,
        "cosine_recall": 0.997561,
        "cosine_ap": 0.875653,
        "manhattan_accuracy": 0.848548,
        "manhattan_f1": 0.91807,
        "manhattan_precision": 0.850312,
        "manhattan_recall": 0.997561,
        "manhattan_ap": 0.874918,
        "euclidean_accuracy": 0.848548,
        "euclidean_f1": 0.91807,
        "euclidean_precision": 0.850312,
        "euclidean_recall": 0.997561,
        "euclidean_ap": 0.875681,
        "dot_accuracy": 0.848548,
        "dot_f1": 0.91807,
        "dot_precision": 0.850312,
        "dot_recall": 0.997561,
        "dot_ap": 0.875749,
        "max_accuracy": 0.848548,
        "max_f1": 0.91807,
        "max_precision": 0.850312,
        "max_recall": 0.997561,
        "max_ap": 0.875749,
        "main_score": 0.875749,
        "hf_subset": "en",
        "languages": [
          "eng-Latn"
        ]
      },
      {
        "similarity_accuracy": 0.846473,
        "similarity_f1": 0.916854,
        "similarity_precision": 0.848233,
        "similarity_recall": 0.997555,
        "similarity_ap": 0.873176,
        "cosine_accuracy": 0.846473,
        "cosine_f1": 0.916854,
        "cosine_precision": 0.848233,
        "cosine_recall": 0.997555,
        "cosine_ap": 0.873176,
        "manhattan_accuracy": 0.846473,
        "manhattan_f1": 0.916854,
        "manhattan_precision": 0.848233,
        "manhattan_recall": 0.997555,
        "manhattan_ap": 0.872174,
        "euclidean_accuracy": 0.846473,
        "euclidean_f1": 0.916854,
        "euclidean_precision": 0.848233,
        "euclidean_recall": 0.997555,
        "euclidean_ap": 0.873232,
        "dot_accuracy": 0.846473,
        "dot_f1": 0.916854,
        "dot_precision": 0.848233,
        "dot_recall": 0.997555,
        "dot_ap": 0.87307,
        "max_accuracy": 0.846473,
        "max_f1": 0.916854,
        "max_precision": 0.848233,
        "max_recall": 0.997555,
        "max_ap": 0.873232,
        "main_score": 0.873232,
        "hf_subset": "fr",
        "languages": [
          "fra-Latn"
        ]
      },
      {
        "similarity_accuracy": 0.84728,
        "similarity_f1": 0.917327,
        "similarity_precision": 0.849057,
        "similarity_recall": 0.997537,
        "similarity_ap": 0.866014,
        "cosine_accuracy": 0.84728,
        "cosine_f1": 0.917327,
        "cosine_precision": 0.849057,
        "cosine_recall": 0.997537,
        "cosine_ap": 0.866014,
        "manhattan_accuracy": 0.84728,
        "manhattan_f1": 0.917327,
        "manhattan_precision": 0.849057,
        "manhattan_recall": 0.997537,
        "manhattan_ap": 0.865396,
        "euclidean_accuracy": 0.84728,
        "euclidean_f1": 0.917327,
        "euclidean_precision": 0.849057,
        "euclidean_recall": 0.997537,
        "euclidean_ap": 0.865992,
        "dot_accuracy": 0.84728,
        "dot_f1": 0.917327,
        "dot_precision": 0.849057,
        "dot_recall": 0.997537,
        "dot_ap": 0.865772,
        "max_accuracy": 0.84728,
        "max_f1": 0.917327,
        "max_precision": 0.849057,
        "max_recall": 0.997537,
        "max_ap": 0.866014,
        "main_score": 0.866014,
        "hf_subset": "it",
        "languages": [
          "ita-Latn"
        ]
      }
    ]
  },
  "evaluation_time": 19.53780508041382,
  "kg_co2_emissions": null,
  "date": 1774406954.988795
}