{
  "dataset_revision": "d6628df131c3279007b88fe3e057e809dac056af",
  "task_name": "LLMSpartQA",
  "mteb_version": "2.11.6",
  "scores": {
    "test": [
      {
        "ndcg_at_1": 0.035,
        "ndcg_at_3": 0.09439,
        "ndcg_at_5": 0.1218,
        "ndcg_at_10": 0.14845,
        "ndcg_at_20": 0.15456,
        "ndcg_at_100": 0.16883,
        "ndcg_at_1000": 0.21819,
        "map_at_1": 0.02833,
        "map_at_3": 0.07417,
        "map_at_5": 0.09008,
        "map_at_10": 0.10154,
        "map_at_20": 0.10302,
        "map_at_100": 0.10484,
        "map_at_1000": 0.10612,
        "recall_at_1": 0.02833,
        "recall_at_3": 0.12833,
        "recall_at_5": 0.18833,
        "recall_at_10": 0.26,
        "recall_at_20": 0.28167,
        "recall_at_100": 0.34833,
        "recall_at_1000": 0.71167,
        "accuracy": 0.02833,
        "precision_at_1": 0.035,
        "precision_at_3": 0.05833,
        "precision_at_5": 0.053,
        "precision_at_10": 0.037,
        "precision_at_20": 0.02025,
        "precision_at_100": 0.00525,
        "precision_at_1000": 0.00119,
        "mrr_at_1": 0.035,
        "mrr_at_3": 0.099167,
        "mrr_at_5": 0.113917,
        "mrr_at_10": 0.127468,
        "mrr_at_20": 0.129736,
        "mrr_at_100": 0.132305,
        "mrr_at_1000": 0.133635,
        "nauc_ndcg_at_1_max": 0.248189,
        "nauc_ndcg_at_1_std": 0.385028,
        "nauc_ndcg_at_1_diff1": -0.19422,
        "nauc_ndcg_at_3_max": 0.347249,
        "nauc_ndcg_at_3_std": 0.50187,
        "nauc_ndcg_at_3_diff1": -0.070892,
        "nauc_ndcg_at_5_max": 0.394346,
        "nauc_ndcg_at_5_std": 0.561536,
        "nauc_ndcg_at_5_diff1": -0.051414,
        "nauc_ndcg_at_10_max": 0.454194,
        "nauc_ndcg_at_10_std": 0.538699,
        "nauc_ndcg_at_10_diff1": 0.012972,
        "nauc_ndcg_at_20_max": 0.454145,
        "nauc_ndcg_at_20_std": 0.516824,
        "nauc_ndcg_at_20_diff1": 0.005813,
        "nauc_ndcg_at_100_max": 0.434469,
        "nauc_ndcg_at_100_std": 0.505975,
        "nauc_ndcg_at_100_diff1": 0.007901,
        "nauc_ndcg_at_1000_max": 0.412944,
        "nauc_ndcg_at_1000_std": 0.53357,
        "nauc_ndcg_at_1000_diff1": -0.008982,
        "nauc_map_at_1_max": 0.305955,
        "nauc_map_at_1_std": 0.366278,
        "nauc_map_at_1_diff1": -0.183889,
        "nauc_map_at_3_max": 0.341878,
        "nauc_map_at_3_std": 0.481428,
        "nauc_map_at_3_diff1": -0.080311,
        "nauc_map_at_5_max": 0.378741,
        "nauc_map_at_5_std": 0.523486,
        "nauc_map_at_5_diff1": -0.066014,
        "nauc_map_at_10_max": 0.412381,
        "nauc_map_at_10_std": 0.517068,
        "nauc_map_at_10_diff1": -0.031094,
        "nauc_map_at_20_max": 0.41354,
        "nauc_map_at_20_std": 0.509894,
        "nauc_map_at_20_diff1": -0.033222,
        "nauc_map_at_100_max": 0.411016,
        "nauc_map_at_100_std": 0.508657,
        "nauc_map_at_100_diff1": -0.034764,
        "nauc_map_at_1000_max": 0.408945,
        "nauc_map_at_1000_std": 0.51028,
        "nauc_map_at_1000_diff1": -0.03578,
        "nauc_recall_at_1_max": 0.305955,
        "nauc_recall_at_1_std": 0.366278,
        "nauc_recall_at_1_diff1": -0.183889,
        "nauc_recall_at_3_max": 0.349975,
        "nauc_recall_at_3_std": 0.511024,
        "nauc_recall_at_3_diff1": -0.042013,
        "nauc_recall_at_5_max": 0.413351,
        "nauc_recall_at_5_std": 0.60003,
        "nauc_recall_at_5_diff1": -0.024009,
        "nauc_recall_at_10_max": 0.503439,
        "nauc_recall_at_10_std": 0.536015,
        "nauc_recall_at_10_diff1": 0.083528,
        "nauc_recall_at_20_max": 0.498579,
        "nauc_recall_at_20_std": 0.48602,
        "nauc_recall_at_20_diff1": 0.065795,
        "nauc_recall_at_100_max": 0.425366,
        "nauc_recall_at_100_std": 0.443808,
        "nauc_recall_at_100_diff1": 0.079565,
        "nauc_recall_at_1000_max": 0.2474,
        "nauc_recall_at_1000_std": 0.437801,
        "nauc_recall_at_1000_diff1": 0.038056,
        "nauc_precision_at_1_max": 0.248189,
        "nauc_precision_at_1_std": 0.385028,
        "nauc_precision_at_1_diff1": -0.19422,
        "nauc_precision_at_3_max": 0.361406,
        "nauc_precision_at_3_std": 0.54569,
        "nauc_precision_at_3_diff1": -0.064037,
        "nauc_precision_at_5_max": 0.426737,
        "nauc_precision_at_5_std": 0.604327,
        "nauc_precision_at_5_diff1": -0.024814,
        "nauc_precision_at_10_max": 0.483976,
        "nauc_precision_at_10_std": 0.545518,
        "nauc_precision_at_10_diff1": 0.067869,
        "nauc_precision_at_20_max": 0.478224,
        "nauc_precision_at_20_std": 0.493979,
        "nauc_precision_at_20_diff1": 0.04927,
        "nauc_precision_at_100_max": 0.371937,
        "nauc_precision_at_100_std": 0.412851,
        "nauc_precision_at_100_diff1": 0.070461,
        "nauc_precision_at_1000_max": 0.021362,
        "nauc_precision_at_1000_std": 0.177103,
        "nauc_precision_at_1000_diff1": -0.005512,
        "nauc_mrr_at_1_max": 0.248189,
        "nauc_mrr_at_1_std": 0.385028,
        "nauc_mrr_at_1_diff1": -0.19422,
        "nauc_mrr_at_3_max": 0.340328,
        "nauc_mrr_at_3_std": 0.507877,
        "nauc_mrr_at_3_diff1": -0.095348,
        "nauc_mrr_at_5_max": 0.367282,
        "nauc_mrr_at_5_std": 0.547869,
        "nauc_mrr_at_5_diff1": -0.076154,
        "nauc_mrr_at_10_max": 0.407196,
        "nauc_mrr_at_10_std": 0.527218,
        "nauc_mrr_at_10_diff1": -0.033426,
        "nauc_mrr_at_20_max": 0.407342,
        "nauc_mrr_at_20_std": 0.51875,
        "nauc_mrr_at_20_diff1": -0.03589,
        "nauc_mrr_at_100_max": 0.404054,
        "nauc_mrr_at_100_std": 0.515773,
        "nauc_mrr_at_100_diff1": -0.038139,
        "nauc_mrr_at_1000_max": 0.402083,
        "nauc_mrr_at_1000_std": 0.516675,
        "nauc_mrr_at_1000_diff1": -0.03959,
        "hit_rate_at_1": 0.035,
        "hit_rate_at_3": 0.175,
        "hit_rate_at_5": 0.24,
        "hit_rate_at_10": 0.33,
        "hit_rate_at_20": 0.365,
        "hit_rate_at_100": 0.47,
        "hit_rate_at_1000": 0.88,
        "main_score": 0.14845,
        "hf_subset": "default",
        "languages": [
          "eng-Latn"
        ]
      }
    ]
  },
  "evaluation_time": 14.264651775360107,
  "kg_co2_emissions": null,
  "date": 1774422188.555404
}