{
  "dataset_revision": "1c61e95df3d70835785db4d70f17d3a16a7bd4ce",
  "task_name": "LLMTempReasonL1",
  "mteb_version": "2.11.6",
  "scores": {
    "test": [
      {
        "ndcg_at_1": 0.0,
        "ndcg_at_3": 0.01,
        "ndcg_at_5": 0.01,
        "ndcg_at_10": 0.01289,
        "ndcg_at_20": 0.02011,
        "ndcg_at_100": 0.05061,
        "ndcg_at_1000": 0.10298,
        "map_at_1": 0.0,
        "map_at_3": 0.00667,
        "map_at_5": 0.00667,
        "map_at_10": 0.00767,
        "map_at_20": 0.00946,
        "map_at_100": 0.01259,
        "map_at_1000": 0.0142,
        "recall_at_1": 0.0,
        "recall_at_3": 0.02,
        "recall_at_5": 0.02,
        "recall_at_10": 0.03,
        "recall_at_20": 0.06,
        "recall_at_100": 0.24,
        "recall_at_1000": 0.67,
        "accuracy": 0.0,
        "precision_at_1": 0.0,
        "precision_at_3": 0.00667,
        "precision_at_5": 0.004,
        "precision_at_10": 0.003,
        "precision_at_20": 0.003,
        "precision_at_100": 0.0024,
        "precision_at_1000": 0.00067,
        "mrr_at_1": 0.0,
        "mrr_at_3": 0.006667,
        "mrr_at_5": 0.006667,
        "mrr_at_10": 0.007667,
        "mrr_at_20": 0.009462,
        "mrr_at_100": 0.01259,
        "mrr_at_1000": 0.014198,
        "nauc_ndcg_at_1_max": NaN,
        "nauc_ndcg_at_1_std": NaN,
        "nauc_ndcg_at_1_diff1": NaN,
        "nauc_ndcg_at_3_max": 0.002683,
        "nauc_ndcg_at_3_std": 0.013952,
        "nauc_ndcg_at_3_diff1": 0.397102,
        "nauc_ndcg_at_5_max": 0.002683,
        "nauc_ndcg_at_5_std": 0.013952,
        "nauc_ndcg_at_5_diff1": 0.397102,
        "nauc_ndcg_at_10_max": 0.226325,
        "nauc_ndcg_at_10_std": -0.060595,
        "nauc_ndcg_at_10_diff1": 0.532298,
        "nauc_ndcg_at_20_max": 0.263745,
        "nauc_ndcg_at_20_std": 0.095224,
        "nauc_ndcg_at_20_diff1": 0.506718,
        "nauc_ndcg_at_100_max": 0.141203,
        "nauc_ndcg_at_100_std": 0.228692,
        "nauc_ndcg_at_100_diff1": 0.214672,
        "nauc_ndcg_at_1000_max": 0.155765,
        "nauc_ndcg_at_1000_std": 0.181774,
        "nauc_ndcg_at_1000_diff1": 0.150997,
        "nauc_map_at_1_max": NaN,
        "nauc_map_at_1_std": NaN,
        "nauc_map_at_1_diff1": NaN,
        "nauc_map_at_3_max": 0.002683,
        "nauc_map_at_3_std": 0.013952,
        "nauc_map_at_3_diff1": 0.397102,
        "nauc_map_at_5_max": 0.002683,
        "nauc_map_at_5_std": 0.013952,
        "nauc_map_at_5_diff1": 0.397102,
        "nauc_map_at_10_max": 0.132768,
        "nauc_map_at_10_std": -0.029409,
        "nauc_map_at_10_diff1": 0.475741,
        "nauc_map_at_20_max": 0.183472,
        "nauc_map_at_20_std": 0.047247,
        "nauc_map_at_20_diff1": 0.478069,
        "nauc_map_at_100_max": 0.144764,
        "nauc_map_at_100_std": 0.103727,
        "nauc_map_at_100_diff1": 0.377672,
        "nauc_map_at_1000_max": 0.143892,
        "nauc_map_at_1000_std": 0.099527,
        "nauc_map_at_1000_diff1": 0.368241,
        "nauc_recall_at_1_max": NaN,
        "nauc_recall_at_1_std": NaN,
        "nauc_recall_at_1_diff1": NaN,
        "nauc_recall_at_3_max": 0.002683,
        "nauc_recall_at_3_std": 0.013952,
        "nauc_recall_at_3_diff1": 0.397102,
        "nauc_recall_at_5_max": 0.002683,
        "nauc_recall_at_5_std": 0.013952,
        "nauc_recall_at_5_diff1": 0.397102,
        "nauc_recall_at_10_max": 0.335122,
        "nauc_recall_at_10_std": -0.096861,
        "nauc_recall_at_10_diff1": 0.598068,
        "nauc_recall_at_20_max": 0.31634,
        "nauc_recall_at_20_std": 0.137913,
        "nauc_recall_at_20_diff1": 0.522941,
        "nauc_recall_at_100_max": 0.129254,
        "nauc_recall_at_100_std": 0.28936,
        "nauc_recall_at_100_diff1": 0.121885,
        "nauc_recall_at_1000_max": 0.168983,
        "nauc_recall_at_1000_std": 0.207716,
        "nauc_recall_at_1000_diff1": -0.019553,
        "nauc_precision_at_1_max": NaN,
        "nauc_precision_at_1_std": NaN,
        "nauc_precision_at_1_diff1": NaN,
        "nauc_precision_at_3_max": 0.002683,
        "nauc_precision_at_3_std": 0.013952,
        "nauc_precision_at_3_diff1": 0.397102,
        "nauc_precision_at_5_max": 0.002683,
        "nauc_precision_at_5_std": 0.013952,
        "nauc_precision_at_5_diff1": 0.397102,
        "nauc_precision_at_10_max": 0.335122,
        "nauc_precision_at_10_std": -0.096861,
        "nauc_precision_at_10_diff1": 0.598068,
        "nauc_precision_at_20_max": 0.31634,
        "nauc_precision_at_20_std": 0.137913,
        "nauc_precision_at_20_diff1": 0.522941,
        "nauc_precision_at_100_max": 0.129254,
        "nauc_precision_at_100_std": 0.28936,
        "nauc_precision_at_100_diff1": 0.121885,
        "nauc_precision_at_1000_max": 0.168983,
        "nauc_precision_at_1000_std": 0.207716,
        "nauc_precision_at_1000_diff1": -0.019553,
        "nauc_mrr_at_1_max": NaN,
        "nauc_mrr_at_1_std": NaN,
        "nauc_mrr_at_1_diff1": NaN,
        "nauc_mrr_at_3_max": 0.002683,
        "nauc_mrr_at_3_std": 0.013952,
        "nauc_mrr_at_3_diff1": 0.397102,
        "nauc_mrr_at_5_max": 0.002683,
        "nauc_mrr_at_5_std": 0.013952,
        "nauc_mrr_at_5_diff1": 0.397102,
        "nauc_mrr_at_10_max": 0.132768,
        "nauc_mrr_at_10_std": -0.029409,
        "nauc_mrr_at_10_diff1": 0.475741,
        "nauc_mrr_at_20_max": 0.183472,
        "nauc_mrr_at_20_std": 0.047247,
        "nauc_mrr_at_20_diff1": 0.478069,
        "nauc_mrr_at_100_max": 0.144764,
        "nauc_mrr_at_100_std": 0.103727,
        "nauc_mrr_at_100_diff1": 0.377672,
        "nauc_mrr_at_1000_max": 0.143892,
        "nauc_mrr_at_1000_std": 0.099527,
        "nauc_mrr_at_1000_diff1": 0.368241,
        "hit_rate_at_1": 0.0,
        "hit_rate_at_3": 0.02,
        "hit_rate_at_5": 0.02,
        "hit_rate_at_10": 0.03,
        "hit_rate_at_20": 0.06,
        "hit_rate_at_100": 0.24,
        "hit_rate_at_1000": 0.67,
        "main_score": 0.01289,
        "hf_subset": "default",
        "languages": [
          "eng-Latn"
        ]
      }
    ]
  },
  "evaluation_time": 92.62885522842407,
  "kg_co2_emissions": null,
  "date": 1774422156.657846
}