{
  "dataset_revision": "31f9b918c30ef94e15a168cb95ca4ebf291396eb",
  "task_name": "LLMTwitterHjerneRetrieval",
  "mteb_version": "2.11.6",
  "scores": {
    "train": [
      {
        "ndcg_at_1": 0.81818,
        "ndcg_at_3": 0.66574,
        "ndcg_at_5": 0.66767,
        "ndcg_at_10": 0.71211,
        "ndcg_at_20": 0.73887,
        "ndcg_at_100": 0.7797,
        "ndcg_at_1000": 0.78758,
        "map_at_1": 0.26688,
        "map_at_3": 0.48398,
        "map_at_5": 0.5713,
        "map_at_10": 0.61153,
        "map_at_20": 0.62605,
        "map_at_100": 0.63622,
        "map_at_1000": 0.63718,
        "recall_at_1": 0.26688,
        "recall_at_3": 0.51537,
        "recall_at_5": 0.6329,
        "recall_at_10": 0.73052,
        "recall_at_20": 0.79892,
        "recall_at_100": 0.96126,
        "recall_at_1000": 1.0,
        "accuracy": 0.26688,
        "precision_at_1": 0.81818,
        "precision_at_3": 0.5671,
        "precision_at_5": 0.43117,
        "precision_at_10": 0.25325,
        "precision_at_20": 0.13961,
        "precision_at_100": 0.03273,
        "precision_at_1000": 0.0034,
        "mrr_at_1": 0.818182,
        "mrr_at_3": 0.867965,
        "mrr_at_5": 0.867965,
        "mrr_at_10": 0.871753,
        "mrr_at_20": 0.872934,
        "mrr_at_100": 0.874004,
        "mrr_at_1000": 0.874004,
        "nauc_ndcg_at_1_max": 0.717279,
        "nauc_ndcg_at_1_std": 0.133821,
        "nauc_ndcg_at_1_diff1": 0.613077,
        "nauc_ndcg_at_3_max": 0.533279,
        "nauc_ndcg_at_3_std": 0.073234,
        "nauc_ndcg_at_3_diff1": 0.347435,
        "nauc_ndcg_at_5_max": 0.546329,
        "nauc_ndcg_at_5_std": 0.097953,
        "nauc_ndcg_at_5_diff1": 0.35218,
        "nauc_ndcg_at_10_max": 0.574341,
        "nauc_ndcg_at_10_std": 0.136782,
        "nauc_ndcg_at_10_diff1": 0.390754,
        "nauc_ndcg_at_20_max": 0.584023,
        "nauc_ndcg_at_20_std": 0.148774,
        "nauc_ndcg_at_20_diff1": 0.369119,
        "nauc_ndcg_at_100_max": 0.59139,
        "nauc_ndcg_at_100_std": 0.168184,
        "nauc_ndcg_at_100_diff1": 0.370861,
        "nauc_ndcg_at_1000_max": 0.597463,
        "nauc_ndcg_at_1000_std": 0.152469,
        "nauc_ndcg_at_1000_diff1": 0.389053,
        "nauc_map_at_1_max": 0.184619,
        "nauc_map_at_1_std": -0.099643,
        "nauc_map_at_1_diff1": 0.409522,
        "nauc_map_at_3_max": 0.414309,
        "nauc_map_at_3_std": -0.067238,
        "nauc_map_at_3_diff1": 0.384622,
        "nauc_map_at_5_max": 0.506111,
        "nauc_map_at_5_std": 0.038007,
        "nauc_map_at_5_diff1": 0.325575,
        "nauc_map_at_10_max": 0.540843,
        "nauc_map_at_10_std": 0.07787,
        "nauc_map_at_10_diff1": 0.346361,
        "nauc_map_at_20_max": 0.546405,
        "nauc_map_at_20_std": 0.08178,
        "nauc_map_at_20_diff1": 0.338537,
        "nauc_map_at_100_max": 0.551495,
        "nauc_map_at_100_std": 0.092624,
        "nauc_map_at_100_diff1": 0.338137,
        "nauc_map_at_1000_max": 0.55126,
        "nauc_map_at_1000_std": 0.090829,
        "nauc_map_at_1000_diff1": 0.338855,
        "nauc_recall_at_1_max": 0.184619,
        "nauc_recall_at_1_std": -0.099643,
        "nauc_recall_at_1_diff1": 0.409522,
        "nauc_recall_at_3_max": 0.386307,
        "nauc_recall_at_3_std": -0.039716,
        "nauc_recall_at_3_diff1": 0.351836,
        "nauc_recall_at_5_max": 0.479118,
        "nauc_recall_at_5_std": 0.104682,
        "nauc_recall_at_5_diff1": 0.280376,
        "nauc_recall_at_10_max": 0.519756,
        "nauc_recall_at_10_std": 0.182683,
        "nauc_recall_at_10_diff1": 0.335869,
        "nauc_recall_at_20_max": 0.526043,
        "nauc_recall_at_20_std": 0.219963,
        "nauc_recall_at_20_diff1": 0.255055,
        "nauc_recall_at_100_max": 0.317542,
        "nauc_recall_at_100_std": 0.410836,
        "nauc_recall_at_100_diff1": -0.098671,
        "nauc_recall_at_1000_max": NaN,
        "nauc_recall_at_1000_std": NaN,
        "nauc_recall_at_1000_diff1": NaN,
        "nauc_precision_at_1_max": 0.717279,
        "nauc_precision_at_1_std": 0.133821,
        "nauc_precision_at_1_diff1": 0.613077,
        "nauc_precision_at_3_max": 0.523208,
        "nauc_precision_at_3_std": 0.140749,
        "nauc_precision_at_3_diff1": 0.210892,
        "nauc_precision_at_5_max": 0.487514,
        "nauc_precision_at_5_std": 0.203297,
        "nauc_precision_at_5_diff1": 0.101926,
        "nauc_precision_at_10_max": 0.447699,
        "nauc_precision_at_10_std": 0.262683,
        "nauc_precision_at_10_diff1": 0.078916,
        "nauc_precision_at_20_max": 0.376897,
        "nauc_precision_at_20_std": 0.272928,
        "nauc_precision_at_20_diff1": -0.011219,
        "nauc_precision_at_100_max": 0.247757,
        "nauc_precision_at_100_std": 0.309426,
        "nauc_precision_at_100_diff1": -0.13493,
        "nauc_precision_at_1000_max": 0.20439,
        "nauc_precision_at_1000_std": 0.261276,
        "nauc_precision_at_1000_diff1": -0.136474,
        "nauc_mrr_at_1_max": 0.717279,
        "nauc_mrr_at_1_std": 0.133821,
        "nauc_mrr_at_1_diff1": 0.613077,
        "nauc_mrr_at_3_max": 0.751024,
        "nauc_mrr_at_3_std": 0.228915,
        "nauc_mrr_at_3_diff1": 0.692528,
        "nauc_mrr_at_5_max": 0.751024,
        "nauc_mrr_at_5_std": 0.228915,
        "nauc_mrr_at_5_diff1": 0.692528,
        "nauc_mrr_at_10_max": 0.754652,
        "nauc_mrr_at_10_std": 0.236282,
        "nauc_mrr_at_10_diff1": 0.694551,
        "nauc_mrr_at_20_max": 0.752276,
        "nauc_mrr_at_20_std": 0.228888,
        "nauc_mrr_at_20_diff1": 0.691594,
        "nauc_mrr_at_100_max": 0.751792,
        "nauc_mrr_at_100_std": 0.227721,
        "nauc_mrr_at_100_diff1": 0.689335,
        "nauc_mrr_at_1000_max": 0.751792,
        "nauc_mrr_at_1000_std": 0.227721,
        "nauc_mrr_at_1000_diff1": 0.689335,
        "hit_rate_at_1": 0.81818,
        "hit_rate_at_3": 0.92208,
        "hit_rate_at_5": 0.92208,
        "hit_rate_at_10": 0.94805,
        "hit_rate_at_20": 0.96104,
        "hit_rate_at_100": 1.0,
        "hit_rate_at_1000": 1.0,
        "main_score": 0.71211,
        "hf_subset": "default",
        "languages": [
          "dan-Latn"
        ]
      }
    ]
  },
  "evaluation_time": 3.2733938694000244,
  "kg_co2_emissions": null,
  "date": 1774422194.881895
}