{
  "dataset_revision": "bc2a1e4c24771a6f3432578016cfb737732398fd",
  "task_name": "LLMWinoGrande",
  "mteb_version": "2.11.6",
  "scores": {
    "test": [
      {
        "ndcg_at_1": 0.24,
        "ndcg_at_3": 0.3519,
        "ndcg_at_5": 0.38289,
        "ndcg_at_10": 0.422,
        "ndcg_at_20": 0.45017,
        "ndcg_at_100": 0.48902,
        "ndcg_at_1000": 0.49587,
        "map_at_1": 0.24,
        "map_at_3": 0.32333,
        "map_at_5": 0.34058,
        "map_at_10": 0.35693,
        "map_at_20": 0.36486,
        "map_at_100": 0.3705,
        "map_at_1000": 0.37072,
        "recall_at_1": 0.24,
        "recall_at_3": 0.435,
        "recall_at_5": 0.51,
        "recall_at_10": 0.63,
        "recall_at_20": 0.74,
        "recall_at_100": 0.945,
        "recall_at_1000": 1.0,
        "accuracy": 0.24,
        "precision_at_1": 0.24,
        "precision_at_3": 0.145,
        "precision_at_5": 0.102,
        "precision_at_10": 0.063,
        "precision_at_20": 0.037,
        "precision_at_100": 0.00945,
        "precision_at_1000": 0.001,
        "mrr_at_1": 0.24,
        "mrr_at_3": 0.323333,
        "mrr_at_5": 0.340583,
        "mrr_at_10": 0.356927,
        "mrr_at_20": 0.36486,
        "mrr_at_100": 0.370504,
        "mrr_at_1000": 0.370721,
        "nauc_ndcg_at_1_max": -0.057318,
        "nauc_ndcg_at_1_std": -0.170875,
        "nauc_ndcg_at_1_diff1": 0.214032,
        "nauc_ndcg_at_3_max": 0.010765,
        "nauc_ndcg_at_3_std": -0.13782,
        "nauc_ndcg_at_3_diff1": 0.242977,
        "nauc_ndcg_at_5_max": 0.009253,
        "nauc_ndcg_at_5_std": -0.134587,
        "nauc_ndcg_at_5_diff1": 0.209807,
        "nauc_ndcg_at_10_max": -0.021936,
        "nauc_ndcg_at_10_std": -0.167369,
        "nauc_ndcg_at_10_diff1": 0.198732,
        "nauc_ndcg_at_20_max": -0.039431,
        "nauc_ndcg_at_20_std": -0.16487,
        "nauc_ndcg_at_20_diff1": 0.198222,
        "nauc_ndcg_at_100_max": -0.049169,
        "nauc_ndcg_at_100_std": -0.174199,
        "nauc_ndcg_at_100_diff1": 0.194399,
        "nauc_ndcg_at_1000_max": -0.032887,
        "nauc_ndcg_at_1000_std": -0.164518,
        "nauc_ndcg_at_1000_diff1": 0.204317,
        "nauc_map_at_1_max": -0.057318,
        "nauc_map_at_1_std": -0.170875,
        "nauc_map_at_1_diff1": 0.214032,
        "nauc_map_at_3_max": -0.006377,
        "nauc_map_at_3_std": -0.147975,
        "nauc_map_at_3_diff1": 0.236521,
        "nauc_map_at_5_max": -0.007751,
        "nauc_map_at_5_std": -0.146133,
        "nauc_map_at_5_diff1": 0.216847,
        "nauc_map_at_10_max": -0.021654,
        "nauc_map_at_10_std": -0.159568,
        "nauc_map_at_10_diff1": 0.212917,
        "nauc_map_at_20_max": -0.026194,
        "nauc_map_at_20_std": -0.158533,
        "nauc_map_at_20_diff1": 0.212902,
        "nauc_map_at_100_max": -0.027053,
        "nauc_map_at_100_std": -0.160421,
        "nauc_map_at_100_diff1": 0.212775,
        "nauc_map_at_1000_max": -0.026626,
        "nauc_map_at_1000_std": -0.160087,
        "nauc_map_at_1000_diff1": 0.212982,
        "nauc_recall_at_1_max": -0.057318,
        "nauc_recall_at_1_std": -0.170875,
        "nauc_recall_at_1_diff1": 0.214032,
        "nauc_recall_at_3_max": 0.057622,
        "nauc_recall_at_3_std": -0.109433,
        "nauc_recall_at_3_diff1": 0.260339,
        "nauc_recall_at_5_max": 0.05718,
        "nauc_recall_at_5_std": -0.101295,
        "nauc_recall_at_5_diff1": 0.18684,
        "nauc_recall_at_10_max": -0.033391,
        "nauc_recall_at_10_std": -0.20544,
        "nauc_recall_at_10_diff1": 0.143625,
        "nauc_recall_at_20_max": -0.127833,
        "nauc_recall_at_20_std": -0.205983,
        "nauc_recall_at_20_diff1": 0.125664,
        "nauc_recall_at_100_max": -0.678805,
        "nauc_recall_at_100_std": -0.523725,
        "nauc_recall_at_100_diff1": -0.206307,
        "nauc_recall_at_1000_max": NaN,
        "nauc_recall_at_1000_std": NaN,
        "nauc_recall_at_1000_diff1": NaN,
        "nauc_precision_at_1_max": -0.057318,
        "nauc_precision_at_1_std": -0.170875,
        "nauc_precision_at_1_diff1": 0.214032,
        "nauc_precision_at_3_max": 0.057622,
        "nauc_precision_at_3_std": -0.109433,
        "nauc_precision_at_3_diff1": 0.260339,
        "nauc_precision_at_5_max": 0.05718,
        "nauc_precision_at_5_std": -0.101295,
        "nauc_precision_at_5_diff1": 0.18684,
        "nauc_precision_at_10_max": -0.033391,
        "nauc_precision_at_10_std": -0.20544,
        "nauc_precision_at_10_diff1": 0.143625,
        "nauc_precision_at_20_max": -0.127833,
        "nauc_precision_at_20_std": -0.205983,
        "nauc_precision_at_20_diff1": 0.125664,
        "nauc_precision_at_100_max": -0.678805,
        "nauc_precision_at_100_std": -0.523725,
        "nauc_precision_at_100_diff1": -0.206307,
        "nauc_precision_at_1000_max": 1.0,
        "nauc_precision_at_1000_std": 1.0,
        "nauc_precision_at_1000_diff1": 1.0,
        "nauc_mrr_at_1_max": -0.057318,
        "nauc_mrr_at_1_std": -0.170875,
        "nauc_mrr_at_1_diff1": 0.214032,
        "nauc_mrr_at_3_max": -0.006377,
        "nauc_mrr_at_3_std": -0.147975,
        "nauc_mrr_at_3_diff1": 0.236521,
        "nauc_mrr_at_5_max": -0.007751,
        "nauc_mrr_at_5_std": -0.146133,
        "nauc_mrr_at_5_diff1": 0.216847,
        "nauc_mrr_at_10_max": -0.021654,
        "nauc_mrr_at_10_std": -0.159568,
        "nauc_mrr_at_10_diff1": 0.212917,
        "nauc_mrr_at_20_max": -0.026194,
        "nauc_mrr_at_20_std": -0.158533,
        "nauc_mrr_at_20_diff1": 0.212902,
        "nauc_mrr_at_100_max": -0.027053,
        "nauc_mrr_at_100_std": -0.160421,
        "nauc_mrr_at_100_diff1": 0.212775,
        "nauc_mrr_at_1000_max": -0.026626,
        "nauc_mrr_at_1000_std": -0.160087,
        "nauc_mrr_at_1000_diff1": 0.212982,
        "hit_rate_at_1": 0.24,
        "hit_rate_at_3": 0.435,
        "hit_rate_at_5": 0.51,
        "hit_rate_at_10": 0.63,
        "hit_rate_at_20": 0.74,
        "hit_rate_at_100": 0.945,
        "hit_rate_at_1000": 1.0,
        "main_score": 0.422,
        "hf_subset": "default",
        "languages": [
          "eng-Latn"
        ]
      }
    ]
  },
  "evaluation_time": 44.2393593788147,
  "kg_co2_emissions": null,
  "date": 1774422242.105885
}