{
  "dataset_revision": "a2acf12d293ea934823ca26752a05c5bfab24dff",
  "task_name": "LLMAILAStatutes",
  "mteb_version": "2.11.6",
  "scores": {
    "test": [
      {
        "ndcg_at_1": 0.32,
        "ndcg_at_3": 0.25365,
        "ndcg_at_5": 0.22684,
        "ndcg_at_10": 0.29194,
        "ndcg_at_20": 0.35542,
        "ndcg_at_100": 0.50558,
        "ndcg_at_1000": 0.50558,
        "map_at_1": 0.074,
        "map_at_3": 0.12583,
        "map_at_5": 0.13838,
        "map_at_10": 0.1677,
        "map_at_20": 0.19514,
        "map_at_100": 0.23592,
        "map_at_1000": 0.23592,
        "recall_at_1": 0.074,
        "recall_at_3": 0.171,
        "recall_at_5": 0.207,
        "recall_at_10": 0.33267,
        "recall_at_20": 0.48733,
        "recall_at_100": 1.0,
        "recall_at_1000": 1.0,
        "accuracy": 0.074,
        "precision_at_1": 0.32,
        "precision_at_3": 0.23333,
        "precision_at_5": 0.172,
        "precision_at_10": 0.142,
        "precision_at_20": 0.106,
        "precision_at_100": 0.0434,
        "precision_at_1000": 0.00434,
        "mrr_at_1": 0.32,
        "mrr_at_3": 0.426667,
        "mrr_at_5": 0.450667,
        "mrr_at_10": 0.476944,
        "mrr_at_20": 0.480869,
        "mrr_at_100": 0.48284,
        "mrr_at_1000": 0.48284,
        "nauc_ndcg_at_1_max": 0.211576,
        "nauc_ndcg_at_1_std": 0.132827,
        "nauc_ndcg_at_1_diff1": -0.138473,
        "nauc_ndcg_at_3_max": 0.294527,
        "nauc_ndcg_at_3_std": 0.115256,
        "nauc_ndcg_at_3_diff1": -0.13411,
        "nauc_ndcg_at_5_max": 0.311263,
        "nauc_ndcg_at_5_std": 0.181161,
        "nauc_ndcg_at_5_diff1": -0.1282,
        "nauc_ndcg_at_10_max": 0.255981,
        "nauc_ndcg_at_10_std": 0.123502,
        "nauc_ndcg_at_10_diff1": -0.225239,
        "nauc_ndcg_at_20_max": 0.196364,
        "nauc_ndcg_at_20_std": 0.091194,
        "nauc_ndcg_at_20_diff1": -0.25518,
        "nauc_ndcg_at_100_max": 0.213215,
        "nauc_ndcg_at_100_std": 0.13865,
        "nauc_ndcg_at_100_diff1": -0.208905,
        "nauc_ndcg_at_1000_max": 0.213215,
        "nauc_ndcg_at_1000_std": 0.13865,
        "nauc_ndcg_at_1000_diff1": -0.208905,
        "nauc_map_at_1_max": 0.230497,
        "nauc_map_at_1_std": 0.15776,
        "nauc_map_at_1_diff1": -0.103404,
        "nauc_map_at_3_max": 0.313376,
        "nauc_map_at_3_std": 0.124926,
        "nauc_map_at_3_diff1": -0.126899,
        "nauc_map_at_5_max": 0.328224,
        "nauc_map_at_5_std": 0.165001,
        "nauc_map_at_5_diff1": -0.124354,
        "nauc_map_at_10_max": 0.303705,
        "nauc_map_at_10_std": 0.149651,
        "nauc_map_at_10_diff1": -0.175159,
        "nauc_map_at_20_max": 0.271734,
        "nauc_map_at_20_std": 0.135237,
        "nauc_map_at_20_diff1": -0.20109,
        "nauc_map_at_100_max": 0.265399,
        "nauc_map_at_100_std": 0.146939,
        "nauc_map_at_100_diff1": -0.20009,
        "nauc_map_at_1000_max": 0.265399,
        "nauc_map_at_1000_std": 0.146939,
        "nauc_map_at_1000_diff1": -0.20009,
        "nauc_recall_at_1_max": 0.230497,
        "nauc_recall_at_1_std": 0.15776,
        "nauc_recall_at_1_diff1": -0.103404,
        "nauc_recall_at_3_max": 0.332875,
        "nauc_recall_at_3_std": 0.093061,
        "nauc_recall_at_3_diff1": -0.103293,
        "nauc_recall_at_5_max": 0.327866,
        "nauc_recall_at_5_std": 0.181673,
        "nauc_recall_at_5_diff1": -0.095335,
        "nauc_recall_at_10_max": 0.195099,
        "nauc_recall_at_10_std": 0.03602,
        "nauc_recall_at_10_diff1": -0.272409,
        "nauc_recall_at_20_max": 0.041272,
        "nauc_recall_at_20_std": -0.044962,
        "nauc_recall_at_20_diff1": -0.317651,
        "nauc_recall_at_100_max": NaN,
        "nauc_recall_at_100_std": NaN,
        "nauc_recall_at_100_diff1": NaN,
        "nauc_recall_at_1000_max": NaN,
        "nauc_recall_at_1000_std": NaN,
        "nauc_recall_at_1000_diff1": NaN,
        "nauc_precision_at_1_max": 0.211576,
        "nauc_precision_at_1_std": 0.132827,
        "nauc_precision_at_1_diff1": -0.138473,
        "nauc_precision_at_3_max": 0.322666,
        "nauc_precision_at_3_std": 0.083227,
        "nauc_precision_at_3_diff1": -0.093972,
        "nauc_precision_at_5_max": 0.311166,
        "nauc_precision_at_5_std": 0.18811,
        "nauc_precision_at_5_diff1": -0.097028,
        "nauc_precision_at_10_max": 0.115248,
        "nauc_precision_at_10_std": 0.033315,
        "nauc_precision_at_10_diff1": -0.312511,
        "nauc_precision_at_20_max": -0.055508,
        "nauc_precision_at_20_std": -0.052919,
        "nauc_precision_at_20_diff1": -0.324522,
        "nauc_precision_at_100_max": -0.379064,
        "nauc_precision_at_100_std": -0.124549,
        "nauc_precision_at_100_diff1": -0.033772,
        "nauc_precision_at_1000_max": -0.379064,
        "nauc_precision_at_1000_std": -0.124549,
        "nauc_precision_at_1000_diff1": -0.033772,
        "nauc_mrr_at_1_max": 0.211576,
        "nauc_mrr_at_1_std": 0.132827,
        "nauc_mrr_at_1_diff1": -0.138473,
        "nauc_mrr_at_3_max": 0.258252,
        "nauc_mrr_at_3_std": 0.159603,
        "nauc_mrr_at_3_diff1": -0.146446,
        "nauc_mrr_at_5_max": 0.23131,
        "nauc_mrr_at_5_std": 0.17001,
        "nauc_mrr_at_5_diff1": -0.159702,
        "nauc_mrr_at_10_max": 0.200221,
        "nauc_mrr_at_10_std": 0.137333,
        "nauc_mrr_at_10_diff1": -0.188667,
        "nauc_mrr_at_20_max": 0.207205,
        "nauc_mrr_at_20_std": 0.146292,
        "nauc_mrr_at_20_diff1": -0.185593,
        "nauc_mrr_at_100_max": 0.210682,
        "nauc_mrr_at_100_std": 0.148227,
        "nauc_mrr_at_100_diff1": -0.179634,
        "nauc_mrr_at_1000_max": 0.210682,
        "nauc_mrr_at_1000_std": 0.148227,
        "nauc_mrr_at_1000_diff1": -0.179634,
        "hit_rate_at_1": 0.32,
        "hit_rate_at_3": 0.58,
        "hit_rate_at_5": 0.68,
        "hit_rate_at_10": 0.88,
        "hit_rate_at_20": 0.94,
        "hit_rate_at_100": 1.0,
        "hit_rate_at_1000": 1.0,
        "main_score": 0.29194,
        "hf_subset": "default",
        "languages": [
          "eng-Latn"
        ]
      }
    ]
  },
  "evaluation_time": 6.9530348777771,
  "kg_co2_emissions": null,
  "date": 1774495312.188475
}