{
  "dataset_revision": "300cb175d1b608cfc3fdb94fd06b3ceb937f9b6a",
  "task_name": "LLMLegalBenchCorporateLobbying",
  "mteb_version": "2.11.6",
  "scores": {
    "test": [
      {
        "ndcg_at_1": 0.81176,
        "ndcg_at_3": 0.88963,
        "ndcg_at_5": 0.90065,
        "ndcg_at_10": 0.90246,
        "ndcg_at_20": 0.90702,
        "ndcg_at_100": 0.9081,
        "ndcg_at_1000": 0.90883,
        "map_at_1": 0.81176,
        "map_at_3": 0.87255,
        "map_at_5": 0.87873,
        "map_at_10": 0.87942,
        "map_at_20": 0.88072,
        "map_at_100": 0.88087,
        "map_at_1000": 0.88089,
        "recall_at_1": 0.81176,
        "recall_at_3": 0.93824,
        "recall_at_5": 0.96471,
        "recall_at_10": 0.97059,
        "recall_at_20": 0.98824,
        "recall_at_100": 0.99412,
        "recall_at_1000": 1.0,
        "accuracy": 0.81176,
        "precision_at_1": 0.81176,
        "precision_at_3": 0.31275,
        "precision_at_5": 0.19294,
        "precision_at_10": 0.09706,
        "precision_at_20": 0.04941,
        "precision_at_100": 0.00994,
        "precision_at_1000": 0.001,
        "mrr_at_1": 0.811765,
        "mrr_at_3": 0.872549,
        "mrr_at_5": 0.878725,
        "mrr_at_10": 0.87942,
        "mrr_at_20": 0.880722,
        "mrr_at_100": 0.880867,
        "mrr_at_1000": 0.880888,
        "nauc_ndcg_at_1_max": 0.445465,
        "nauc_ndcg_at_1_std": 0.088773,
        "nauc_ndcg_at_1_diff1": 0.886236,
        "nauc_ndcg_at_3_max": 0.60783,
        "nauc_ndcg_at_3_std": 0.227132,
        "nauc_ndcg_at_3_diff1": 0.874389,
        "nauc_ndcg_at_5_max": 0.57098,
        "nauc_ndcg_at_5_std": 0.208723,
        "nauc_ndcg_at_5_diff1": 0.873475,
        "nauc_ndcg_at_10_max": 0.566873,
        "nauc_ndcg_at_10_std": 0.194583,
        "nauc_ndcg_at_10_diff1": 0.876415,
        "nauc_ndcg_at_20_max": 0.545638,
        "nauc_ndcg_at_20_std": 0.169121,
        "nauc_ndcg_at_20_diff1": 0.876424,
        "nauc_ndcg_at_100_max": 0.539991,
        "nauc_ndcg_at_100_std": 0.160627,
        "nauc_ndcg_at_100_diff1": 0.874888,
        "nauc_ndcg_at_1000_max": 0.538881,
        "nauc_ndcg_at_1000_std": 0.165278,
        "nauc_ndcg_at_1000_diff1": 0.876879,
        "nauc_map_at_1_max": 0.445465,
        "nauc_map_at_1_std": 0.088773,
        "nauc_map_at_1_diff1": 0.886236,
        "nauc_map_at_3_max": 0.554205,
        "nauc_map_at_3_std": 0.178444,
        "nauc_map_at_3_diff1": 0.878037,
        "nauc_map_at_5_max": 0.534299,
        "nauc_map_at_5_std": 0.167264,
        "nauc_map_at_5_diff1": 0.877694,
        "nauc_map_at_10_max": 0.532752,
        "nauc_map_at_10_std": 0.162599,
        "nauc_map_at_10_diff1": 0.878635,
        "nauc_map_at_20_max": 0.527569,
        "nauc_map_at_20_std": 0.157005,
        "nauc_map_at_20_diff1": 0.878786,
        "nauc_map_at_100_max": 0.526966,
        "nauc_map_at_100_std": 0.156148,
        "nauc_map_at_100_diff1": 0.878632,
        "nauc_map_at_1000_max": 0.526944,
        "nauc_map_at_1000_std": 0.156276,
        "nauc_map_at_1000_diff1": 0.878679,
        "nauc_recall_at_1_max": 0.445465,
        "nauc_recall_at_1_std": 0.088773,
        "nauc_recall_at_1_diff1": 0.886236,
        "nauc_recall_at_3_max": 0.910075,
        "nauc_recall_at_3_std": 0.504135,
        "nauc_recall_at_3_diff1": 0.854053,
        "nauc_recall_at_5_max": 0.898459,
        "nauc_recall_at_5_std": 0.593721,
        "nauc_recall_at_5_diff1": 0.834462,
        "nauc_recall_at_10_max": 0.922736,
        "nauc_recall_at_10_std": 0.525537,
        "nauc_recall_at_10_diff1": 0.856909,
        "nauc_recall_at_20_max": 0.839519,
        "nauc_recall_at_20_std": 0.245565,
        "nauc_recall_at_20_diff1": 0.819094,
        "nauc_recall_at_100_max": 0.679038,
        "nauc_recall_at_100_std": -0.369981,
        "nauc_recall_at_100_diff1": 0.638189,
        "nauc_recall_at_1000_max": NaN,
        "nauc_recall_at_1000_std": NaN,
        "nauc_recall_at_1000_diff1": NaN,
        "nauc_precision_at_1_max": 0.445465,
        "nauc_precision_at_1_std": 0.088773,
        "nauc_precision_at_1_diff1": 0.886236,
        "nauc_precision_at_3_max": 0.910075,
        "nauc_precision_at_3_std": 0.504135,
        "nauc_precision_at_3_diff1": 0.854053,
        "nauc_precision_at_5_max": 0.898459,
        "nauc_precision_at_5_std": 0.593721,
        "nauc_precision_at_5_diff1": 0.834462,
        "nauc_precision_at_10_max": 0.922736,
        "nauc_precision_at_10_std": 0.525537,
        "nauc_precision_at_10_diff1": 0.856909,
        "nauc_precision_at_20_max": 0.839519,
        "nauc_precision_at_20_std": 0.245565,
        "nauc_precision_at_20_diff1": 0.819094,
        "nauc_precision_at_100_max": 0.679038,
        "nauc_precision_at_100_std": -0.369981,
        "nauc_precision_at_100_diff1": 0.638189,
        "nauc_precision_at_1000_max": 1.0,
        "nauc_precision_at_1000_std": 1.0,
        "nauc_precision_at_1000_diff1": 1.0,
        "nauc_mrr_at_1_max": 0.445465,
        "nauc_mrr_at_1_std": 0.088773,
        "nauc_mrr_at_1_diff1": 0.886236,
        "nauc_mrr_at_3_max": 0.554205,
        "nauc_mrr_at_3_std": 0.178444,
        "nauc_mrr_at_3_diff1": 0.878037,
        "nauc_mrr_at_5_max": 0.534299,
        "nauc_mrr_at_5_std": 0.167264,
        "nauc_mrr_at_5_diff1": 0.877694,
        "nauc_mrr_at_10_max": 0.532752,
        "nauc_mrr_at_10_std": 0.162599,
        "nauc_mrr_at_10_diff1": 0.878635,
        "nauc_mrr_at_20_max": 0.527569,
        "nauc_mrr_at_20_std": 0.157005,
        "nauc_mrr_at_20_diff1": 0.878786,
        "nauc_mrr_at_100_max": 0.526966,
        "nauc_mrr_at_100_std": 0.156148,
        "nauc_mrr_at_100_diff1": 0.878632,
        "nauc_mrr_at_1000_max": 0.526944,
        "nauc_mrr_at_1000_std": 0.156276,
        "nauc_mrr_at_1000_diff1": 0.878679,
        "hit_rate_at_1": 0.81176,
        "hit_rate_at_3": 0.93824,
        "hit_rate_at_5": 0.96471,
        "hit_rate_at_10": 0.97059,
        "hit_rate_at_20": 0.98824,
        "hit_rate_at_100": 0.99412,
        "hit_rate_at_1000": 1.0,
        "main_score": 0.90246,
        "hf_subset": "default",
        "languages": [
          "eng-Latn"
        ]
      }
    ]
  },
  "evaluation_time": 1.7732141017913818,
  "kg_co2_emissions": null,
  "date": 1774495317.164594
}