{
  "dataset_revision": "d6628df131c3279007b88fe3e057e809dac056af",
  "task_name": "LLMSpartQA",
  "mteb_version": "2.11.6",
  "scores": {
    "test": [
      {
        "ndcg_at_1": 0.015,
        "ndcg_at_3": 0.0456,
        "ndcg_at_5": 0.05669,
        "ndcg_at_10": 0.08074,
        "ndcg_at_20": 0.10206,
        "ndcg_at_100": 0.12778,
        "ndcg_at_1000": 0.1645,
        "map_at_1": 0.01167,
        "map_at_3": 0.03556,
        "map_at_5": 0.04139,
        "map_at_10": 0.05049,
        "map_at_20": 0.05645,
        "map_at_100": 0.05956,
        "map_at_1000": 0.0608,
        "recall_at_1": 0.01167,
        "recall_at_3": 0.065,
        "recall_at_5": 0.08833,
        "recall_at_10": 0.155,
        "recall_at_20": 0.22667,
        "recall_at_100": 0.35667,
        "recall_at_1000": 0.61333,
        "accuracy": 0.01167,
        "precision_at_1": 0.015,
        "precision_at_3": 0.02833,
        "precision_at_5": 0.025,
        "precision_at_10": 0.0225,
        "precision_at_20": 0.018,
        "precision_at_100": 0.0056,
        "precision_at_1000": 0.00104,
        "mrr_at_1": 0.015,
        "mrr_at_3": 0.045,
        "mrr_at_5": 0.053,
        "mrr_at_10": 0.06698,
        "mrr_at_20": 0.073252,
        "mrr_at_100": 0.076941,
        "mrr_at_1000": 0.078183,
        "nauc_ndcg_at_1_max": -0.096861,
        "nauc_ndcg_at_1_std": 0.361417,
        "nauc_ndcg_at_1_diff1": 0.117252,
        "nauc_ndcg_at_3_max": -0.077457,
        "nauc_ndcg_at_3_std": 0.560442,
        "nauc_ndcg_at_3_diff1": 0.113643,
        "nauc_ndcg_at_5_max": -0.114386,
        "nauc_ndcg_at_5_std": 0.577862,
        "nauc_ndcg_at_5_diff1": 0.063832,
        "nauc_ndcg_at_10_max": -0.101655,
        "nauc_ndcg_at_10_std": 0.581152,
        "nauc_ndcg_at_10_diff1": 0.05737,
        "nauc_ndcg_at_20_max": -0.113119,
        "nauc_ndcg_at_20_std": 0.55742,
        "nauc_ndcg_at_20_diff1": 0.014754,
        "nauc_ndcg_at_100_max": -0.055176,
        "nauc_ndcg_at_100_std": 0.552949,
        "nauc_ndcg_at_100_diff1": 0.057314,
        "nauc_ndcg_at_1000_max": -0.052621,
        "nauc_ndcg_at_1000_std": 0.591014,
        "nauc_ndcg_at_1000_diff1": 0.084014,
        "nauc_map_at_1_max": -0.15267,
        "nauc_map_at_1_std": 0.372149,
        "nauc_map_at_1_diff1": 0.170915,
        "nauc_map_at_3_max": -0.079597,
        "nauc_map_at_3_std": 0.5598,
        "nauc_map_at_3_diff1": 0.132731,
        "nauc_map_at_5_max": -0.105755,
        "nauc_map_at_5_std": 0.569371,
        "nauc_map_at_5_diff1": 0.089461,
        "nauc_map_at_10_max": -0.096546,
        "nauc_map_at_10_std": 0.571929,
        "nauc_map_at_10_diff1": 0.084465,
        "nauc_map_at_20_max": -0.104987,
        "nauc_map_at_20_std": 0.562877,
        "nauc_map_at_20_diff1": 0.061751,
        "nauc_map_at_100_max": -0.0969,
        "nauc_map_at_100_std": 0.563858,
        "nauc_map_at_100_diff1": 0.07067,
        "nauc_map_at_1000_max": -0.097742,
        "nauc_map_at_1000_std": 0.56623,
        "nauc_map_at_1000_diff1": 0.071888,
        "nauc_recall_at_1_max": -0.15267,
        "nauc_recall_at_1_std": 0.372149,
        "nauc_recall_at_1_diff1": 0.170915,
        "nauc_recall_at_3_max": -0.079173,
        "nauc_recall_at_3_std": 0.585354,
        "nauc_recall_at_3_diff1": 0.088522,
        "nauc_recall_at_5_max": -0.130739,
        "nauc_recall_at_5_std": 0.609436,
        "nauc_recall_at_5_diff1": 0.022308,
        "nauc_recall_at_10_max": -0.099113,
        "nauc_recall_at_10_std": 0.587268,
        "nauc_recall_at_10_diff1": 0.018817,
        "nauc_recall_at_20_max": -0.10664,
        "nauc_recall_at_20_std": 0.53018,
        "nauc_recall_at_20_diff1": -0.031918,
        "nauc_recall_at_100_max": 0.037833,
        "nauc_recall_at_100_std": 0.491877,
        "nauc_recall_at_100_diff1": 0.0707,
        "nauc_recall_at_1000_max": 0.094134,
        "nauc_recall_at_1000_std": 0.54208,
        "nauc_recall_at_1000_diff1": 0.163251,
        "nauc_precision_at_1_max": -0.096861,
        "nauc_precision_at_1_std": 0.361417,
        "nauc_precision_at_1_diff1": 0.117252,
        "nauc_precision_at_3_max": -0.075633,
        "nauc_precision_at_3_std": 0.539292,
        "nauc_precision_at_3_diff1": 0.084676,
        "nauc_precision_at_5_max": -0.134181,
        "nauc_precision_at_5_std": 0.556816,
        "nauc_precision_at_5_diff1": 0.031611,
        "nauc_precision_at_10_max": -0.124295,
        "nauc_precision_at_10_std": 0.57694,
        "nauc_precision_at_10_diff1": 0.03231,
        "nauc_precision_at_20_max": -0.149792,
        "nauc_precision_at_20_std": 0.482131,
        "nauc_precision_at_20_diff1": -0.05789,
        "nauc_precision_at_100_max": -0.029703,
        "nauc_precision_at_100_std": 0.435688,
        "nauc_precision_at_100_diff1": 0.010219,
        "nauc_precision_at_1000_max": -0.023511,
        "nauc_precision_at_1000_std": 0.343812,
        "nauc_precision_at_1000_diff1": 0.080968,
        "nauc_mrr_at_1_max": -0.096861,
        "nauc_mrr_at_1_std": 0.361417,
        "nauc_mrr_at_1_diff1": 0.117252,
        "nauc_mrr_at_3_max": -0.071461,
        "nauc_mrr_at_3_std": 0.524193,
        "nauc_mrr_at_3_diff1": 0.11608,
        "nauc_mrr_at_5_max": -0.099275,
        "nauc_mrr_at_5_std": 0.545963,
        "nauc_mrr_at_5_diff1": 0.087799,
        "nauc_mrr_at_10_max": -0.098794,
        "nauc_mrr_at_10_std": 0.551237,
        "nauc_mrr_at_10_diff1": 0.085407,
        "nauc_mrr_at_20_max": -0.098645,
        "nauc_mrr_at_20_std": 0.544044,
        "nauc_mrr_at_20_diff1": 0.06435,
        "nauc_mrr_at_100_max": -0.085475,
        "nauc_mrr_at_100_std": 0.540204,
        "nauc_mrr_at_100_diff1": 0.074021,
        "nauc_mrr_at_1000_max": -0.084979,
        "nauc_mrr_at_1000_std": 0.541217,
        "nauc_mrr_at_1000_diff1": 0.074336,
        "hit_rate_at_1": 0.015,
        "hit_rate_at_3": 0.085,
        "hit_rate_at_5": 0.12,
        "hit_rate_at_10": 0.22,
        "hit_rate_at_20": 0.31,
        "hit_rate_at_100": 0.48,
        "hit_rate_at_1000": 0.775,
        "main_score": 0.08074,
        "hf_subset": "default",
        "languages": [
          "eng-Latn"
        ]
      }
    ]
  },
  "evaluation_time": 0.9479074478149414,
  "kg_co2_emissions": null,
  "date": 1774495321.124645
}