{
  "dataset_revision": "1c61e95df3d70835785db4d70f17d3a16a7bd4ce",
  "task_name": "LLMTempReasonL1",
  "mteb_version": "2.11.6",
  "scores": {
    "test": [
      {
        "ndcg_at_1": 0.0,
        "ndcg_at_3": 0.005,
        "ndcg_at_5": 0.005,
        "ndcg_at_10": 0.00833,
        "ndcg_at_20": 0.01595,
        "ndcg_at_100": 0.03067,
        "ndcg_at_1000": 0.08676,
        "map_at_1": 0.0,
        "map_at_3": 0.00333,
        "map_at_5": 0.00333,
        "map_at_10": 0.00476,
        "map_at_20": 0.00687,
        "map_at_100": 0.00825,
        "map_at_1000": 0.00978,
        "recall_at_1": 0.0,
        "recall_at_3": 0.01,
        "recall_at_5": 0.01,
        "recall_at_10": 0.02,
        "recall_at_20": 0.05,
        "recall_at_100": 0.14,
        "recall_at_1000": 0.62,
        "accuracy": 0.0,
        "precision_at_1": 0.0,
        "precision_at_3": 0.00333,
        "precision_at_5": 0.002,
        "precision_at_10": 0.002,
        "precision_at_20": 0.0025,
        "precision_at_100": 0.0014,
        "precision_at_1000": 0.00062,
        "mrr_at_1": 0.0,
        "mrr_at_3": 0.003333,
        "mrr_at_5": 0.003333,
        "mrr_at_10": 0.004762,
        "mrr_at_20": 0.006865,
        "mrr_at_100": 0.008254,
        "mrr_at_1000": 0.00978,
        "nauc_ndcg_at_1_max": NaN,
        "nauc_ndcg_at_1_std": NaN,
        "nauc_ndcg_at_1_diff1": NaN,
        "nauc_ndcg_at_3_max": 1.0,
        "nauc_ndcg_at_3_std": 0.098471,
        "nauc_ndcg_at_3_diff1": 0.661926,
        "nauc_ndcg_at_5_max": 1.0,
        "nauc_ndcg_at_5_std": 0.098471,
        "nauc_ndcg_at_5_diff1": 0.661926,
        "nauc_ndcg_at_10_max": 1.0,
        "nauc_ndcg_at_10_std": 0.323853,
        "nauc_ndcg_at_10_diff1": 0.797156,
        "nauc_ndcg_at_20_max": 0.624003,
        "nauc_ndcg_at_20_std": 0.168986,
        "nauc_ndcg_at_20_diff1": 0.567186,
        "nauc_ndcg_at_100_max": 0.324772,
        "nauc_ndcg_at_100_std": 0.103047,
        "nauc_ndcg_at_100_diff1": 0.279864,
        "nauc_ndcg_at_1000_max": 0.298906,
        "nauc_ndcg_at_1000_std": 0.064544,
        "nauc_ndcg_at_1000_diff1": 0.25843,
        "nauc_map_at_1_max": NaN,
        "nauc_map_at_1_std": NaN,
        "nauc_map_at_1_diff1": NaN,
        "nauc_map_at_3_max": 1.0,
        "nauc_map_at_3_std": 0.098471,
        "nauc_map_at_3_diff1": 0.661926,
        "nauc_map_at_5_max": 1.0,
        "nauc_map_at_5_std": 0.098471,
        "nauc_map_at_5_diff1": 0.661926,
        "nauc_map_at_10_max": 1.0,
        "nauc_map_at_10_std": 0.267507,
        "nauc_map_at_10_diff1": 0.763349,
        "nauc_map_at_20_max": 0.763349,
        "nauc_map_at_20_std": 0.199176,
        "nauc_map_at_20_diff1": 0.631962,
        "nauc_map_at_100_max": 0.637543,
        "nauc_map_at_100_std": 0.185451,
        "nauc_map_at_100_diff1": 0.515007,
        "nauc_map_at_1000_max": 0.600651,
        "nauc_map_at_1000_std": 0.181926,
        "nauc_map_at_1000_diff1": 0.494574,
        "nauc_recall_at_1_max": NaN,
        "nauc_recall_at_1_std": NaN,
        "nauc_recall_at_1_diff1": NaN,
        "nauc_recall_at_3_max": 1.0,
        "nauc_recall_at_3_std": 0.098471,
        "nauc_recall_at_3_diff1": 0.661926,
        "nauc_recall_at_5_max": 1.0,
        "nauc_recall_at_5_std": 0.098471,
        "nauc_recall_at_5_diff1": 0.661926,
        "nauc_recall_at_10_max": 1.0,
        "nauc_recall_at_10_std": 0.380199,
        "nauc_recall_at_10_diff1": 0.830963,
        "nauc_recall_at_20_max": 0.522189,
        "nauc_recall_at_20_std": 0.137752,
        "nauc_recall_at_20_diff1": 0.515428,
        "nauc_recall_at_100_max": 0.1754,
        "nauc_recall_at_100_std": 0.053566,
        "nauc_recall_at_100_diff1": 0.16212,
        "nauc_recall_at_1000_max": 0.213334,
        "nauc_recall_at_1000_std": -0.020844,
        "nauc_recall_at_1000_diff1": 0.168446,
        "nauc_precision_at_1_max": NaN,
        "nauc_precision_at_1_std": NaN,
        "nauc_precision_at_1_diff1": NaN,
        "nauc_precision_at_3_max": 1.0,
        "nauc_precision_at_3_std": 0.098471,
        "nauc_precision_at_3_diff1": 0.661926,
        "nauc_precision_at_5_max": 1.0,
        "nauc_precision_at_5_std": 0.098471,
        "nauc_precision_at_5_diff1": 0.661926,
        "nauc_precision_at_10_max": 1.0,
        "nauc_precision_at_10_std": 0.380199,
        "nauc_precision_at_10_diff1": 0.830963,
        "nauc_precision_at_20_max": 0.522189,
        "nauc_precision_at_20_std": 0.137752,
        "nauc_precision_at_20_diff1": 0.515428,
        "nauc_precision_at_100_max": 0.1754,
        "nauc_precision_at_100_std": 0.053566,
        "nauc_precision_at_100_diff1": 0.16212,
        "nauc_precision_at_1000_max": 0.213334,
        "nauc_precision_at_1000_std": -0.020844,
        "nauc_precision_at_1000_diff1": 0.168446,
        "nauc_mrr_at_1_max": NaN,
        "nauc_mrr_at_1_std": NaN,
        "nauc_mrr_at_1_diff1": NaN,
        "nauc_mrr_at_3_max": 1.0,
        "nauc_mrr_at_3_std": 0.098471,
        "nauc_mrr_at_3_diff1": 0.661926,
        "nauc_mrr_at_5_max": 1.0,
        "nauc_mrr_at_5_std": 0.098471,
        "nauc_mrr_at_5_diff1": 0.661926,
        "nauc_mrr_at_10_max": 1.0,
        "nauc_mrr_at_10_std": 0.267507,
        "nauc_mrr_at_10_diff1": 0.763349,
        "nauc_mrr_at_20_max": 0.763349,
        "nauc_mrr_at_20_std": 0.199176,
        "nauc_mrr_at_20_diff1": 0.631962,
        "nauc_mrr_at_100_max": 0.637543,
        "nauc_mrr_at_100_std": 0.185451,
        "nauc_mrr_at_100_diff1": 0.515007,
        "nauc_mrr_at_1000_max": 0.600651,
        "nauc_mrr_at_1000_std": 0.181926,
        "nauc_mrr_at_1000_diff1": 0.494574,
        "hit_rate_at_1": 0.0,
        "hit_rate_at_3": 0.01,
        "hit_rate_at_5": 0.01,
        "hit_rate_at_10": 0.02,
        "hit_rate_at_20": 0.05,
        "hit_rate_at_100": 0.14,
        "hit_rate_at_1000": 0.62,
        "main_score": 0.00833,
        "hf_subset": "default",
        "languages": [
          "eng-Latn"
        ]
      }
    ]
  },
  "evaluation_time": 3.6542437076568604,
  "kg_co2_emissions": null,
  "date": 1774495302.186291
}