{
  "dataset_revision": "31f9b918c30ef94e15a168cb95ca4ebf291396eb",
  "task_name": "LLMTwitterHjerneRetrieval",
  "mteb_version": "2.11.6",
  "scores": {
    "train": [
      {
        "ndcg_at_1": 0.75325,
        "ndcg_at_3": 0.67324,
        "ndcg_at_5": 0.67489,
        "ndcg_at_10": 0.71489,
        "ndcg_at_20": 0.73914,
        "ndcg_at_100": 0.77526,
        "ndcg_at_1000": 0.78481,
        "map_at_1": 0.24156,
        "map_at_3": 0.50022,
        "map_at_5": 0.58423,
        "map_at_10": 0.62151,
        "map_at_20": 0.6329,
        "map_at_100": 0.64352,
        "map_at_1000": 0.64455,
        "recall_at_1": 0.24156,
        "recall_at_3": 0.53225,
        "recall_at_5": 0.65671,
        "recall_at_10": 0.74935,
        "recall_at_20": 0.81991,
        "recall_at_100": 0.95216,
        "recall_at_1000": 1.0,
        "accuracy": 0.24156,
        "precision_at_1": 0.75325,
        "precision_at_3": 0.5974,
        "precision_at_5": 0.45195,
        "precision_at_10": 0.25844,
        "precision_at_20": 0.13961,
        "precision_at_100": 0.03247,
        "precision_at_1000": 0.0034,
        "mrr_at_1": 0.753247,
        "mrr_at_3": 0.822511,
        "mrr_at_5": 0.828355,
        "mrr_at_10": 0.83021,
        "mrr_at_20": 0.832056,
        "mrr_at_100": 0.832752,
        "mrr_at_1000": 0.832752,
        "nauc_ndcg_at_1_max": 0.801053,
        "nauc_ndcg_at_1_std": 0.334328,
        "nauc_ndcg_at_1_diff1": 0.599112,
        "nauc_ndcg_at_3_max": 0.656087,
        "nauc_ndcg_at_3_std": 0.294548,
        "nauc_ndcg_at_3_diff1": 0.328431,
        "nauc_ndcg_at_5_max": 0.57773,
        "nauc_ndcg_at_5_std": 0.257359,
        "nauc_ndcg_at_5_diff1": 0.302235,
        "nauc_ndcg_at_10_max": 0.680322,
        "nauc_ndcg_at_10_std": 0.308239,
        "nauc_ndcg_at_10_diff1": 0.373715,
        "nauc_ndcg_at_20_max": 0.676845,
        "nauc_ndcg_at_20_std": 0.320567,
        "nauc_ndcg_at_20_diff1": 0.339403,
        "nauc_ndcg_at_100_max": 0.68962,
        "nauc_ndcg_at_100_std": 0.361771,
        "nauc_ndcg_at_100_diff1": 0.349438,
        "nauc_ndcg_at_1000_max": 0.680626,
        "nauc_ndcg_at_1000_std": 0.330903,
        "nauc_ndcg_at_1000_diff1": 0.356088,
        "nauc_map_at_1_max": 0.322053,
        "nauc_map_at_1_std": 0.079262,
        "nauc_map_at_1_diff1": 0.466035,
        "nauc_map_at_3_max": 0.542044,
        "nauc_map_at_3_std": 0.19093,
        "nauc_map_at_3_diff1": 0.363191,
        "nauc_map_at_5_max": 0.531728,
        "nauc_map_at_5_std": 0.211553,
        "nauc_map_at_5_diff1": 0.285717,
        "nauc_map_at_10_max": 0.613686,
        "nauc_map_at_10_std": 0.24534,
        "nauc_map_at_10_diff1": 0.316743,
        "nauc_map_at_20_max": 0.616908,
        "nauc_map_at_20_std": 0.253538,
        "nauc_map_at_20_diff1": 0.303465,
        "nauc_map_at_100_max": 0.617656,
        "nauc_map_at_100_std": 0.265013,
        "nauc_map_at_100_diff1": 0.302272,
        "nauc_map_at_1000_max": 0.616649,
        "nauc_map_at_1000_std": 0.262426,
        "nauc_map_at_1000_diff1": 0.302401,
        "nauc_recall_at_1_max": 0.322053,
        "nauc_recall_at_1_std": 0.079262,
        "nauc_recall_at_1_diff1": 0.466035,
        "nauc_recall_at_3_max": 0.525433,
        "nauc_recall_at_3_std": 0.186631,
        "nauc_recall_at_3_diff1": 0.355772,
        "nauc_recall_at_5_max": 0.458836,
        "nauc_recall_at_5_std": 0.211432,
        "nauc_recall_at_5_diff1": 0.226464,
        "nauc_recall_at_10_max": 0.650652,
        "nauc_recall_at_10_std": 0.316552,
        "nauc_recall_at_10_diff1": 0.337764,
        "nauc_recall_at_20_max": 0.58606,
        "nauc_recall_at_20_std": 0.327766,
        "nauc_recall_at_20_diff1": 0.191516,
        "nauc_recall_at_100_max": 0.739916,
        "nauc_recall_at_100_std": 0.831943,
        "nauc_recall_at_100_diff1": 0.171642,
        "nauc_recall_at_1000_max": NaN,
        "nauc_recall_at_1000_std": NaN,
        "nauc_recall_at_1000_diff1": NaN,
        "nauc_precision_at_1_max": 0.801053,
        "nauc_precision_at_1_std": 0.334328,
        "nauc_precision_at_1_diff1": 0.599112,
        "nauc_precision_at_3_max": 0.604596,
        "nauc_precision_at_3_std": 0.289343,
        "nauc_precision_at_3_diff1": 0.187903,
        "nauc_precision_at_5_max": 0.440421,
        "nauc_precision_at_5_std": 0.25113,
        "nauc_precision_at_5_diff1": 0.040135,
        "nauc_precision_at_10_max": 0.507696,
        "nauc_precision_at_10_std": 0.296961,
        "nauc_precision_at_10_diff1": 0.064353,
        "nauc_precision_at_20_max": 0.446528,
        "nauc_precision_at_20_std": 0.302789,
        "nauc_precision_at_20_diff1": -0.037348,
        "nauc_precision_at_100_max": 0.293753,
        "nauc_precision_at_100_std": 0.326045,
        "nauc_precision_at_100_diff1": -0.134674,
        "nauc_precision_at_1000_max": 0.186496,
        "nauc_precision_at_1000_std": 0.211444,
        "nauc_precision_at_1000_diff1": -0.176769,
        "nauc_mrr_at_1_max": 0.801053,
        "nauc_mrr_at_1_std": 0.334328,
        "nauc_mrr_at_1_diff1": 0.599112,
        "nauc_mrr_at_3_max": 0.821239,
        "nauc_mrr_at_3_std": 0.426889,
        "nauc_mrr_at_3_diff1": 0.60022,
        "nauc_mrr_at_5_max": 0.817315,
        "nauc_mrr_at_5_std": 0.418924,
        "nauc_mrr_at_5_diff1": 0.598623,
        "nauc_mrr_at_10_max": 0.815139,
        "nauc_mrr_at_10_std": 0.413567,
        "nauc_mrr_at_10_diff1": 0.595406,
        "nauc_mrr_at_20_max": 0.813574,
        "nauc_mrr_at_20_std": 0.407456,
        "nauc_mrr_at_20_diff1": 0.595892,
        "nauc_mrr_at_100_max": 0.814995,
        "nauc_mrr_at_100_std": 0.408885,
        "nauc_mrr_at_100_diff1": 0.597425,
        "nauc_mrr_at_1000_max": 0.814995,
        "nauc_mrr_at_1000_std": 0.408885,
        "nauc_mrr_at_1000_diff1": 0.597425,
        "hit_rate_at_1": 0.75325,
        "hit_rate_at_3": 0.90909,
        "hit_rate_at_5": 0.93506,
        "hit_rate_at_10": 0.94805,
        "hit_rate_at_20": 0.97403,
        "hit_rate_at_100": 1.0,
        "hit_rate_at_1000": 1.0,
        "main_score": 0.71489,
        "hf_subset": "default",
        "languages": [
          "dan-Latn"
        ]
      }
    ]
  },
  "evaluation_time": 0.23706316947937012,
  "kg_co2_emissions": null,
  "date": 1774495324.288315
}