{
  "dataset_revision": "bc2a1e4c24771a6f3432578016cfb737732398fd",
  "task_name": "LLMWinoGrande",
  "mteb_version": "2.11.6",
  "scores": {
    "test": [
      {
        "ndcg_at_1": 0.16,
        "ndcg_at_3": 0.32029,
        "ndcg_at_5": 0.36763,
        "ndcg_at_10": 0.41565,
        "ndcg_at_20": 0.44765,
        "ndcg_at_100": 0.47226,
        "ndcg_at_1000": 0.47796,
        "map_at_1": 0.16,
        "map_at_3": 0.27917,
        "map_at_5": 0.30542,
        "map_at_10": 0.32495,
        "map_at_20": 0.33395,
        "map_at_100": 0.33751,
        "map_at_1000": 0.33783,
        "recall_at_1": 0.16,
        "recall_at_3": 0.44,
        "recall_at_5": 0.555,
        "recall_at_10": 0.705,
        "recall_at_20": 0.83,
        "recall_at_100": 0.96,
        "recall_at_1000": 1.0,
        "accuracy": 0.16,
        "precision_at_1": 0.16,
        "precision_at_3": 0.14667,
        "precision_at_5": 0.111,
        "precision_at_10": 0.0705,
        "precision_at_20": 0.0415,
        "precision_at_100": 0.0096,
        "precision_at_1000": 0.001,
        "mrr_at_1": 0.16,
        "mrr_at_3": 0.279167,
        "mrr_at_5": 0.305417,
        "mrr_at_10": 0.324946,
        "mrr_at_20": 0.333946,
        "mrr_at_100": 0.337514,
        "mrr_at_1000": 0.337831,
        "nauc_ndcg_at_1_max": 0.040559,
        "nauc_ndcg_at_1_std": -0.195633,
        "nauc_ndcg_at_1_diff1": 0.217266,
        "nauc_ndcg_at_3_max": -0.007552,
        "nauc_ndcg_at_3_std": -0.230003,
        "nauc_ndcg_at_3_diff1": 0.196244,
        "nauc_ndcg_at_5_max": -0.046046,
        "nauc_ndcg_at_5_std": -0.246466,
        "nauc_ndcg_at_5_diff1": 0.194649,
        "nauc_ndcg_at_10_max": -0.026181,
        "nauc_ndcg_at_10_std": -0.240689,
        "nauc_ndcg_at_10_diff1": 0.177407,
        "nauc_ndcg_at_20_max": -0.020739,
        "nauc_ndcg_at_20_std": -0.223338,
        "nauc_ndcg_at_20_diff1": 0.200134,
        "nauc_ndcg_at_100_max": -0.004468,
        "nauc_ndcg_at_100_std": -0.216466,
        "nauc_ndcg_at_100_diff1": 0.212531,
        "nauc_ndcg_at_1000_max": -0.006855,
        "nauc_ndcg_at_1000_std": -0.222589,
        "nauc_ndcg_at_1000_diff1": 0.204346,
        "nauc_map_at_1_max": 0.040559,
        "nauc_map_at_1_std": -0.195633,
        "nauc_map_at_1_diff1": 0.217266,
        "nauc_map_at_3_max": 0.003231,
        "nauc_map_at_3_std": -0.219476,
        "nauc_map_at_3_diff1": 0.200243,
        "nauc_map_at_5_max": -0.017683,
        "nauc_map_at_5_std": -0.228243,
        "nauc_map_at_5_diff1": 0.201026,
        "nauc_map_at_10_max": -0.008549,
        "nauc_map_at_10_std": -0.226855,
        "nauc_map_at_10_diff1": 0.19644,
        "nauc_map_at_20_max": -0.006117,
        "nauc_map_at_20_std": -0.222851,
        "nauc_map_at_20_diff1": 0.2029,
        "nauc_map_at_100_max": -0.002745,
        "nauc_map_at_100_std": -0.220957,
        "nauc_map_at_100_diff1": 0.204691,
        "nauc_map_at_1000_max": -0.002874,
        "nauc_map_at_1000_std": -0.221275,
        "nauc_map_at_1000_diff1": 0.204272,
        "nauc_recall_at_1_max": 0.040559,
        "nauc_recall_at_1_std": -0.195633,
        "nauc_recall_at_1_diff1": 0.217266,
        "nauc_recall_at_3_max": -0.034008,
        "nauc_recall_at_3_std": -0.256682,
        "nauc_recall_at_3_diff1": 0.186648,
        "nauc_recall_at_5_max": -0.125509,
        "nauc_recall_at_5_std": -0.29729,
        "nauc_recall_at_5_diff1": 0.176369,
        "nauc_recall_at_10_max": -0.082367,
        "nauc_recall_at_10_std": -0.283294,
        "nauc_recall_at_10_diff1": 0.099321,
        "nauc_recall_at_20_max": -0.088698,
        "nauc_recall_at_20_std": -0.18931,
        "nauc_recall_at_20_diff1": 0.193142,
        "nauc_recall_at_100_max": 0.084967,
        "nauc_recall_at_100_std": 0.020191,
        "nauc_recall_at_100_diff1": 0.52807,
        "nauc_recall_at_1000_max": NaN,
        "nauc_recall_at_1000_std": NaN,
        "nauc_recall_at_1000_diff1": NaN,
        "nauc_precision_at_1_max": 0.040559,
        "nauc_precision_at_1_std": -0.195633,
        "nauc_precision_at_1_diff1": 0.217266,
        "nauc_precision_at_3_max": -0.034008,
        "nauc_precision_at_3_std": -0.256682,
        "nauc_precision_at_3_diff1": 0.186648,
        "nauc_precision_at_5_max": -0.125509,
        "nauc_precision_at_5_std": -0.29729,
        "nauc_precision_at_5_diff1": 0.176369,
        "nauc_precision_at_10_max": -0.082367,
        "nauc_precision_at_10_std": -0.283294,
        "nauc_precision_at_10_diff1": 0.099321,
        "nauc_precision_at_20_max": -0.088698,
        "nauc_precision_at_20_std": -0.18931,
        "nauc_precision_at_20_diff1": 0.193142,
        "nauc_precision_at_100_max": 0.084967,
        "nauc_precision_at_100_std": 0.020191,
        "nauc_precision_at_100_diff1": 0.52807,
        "nauc_precision_at_1000_max": 1.0,
        "nauc_precision_at_1000_std": 1.0,
        "nauc_precision_at_1000_diff1": 1.0,
        "nauc_mrr_at_1_max": 0.040559,
        "nauc_mrr_at_1_std": -0.195633,
        "nauc_mrr_at_1_diff1": 0.217266,
        "nauc_mrr_at_3_max": 0.003231,
        "nauc_mrr_at_3_std": -0.219476,
        "nauc_mrr_at_3_diff1": 0.200243,
        "nauc_mrr_at_5_max": -0.017683,
        "nauc_mrr_at_5_std": -0.228243,
        "nauc_mrr_at_5_diff1": 0.201026,
        "nauc_mrr_at_10_max": -0.008549,
        "nauc_mrr_at_10_std": -0.226855,
        "nauc_mrr_at_10_diff1": 0.19644,
        "nauc_mrr_at_20_max": -0.006117,
        "nauc_mrr_at_20_std": -0.222851,
        "nauc_mrr_at_20_diff1": 0.2029,
        "nauc_mrr_at_100_max": -0.002745,
        "nauc_mrr_at_100_std": -0.220957,
        "nauc_mrr_at_100_diff1": 0.204691,
        "nauc_mrr_at_1000_max": -0.002874,
        "nauc_mrr_at_1000_std": -0.221275,
        "nauc_mrr_at_1000_diff1": 0.204272,
        "hit_rate_at_1": 0.16,
        "hit_rate_at_3": 0.44,
        "hit_rate_at_5": 0.555,
        "hit_rate_at_10": 0.705,
        "hit_rate_at_20": 0.83,
        "hit_rate_at_100": 0.96,
        "hit_rate_at_1000": 1.0,
        "main_score": 0.41565,
        "hf_subset": "default",
        "languages": [
          "eng-Latn"
        ]
      }
    ]
  },
  "evaluation_time": 1.7723255157470703,
  "kg_co2_emissions": null,
  "date": 1774495329.034002
}