{
  "dataset_revision": "a2acf12d293ea934823ca26752a05c5bfab24dff",
  "task_name": "LLMAILAStatutes",
  "mteb_version": "2.11.6",
  "scores": {
    "test": [
      {
        "ndcg_at_1": 0.22,
        "ndcg_at_3": 0.18117,
        "ndcg_at_5": 0.17203,
        "ndcg_at_10": 0.20863,
        "ndcg_at_20": 0.26364,
        "ndcg_at_100": 0.44736,
        "ndcg_at_1000": 0.44736,
        "map_at_1": 0.049,
        "map_at_3": 0.092,
        "map_at_5": 0.10285,
        "map_at_10": 0.1177,
        "map_at_20": 0.13825,
        "map_at_100": 0.18259,
        "map_at_1000": 0.18259,
        "recall_at_1": 0.049,
        "recall_at_3": 0.12567,
        "recall_at_5": 0.16767,
        "recall_at_10": 0.23967,
        "recall_at_20": 0.37433,
        "recall_at_100": 1.0,
        "recall_at_1000": 1.0,
        "accuracy": 0.049,
        "precision_at_1": 0.22,
        "precision_at_3": 0.16667,
        "precision_at_5": 0.132,
        "precision_at_10": 0.098,
        "precision_at_20": 0.079,
        "precision_at_100": 0.0434,
        "precision_at_1000": 0.00434,
        "mrr_at_1": 0.22,
        "mrr_at_3": 0.293333,
        "mrr_at_5": 0.326333,
        "mrr_at_10": 0.345357,
        "mrr_at_20": 0.356651,
        "mrr_at_100": 0.36367,
        "mrr_at_1000": 0.36367,
        "nauc_ndcg_at_1_max": 0.127451,
        "nauc_ndcg_at_1_std": 0.263076,
        "nauc_ndcg_at_1_diff1": 0.247102,
        "nauc_ndcg_at_3_max": 0.084894,
        "nauc_ndcg_at_3_std": 0.145605,
        "nauc_ndcg_at_3_diff1": 0.065333,
        "nauc_ndcg_at_5_max": 0.070283,
        "nauc_ndcg_at_5_std": 0.193455,
        "nauc_ndcg_at_5_diff1": -0.025517,
        "nauc_ndcg_at_10_max": 0.083087,
        "nauc_ndcg_at_10_std": 0.301671,
        "nauc_ndcg_at_10_diff1": 0.073682,
        "nauc_ndcg_at_20_max": 0.116842,
        "nauc_ndcg_at_20_std": 0.342777,
        "nauc_ndcg_at_20_diff1": 0.071375,
        "nauc_ndcg_at_100_max": 0.091095,
        "nauc_ndcg_at_100_std": 0.259136,
        "nauc_ndcg_at_100_diff1": 0.089712,
        "nauc_ndcg_at_1000_max": 0.091095,
        "nauc_ndcg_at_1000_std": 0.259136,
        "nauc_ndcg_at_1000_diff1": 0.089712,
        "nauc_map_at_1_max": 0.125571,
        "nauc_map_at_1_std": 0.228861,
        "nauc_map_at_1_diff1": 0.253938,
        "nauc_map_at_3_max": 0.088887,
        "nauc_map_at_3_std": 0.143079,
        "nauc_map_at_3_diff1": 0.060866,
        "nauc_map_at_5_max": 0.072538,
        "nauc_map_at_5_std": 0.183327,
        "nauc_map_at_5_diff1": 0.012312,
        "nauc_map_at_10_max": 0.064489,
        "nauc_map_at_10_std": 0.242873,
        "nauc_map_at_10_diff1": 0.064258,
        "nauc_map_at_20_max": 0.089993,
        "nauc_map_at_20_std": 0.280626,
        "nauc_map_at_20_diff1": 0.069263,
        "nauc_map_at_100_max": 0.089325,
        "nauc_map_at_100_std": 0.26833,
        "nauc_map_at_100_diff1": 0.075685,
        "nauc_map_at_1000_max": 0.089325,
        "nauc_map_at_1000_std": 0.26833,
        "nauc_map_at_1000_diff1": 0.075685,
        "nauc_recall_at_1_max": 0.125571,
        "nauc_recall_at_1_std": 0.228861,
        "nauc_recall_at_1_diff1": 0.253938,
        "nauc_recall_at_3_max": 0.106206,
        "nauc_recall_at_3_std": 0.095409,
        "nauc_recall_at_3_diff1": -0.025727,
        "nauc_recall_at_5_max": 0.061225,
        "nauc_recall_at_5_std": 0.197693,
        "nauc_recall_at_5_diff1": -0.150574,
        "nauc_recall_at_10_max": 0.088818,
        "nauc_recall_at_10_std": 0.411854,
        "nauc_recall_at_10_diff1": 0.069027,
        "nauc_recall_at_20_max": 0.156536,
        "nauc_recall_at_20_std": 0.464891,
        "nauc_recall_at_20_diff1": 0.065846,
        "nauc_recall_at_100_max": NaN,
        "nauc_recall_at_100_std": NaN,
        "nauc_recall_at_100_diff1": NaN,
        "nauc_recall_at_1000_max": NaN,
        "nauc_recall_at_1000_std": NaN,
        "nauc_recall_at_1000_diff1": NaN,
        "nauc_precision_at_1_max": 0.127451,
        "nauc_precision_at_1_std": 0.263076,
        "nauc_precision_at_1_diff1": 0.247102,
        "nauc_precision_at_3_max": 0.054066,
        "nauc_precision_at_3_std": 0.094419,
        "nauc_precision_at_3_diff1": 0.03159,
        "nauc_precision_at_5_max": -0.020671,
        "nauc_precision_at_5_std": 0.154226,
        "nauc_precision_at_5_diff1": -0.098148,
        "nauc_precision_at_10_max": 0.0178,
        "nauc_precision_at_10_std": 0.383262,
        "nauc_precision_at_10_diff1": 0.140565,
        "nauc_precision_at_20_max": 0.076756,
        "nauc_precision_at_20_std": 0.415901,
        "nauc_precision_at_20_diff1": 0.116994,
        "nauc_precision_at_100_max": -0.236092,
        "nauc_precision_at_100_std": -0.283017,
        "nauc_precision_at_100_diff1": 0.2699,
        "nauc_precision_at_1000_max": -0.236092,
        "nauc_precision_at_1000_std": -0.283017,
        "nauc_precision_at_1000_diff1": 0.2699,
        "nauc_mrr_at_1_max": 0.127451,
        "nauc_mrr_at_1_std": 0.263076,
        "nauc_mrr_at_1_diff1": 0.247102,
        "nauc_mrr_at_3_max": 0.119243,
        "nauc_mrr_at_3_std": 0.179437,
        "nauc_mrr_at_3_diff1": 0.107198,
        "nauc_mrr_at_5_max": 0.102888,
        "nauc_mrr_at_5_std": 0.209333,
        "nauc_mrr_at_5_diff1": 0.062581,
        "nauc_mrr_at_10_max": 0.121302,
        "nauc_mrr_at_10_std": 0.247518,
        "nauc_mrr_at_10_diff1": 0.086424,
        "nauc_mrr_at_20_max": 0.120971,
        "nauc_mrr_at_20_std": 0.246021,
        "nauc_mrr_at_20_diff1": 0.082808,
        "nauc_mrr_at_100_max": 0.117728,
        "nauc_mrr_at_100_std": 0.237009,
        "nauc_mrr_at_100_diff1": 0.085454,
        "nauc_mrr_at_1000_max": 0.117728,
        "nauc_mrr_at_1000_std": 0.237009,
        "nauc_mrr_at_1000_diff1": 0.085454,
        "hit_rate_at_1": 0.22,
        "hit_rate_at_3": 0.38,
        "hit_rate_at_5": 0.52,
        "hit_rate_at_10": 0.66,
        "hit_rate_at_20": 0.82,
        "hit_rate_at_100": 1.0,
        "hit_rate_at_1000": 1.0,
        "main_score": 0.20863,
        "hf_subset": "default",
        "languages": [
          "eng-Latn"
        ]
      }
    ]
  },
  "evaluation_time": 0.6492242813110352,
  "kg_co2_emissions": null,
  "date": 1774449439.289818
}