{
  "dataset_revision": "300cb175d1b608cfc3fdb94fd06b3ceb937f9b6a",
  "task_name": "LLMLegalBenchCorporateLobbying",
  "mteb_version": "2.11.6",
  "scores": {
    "test": [
      {
        "ndcg_at_1": 0.8,
        "ndcg_at_3": 0.88662,
        "ndcg_at_5": 0.89156,
        "ndcg_at_10": 0.89716,
        "ndcg_at_20": 0.89937,
        "ndcg_at_100": 0.90142,
        "ndcg_at_1000": 0.90184,
        "map_at_1": 0.8,
        "map_at_3": 0.86569,
        "map_at_5": 0.86848,
        "map_at_10": 0.87072,
        "map_at_20": 0.87131,
        "map_at_100": 0.87155,
        "map_at_1000": 0.87158,
        "recall_at_1": 0.8,
        "recall_at_3": 0.94706,
        "recall_at_5": 0.95882,
        "recall_at_10": 0.97647,
        "recall_at_20": 0.98529,
        "recall_at_100": 0.99706,
        "recall_at_1000": 1.0,
        "accuracy": 0.8,
        "precision_at_1": 0.8,
        "precision_at_3": 0.31569,
        "precision_at_5": 0.19176,
        "precision_at_10": 0.09765,
        "precision_at_20": 0.04926,
        "precision_at_100": 0.00997,
        "precision_at_1000": 0.001,
        "mrr_at_1": 0.8,
        "mrr_at_3": 0.865686,
        "mrr_at_5": 0.86848,
        "mrr_at_10": 0.870721,
        "mrr_at_20": 0.871311,
        "mrr_at_100": 0.871554,
        "mrr_at_1000": 0.871576,
        "nauc_ndcg_at_1_max": 0.412933,
        "nauc_ndcg_at_1_std": -0.03534,
        "nauc_ndcg_at_1_diff1": 0.851994,
        "nauc_ndcg_at_3_max": 0.530951,
        "nauc_ndcg_at_3_std": 0.045284,
        "nauc_ndcg_at_3_diff1": 0.82897,
        "nauc_ndcg_at_5_max": 0.520086,
        "nauc_ndcg_at_5_std": 0.062778,
        "nauc_ndcg_at_5_diff1": 0.836515,
        "nauc_ndcg_at_10_max": 0.510335,
        "nauc_ndcg_at_10_std": 0.052731,
        "nauc_ndcg_at_10_diff1": 0.841376,
        "nauc_ndcg_at_20_max": 0.499052,
        "nauc_ndcg_at_20_std": 0.036283,
        "nauc_ndcg_at_20_diff1": 0.841069,
        "nauc_ndcg_at_100_max": 0.492067,
        "nauc_ndcg_at_100_std": 0.028637,
        "nauc_ndcg_at_100_diff1": 0.840569,
        "nauc_ndcg_at_1000_max": 0.491044,
        "nauc_ndcg_at_1000_std": 0.024318,
        "nauc_ndcg_at_1000_diff1": 0.83986,
        "nauc_map_at_1_max": 0.412933,
        "nauc_map_at_1_std": -0.03534,
        "nauc_map_at_1_diff1": 0.851994,
        "nauc_map_at_3_max": 0.494138,
        "nauc_map_at_3_std": 0.014842,
        "nauc_map_at_3_diff1": 0.834974,
        "nauc_map_at_5_max": 0.4881,
        "nauc_map_at_5_std": 0.021888,
        "nauc_map_at_5_diff1": 0.838467,
        "nauc_map_at_10_max": 0.484294,
        "nauc_map_at_10_std": 0.017424,
        "nauc_map_at_10_diff1": 0.840201,
        "nauc_map_at_20_max": 0.481803,
        "nauc_map_at_20_std": 0.013783,
        "nauc_map_at_20_diff1": 0.8401,
        "nauc_map_at_100_max": 0.481057,
        "nauc_map_at_100_std": 0.01284,
        "nauc_map_at_100_diff1": 0.840058,
        "nauc_map_at_1000_max": 0.481014,
        "nauc_map_at_1000_std": 0.012663,
        "nauc_map_at_1000_diff1": 0.840029,
        "nauc_recall_at_1_max": 0.412933,
        "nauc_recall_at_1_std": -0.03534,
        "nauc_recall_at_1_diff1": 0.851994,
        "nauc_recall_at_3_max": 0.78255,
        "nauc_recall_at_3_std": 0.259311,
        "nauc_recall_at_3_diff1": 0.789268,
        "nauc_recall_at_5_max": 0.790783,
        "nauc_recall_at_5_std": 0.431373,
        "nauc_recall_at_5_diff1": 0.82543,
        "nauc_recall_at_10_max": 0.868697,
        "nauc_recall_at_10_std": 0.590161,
        "nauc_recall_at_10_diff1": 0.876867,
        "nauc_recall_at_20_max": 0.789916,
        "nauc_recall_at_20_std": 0.485714,
        "nauc_recall_at_20_diff1": 0.892157,
        "nauc_recall_at_100_max": 0.722222,
        "nauc_recall_at_100_std": 1.0,
        "nauc_recall_at_100_diff1": 1.0,
        "nauc_recall_at_1000_max": NaN,
        "nauc_recall_at_1000_std": NaN,
        "nauc_recall_at_1000_diff1": NaN,
        "nauc_precision_at_1_max": 0.412933,
        "nauc_precision_at_1_std": -0.03534,
        "nauc_precision_at_1_diff1": 0.851994,
        "nauc_precision_at_3_max": 0.78255,
        "nauc_precision_at_3_std": 0.259311,
        "nauc_precision_at_3_diff1": 0.789268,
        "nauc_precision_at_5_max": 0.790783,
        "nauc_precision_at_5_std": 0.431373,
        "nauc_precision_at_5_diff1": 0.82543,
        "nauc_precision_at_10_max": 0.868697,
        "nauc_precision_at_10_std": 0.590161,
        "nauc_precision_at_10_diff1": 0.876867,
        "nauc_precision_at_20_max": 0.789916,
        "nauc_precision_at_20_std": 0.485714,
        "nauc_precision_at_20_diff1": 0.892157,
        "nauc_precision_at_100_max": 0.722222,
        "nauc_precision_at_100_std": 1.0,
        "nauc_precision_at_100_diff1": 1.0,
        "nauc_precision_at_1000_max": 1.0,
        "nauc_precision_at_1000_std": 1.0,
        "nauc_precision_at_1000_diff1": 1.0,
        "nauc_mrr_at_1_max": 0.412933,
        "nauc_mrr_at_1_std": -0.03534,
        "nauc_mrr_at_1_diff1": 0.851994,
        "nauc_mrr_at_3_max": 0.494138,
        "nauc_mrr_at_3_std": 0.014842,
        "nauc_mrr_at_3_diff1": 0.834974,
        "nauc_mrr_at_5_max": 0.4881,
        "nauc_mrr_at_5_std": 0.021888,
        "nauc_mrr_at_5_diff1": 0.838467,
        "nauc_mrr_at_10_max": 0.484294,
        "nauc_mrr_at_10_std": 0.017424,
        "nauc_mrr_at_10_diff1": 0.840201,
        "nauc_mrr_at_20_max": 0.481803,
        "nauc_mrr_at_20_std": 0.013783,
        "nauc_mrr_at_20_diff1": 0.8401,
        "nauc_mrr_at_100_max": 0.481057,
        "nauc_mrr_at_100_std": 0.01284,
        "nauc_mrr_at_100_diff1": 0.840058,
        "nauc_mrr_at_1000_max": 0.481014,
        "nauc_mrr_at_1000_std": 0.012663,
        "nauc_mrr_at_1000_diff1": 0.840029,
        "hit_rate_at_1": 0.8,
        "hit_rate_at_3": 0.94706,
        "hit_rate_at_5": 0.95882,
        "hit_rate_at_10": 0.97647,
        "hit_rate_at_20": 0.98529,
        "hit_rate_at_100": 0.99706,
        "hit_rate_at_1000": 1.0,
        "main_score": 0.89716,
        "hf_subset": "default",
        "languages": [
          "eng-Latn"
        ]
      }
    ]
  },
  "evaluation_time": 1.2261791229248047,
  "kg_co2_emissions": null,
  "date": 1774449443.624659
}