{
  "dataset_revision": "5d745bd9e435cc190599f916f54c0ab197ddeb73",
  "task_name": "LLMRTE3PC",
  "mteb_version": "2.11.6",
  "scores": {
    "test": [
      {
        "similarity_accuracy": 0.850312,
        "similarity_f1": 0.918919,
        "similarity_precision": 0.851775,
        "similarity_recall": 0.997555,
        "similarity_ap": 0.875069,
        "cosine_accuracy": 0.850312,
        "cosine_f1": 0.918919,
        "cosine_precision": 0.851775,
        "cosine_recall": 0.997555,
        "cosine_ap": 0.875069,
        "manhattan_accuracy": 0.850312,
        "manhattan_f1": 0.918919,
        "manhattan_precision": 0.851775,
        "manhattan_recall": 0.997555,
        "manhattan_ap": 0.875115,
        "euclidean_accuracy": 0.850312,
        "euclidean_f1": 0.918919,
        "euclidean_precision": 0.851775,
        "euclidean_recall": 0.997555,
        "euclidean_ap": 0.875069,
        "dot_accuracy": 0.850312,
        "dot_f1": 0.918919,
        "dot_precision": 0.851775,
        "dot_recall": 0.997555,
        "dot_ap": 0.875069,
        "max_accuracy": 0.850312,
        "max_f1": 0.918919,
        "max_precision": 0.851775,
        "max_recall": 0.997555,
        "max_ap": 0.875115,
        "main_score": 0.875115,
        "hf_subset": "de",
        "languages": [
          "deu-Latn"
        ]
      },
      {
        "similarity_accuracy": 0.850622,
        "similarity_f1": 0.919101,
        "similarity_precision": 0.852083,
        "similarity_recall": 0.997561,
        "similarity_ap": 0.882779,
        "cosine_accuracy": 0.850622,
        "cosine_f1": 0.919101,
        "cosine_precision": 0.852083,
        "cosine_recall": 0.997561,
        "cosine_ap": 0.882779,
        "manhattan_accuracy": 0.850622,
        "manhattan_f1": 0.919101,
        "manhattan_precision": 0.852083,
        "manhattan_recall": 0.997561,
        "manhattan_ap": 0.883372,
        "euclidean_accuracy": 0.850622,
        "euclidean_f1": 0.919101,
        "euclidean_precision": 0.852083,
        "euclidean_recall": 0.997561,
        "euclidean_ap": 0.882779,
        "dot_accuracy": 0.850622,
        "dot_f1": 0.919101,
        "dot_precision": 0.852083,
        "dot_recall": 0.997561,
        "dot_ap": 0.882779,
        "max_accuracy": 0.850622,
        "max_f1": 0.919101,
        "max_precision": 0.852083,
        "max_recall": 0.997561,
        "max_ap": 0.883372,
        "main_score": 0.883372,
        "hf_subset": "en",
        "languages": [
          "eng-Latn"
        ]
      },
      {
        "similarity_accuracy": 0.846473,
        "similarity_f1": 0.916854,
        "similarity_precision": 0.848233,
        "similarity_recall": 0.997555,
        "similarity_ap": 0.870256,
        "cosine_accuracy": 0.846473,
        "cosine_f1": 0.916854,
        "cosine_precision": 0.848233,
        "cosine_recall": 0.997555,
        "cosine_ap": 0.870256,
        "manhattan_accuracy": 0.846473,
        "manhattan_f1": 0.916854,
        "manhattan_precision": 0.848233,
        "manhattan_recall": 0.997555,
        "manhattan_ap": 0.870164,
        "euclidean_accuracy": 0.846473,
        "euclidean_f1": 0.916854,
        "euclidean_precision": 0.848233,
        "euclidean_recall": 0.997555,
        "euclidean_ap": 0.870256,
        "dot_accuracy": 0.846473,
        "dot_f1": 0.916854,
        "dot_precision": 0.848233,
        "dot_recall": 0.997555,
        "dot_ap": 0.870256,
        "max_accuracy": 0.846473,
        "max_f1": 0.916854,
        "max_precision": 0.848233,
        "max_recall": 0.997555,
        "max_ap": 0.870256,
        "main_score": 0.870256,
        "hf_subset": "fr",
        "languages": [
          "fra-Latn"
        ]
      },
      {
        "similarity_accuracy": 0.851464,
        "similarity_f1": 0.919592,
        "similarity_precision": 0.851153,
        "similarity_recall": 1.0,
        "similarity_ap": 0.872136,
        "cosine_accuracy": 0.851464,
        "cosine_f1": 0.919592,
        "cosine_precision": 0.851153,
        "cosine_recall": 1.0,
        "cosine_ap": 0.872136,
        "manhattan_accuracy": 0.851464,
        "manhattan_f1": 0.919592,
        "manhattan_precision": 0.851153,
        "manhattan_recall": 1.0,
        "manhattan_ap": 0.872163,
        "euclidean_accuracy": 0.851464,
        "euclidean_f1": 0.919592,
        "euclidean_precision": 0.851153,
        "euclidean_recall": 1.0,
        "euclidean_ap": 0.872136,
        "dot_accuracy": 0.851464,
        "dot_f1": 0.919592,
        "dot_precision": 0.851153,
        "dot_recall": 1.0,
        "dot_ap": 0.872136,
        "max_accuracy": 0.851464,
        "max_f1": 0.919592,
        "max_precision": 0.851153,
        "max_recall": 1.0,
        "max_ap": 0.872163,
        "main_score": 0.872163,
        "hf_subset": "it",
        "languages": [
          "ita-Latn"
        ]
      }
    ]
  },
  "evaluation_time": 3.038788080215454,
  "kg_co2_emissions": null,
  "date": 1774449426.906471
}