{
  "dataset_revision": "d6628df131c3279007b88fe3e057e809dac056af",
  "task_name": "LLMSpartQA",
  "mteb_version": "2.11.6",
  "scores": {
    "test": [
      {
        "ndcg_at_1": 0.02,
        "ndcg_at_3": 0.03071,
        "ndcg_at_5": 0.04183,
        "ndcg_at_10": 0.0569,
        "ndcg_at_20": 0.08112,
        "ndcg_at_100": 0.11161,
        "ndcg_at_1000": 0.16885,
        "map_at_1": 0.01333,
        "map_at_3": 0.02333,
        "map_at_5": 0.02908,
        "map_at_10": 0.03494,
        "map_at_20": 0.04178,
        "map_at_100": 0.0454,
        "map_at_1000": 0.04701,
        "recall_at_1": 0.01333,
        "recall_at_3": 0.04333,
        "recall_at_5": 0.06833,
        "recall_at_10": 0.11,
        "recall_at_20": 0.19833,
        "recall_at_100": 0.34833,
        "recall_at_1000": 0.76,
        "accuracy": 0.01333,
        "precision_at_1": 0.02,
        "precision_at_3": 0.02,
        "precision_at_5": 0.019,
        "precision_at_10": 0.016,
        "precision_at_20": 0.01425,
        "precision_at_100": 0.00535,
        "precision_at_1000": 0.00129,
        "mrr_at_1": 0.02,
        "mrr_at_3": 0.033333,
        "mrr_at_5": 0.041083,
        "mrr_at_10": 0.049131,
        "mrr_at_20": 0.055583,
        "mrr_at_100": 0.060333,
        "mrr_at_1000": 0.062059,
        "nauc_ndcg_at_1_max": -0.124094,
        "nauc_ndcg_at_1_std": 0.605581,
        "nauc_ndcg_at_1_diff1": -0.239804,
        "nauc_ndcg_at_3_max": -0.180362,
        "nauc_ndcg_at_3_std": 0.470341,
        "nauc_ndcg_at_3_diff1": -0.228812,
        "nauc_ndcg_at_5_max": -0.116827,
        "nauc_ndcg_at_5_std": 0.379856,
        "nauc_ndcg_at_5_diff1": -0.173983,
        "nauc_ndcg_at_10_max": -0.044249,
        "nauc_ndcg_at_10_std": 0.454397,
        "nauc_ndcg_at_10_diff1": -0.225606,
        "nauc_ndcg_at_20_max": -0.096511,
        "nauc_ndcg_at_20_std": 0.383585,
        "nauc_ndcg_at_20_diff1": -0.263976,
        "nauc_ndcg_at_100_max": -0.041896,
        "nauc_ndcg_at_100_std": 0.325358,
        "nauc_ndcg_at_100_diff1": -0.231526,
        "nauc_ndcg_at_1000_max": -0.071281,
        "nauc_ndcg_at_1000_std": 0.382028,
        "nauc_ndcg_at_1000_diff1": -0.22696,
        "nauc_map_at_1_max": -0.117051,
        "nauc_map_at_1_std": 0.633754,
        "nauc_map_at_1_diff1": -0.217165,
        "nauc_map_at_3_max": -0.172257,
        "nauc_map_at_3_std": 0.51033,
        "nauc_map_at_3_diff1": -0.216611,
        "nauc_map_at_5_max": -0.125224,
        "nauc_map_at_5_std": 0.43027,
        "nauc_map_at_5_diff1": -0.175953,
        "nauc_map_at_10_max": -0.078729,
        "nauc_map_at_10_std": 0.47227,
        "nauc_map_at_10_diff1": -0.207859,
        "nauc_map_at_20_max": -0.097446,
        "nauc_map_at_20_std": 0.435631,
        "nauc_map_at_20_diff1": -0.229056,
        "nauc_map_at_100_max": -0.084546,
        "nauc_map_at_100_std": 0.422532,
        "nauc_map_at_100_diff1": -0.226875,
        "nauc_map_at_1000_max": -0.087634,
        "nauc_map_at_1000_std": 0.427355,
        "nauc_map_at_1000_diff1": -0.226451,
        "nauc_recall_at_1_max": -0.117051,
        "nauc_recall_at_1_std": 0.633754,
        "nauc_recall_at_1_diff1": -0.217165,
        "nauc_recall_at_3_max": -0.206229,
        "nauc_recall_at_3_std": 0.434377,
        "nauc_recall_at_3_diff1": -0.21627,
        "nauc_recall_at_5_max": -0.111029,
        "nauc_recall_at_5_std": 0.324422,
        "nauc_recall_at_5_diff1": -0.141774,
        "nauc_recall_at_10_max": 0.007406,
        "nauc_recall_at_10_std": 0.454662,
        "nauc_recall_at_10_diff1": -0.215266,
        "nauc_recall_at_20_max": -0.094777,
        "nauc_recall_at_20_std": 0.315576,
        "nauc_recall_at_20_diff1": -0.273868,
        "nauc_recall_at_100_max": -0.000391,
        "nauc_recall_at_100_std": 0.182416,
        "nauc_recall_at_100_diff1": -0.179858,
        "nauc_recall_at_1000_max": -0.044211,
        "nauc_recall_at_1000_std": 0.216013,
        "nauc_recall_at_1000_diff1": -0.073311,
        "nauc_precision_at_1_max": -0.124094,
        "nauc_precision_at_1_std": 0.605581,
        "nauc_precision_at_1_diff1": -0.239804,
        "nauc_precision_at_3_max": -0.181111,
        "nauc_precision_at_3_std": 0.384894,
        "nauc_precision_at_3_diff1": -0.270615,
        "nauc_precision_at_5_max": -0.09535,
        "nauc_precision_at_5_std": 0.305678,
        "nauc_precision_at_5_diff1": -0.191349,
        "nauc_precision_at_10_max": -0.00667,
        "nauc_precision_at_10_std": 0.407622,
        "nauc_precision_at_10_diff1": -0.28441,
        "nauc_precision_at_20_max": -0.093552,
        "nauc_precision_at_20_std": 0.321367,
        "nauc_precision_at_20_diff1": -0.310111,
        "nauc_precision_at_100_max": 0.030146,
        "nauc_precision_at_100_std": 0.231515,
        "nauc_precision_at_100_diff1": -0.230185,
        "nauc_precision_at_1000_max": 0.021356,
        "nauc_precision_at_1000_std": 0.050289,
        "nauc_precision_at_1000_diff1": -0.02715,
        "nauc_mrr_at_1_max": -0.124094,
        "nauc_mrr_at_1_std": 0.605581,
        "nauc_mrr_at_1_diff1": -0.239804,
        "nauc_mrr_at_3_max": -0.158304,
        "nauc_mrr_at_3_std": 0.473169,
        "nauc_mrr_at_3_diff1": -0.258291,
        "nauc_mrr_at_5_max": -0.117022,
        "nauc_mrr_at_5_std": 0.411317,
        "nauc_mrr_at_5_diff1": -0.219012,
        "nauc_mrr_at_10_max": -0.085998,
        "nauc_mrr_at_10_std": 0.450868,
        "nauc_mrr_at_10_diff1": -0.251988,
        "nauc_mrr_at_20_max": -0.106132,
        "nauc_mrr_at_20_std": 0.429626,
        "nauc_mrr_at_20_diff1": -0.259642,
        "nauc_mrr_at_100_max": -0.088405,
        "nauc_mrr_at_100_std": 0.417164,
        "nauc_mrr_at_100_diff1": -0.253343,
        "nauc_mrr_at_1000_max": -0.089663,
        "nauc_mrr_at_1000_std": 0.420409,
        "nauc_mrr_at_1000_diff1": -0.251872,
        "hit_rate_at_1": 0.02,
        "hit_rate_at_3": 0.06,
        "hit_rate_at_5": 0.095,
        "hit_rate_at_10": 0.155,
        "hit_rate_at_20": 0.25,
        "hit_rate_at_100": 0.455,
        "hit_rate_at_1000": 0.91,
        "main_score": 0.0569,
        "hf_subset": "default",
        "languages": [
          "eng-Latn"
        ]
      }
    ]
  },
  "evaluation_time": 1.488412857055664,
  "kg_co2_emissions": null,
  "date": 1774449448.179346
}