{
  "dataset_revision": "1c61e95df3d70835785db4d70f17d3a16a7bd4ce",
  "task_name": "LLMTempReasonL1",
  "mteb_version": "2.11.6",
  "scores": {
    "test": [
      {
        "ndcg_at_1": 0.0,
        "ndcg_at_3": 0.005,
        "ndcg_at_5": 0.005,
        "ndcg_at_10": 0.01172,
        "ndcg_at_20": 0.01403,
        "ndcg_at_100": 0.02613,
        "ndcg_at_1000": 0.08386,
        "map_at_1": 0.0,
        "map_at_3": 0.00333,
        "map_at_5": 0.00333,
        "map_at_10": 0.00625,
        "map_at_20": 0.00678,
        "map_at_100": 0.00811,
        "map_at_1000": 0.00951,
        "recall_at_1": 0.0,
        "recall_at_3": 0.01,
        "recall_at_5": 0.01,
        "recall_at_10": 0.03,
        "recall_at_20": 0.04,
        "recall_at_100": 0.11,
        "recall_at_1000": 0.61,
        "accuracy": 0.0,
        "precision_at_1": 0.0,
        "precision_at_3": 0.00333,
        "precision_at_5": 0.002,
        "precision_at_10": 0.003,
        "precision_at_20": 0.002,
        "precision_at_100": 0.0011,
        "precision_at_1000": 0.00061,
        "mrr_at_1": 0.0,
        "mrr_at_3": 0.003333,
        "mrr_at_5": 0.003333,
        "mrr_at_10": 0.00625,
        "mrr_at_20": 0.006776,
        "mrr_at_100": 0.008115,
        "mrr_at_1000": 0.009513,
        "nauc_ndcg_at_1_max": NaN,
        "nauc_ndcg_at_1_std": NaN,
        "nauc_ndcg_at_1_diff1": NaN,
        "nauc_ndcg_at_3_max": 0.661926,
        "nauc_ndcg_at_3_std": -0.318487,
        "nauc_ndcg_at_3_diff1": 1.0,
        "nauc_ndcg_at_5_max": 0.661926,
        "nauc_ndcg_at_5_std": -0.318487,
        "nauc_ndcg_at_5_diff1": 1.0,
        "nauc_ndcg_at_10_max": 0.752951,
        "nauc_ndcg_at_10_std": -0.020257,
        "nauc_ndcg_at_10_diff1": 0.675348,
        "nauc_ndcg_at_20_max": 0.56033,
        "nauc_ndcg_at_20_std": 0.03649,
        "nauc_ndcg_at_20_diff1": 0.469197,
        "nauc_ndcg_at_100_max": 0.514141,
        "nauc_ndcg_at_100_std": 0.183398,
        "nauc_ndcg_at_100_diff1": 0.440821,
        "nauc_ndcg_at_1000_max": 0.365279,
        "nauc_ndcg_at_1000_std": 0.132125,
        "nauc_ndcg_at_1000_diff1": 0.257699,
        "nauc_map_at_1_max": NaN,
        "nauc_map_at_1_std": NaN,
        "nauc_map_at_1_diff1": NaN,
        "nauc_map_at_3_max": 0.661926,
        "nauc_map_at_3_std": -0.318487,
        "nauc_map_at_3_diff1": 1.0,
        "nauc_map_at_5_max": 0.661926,
        "nauc_map_at_5_std": -0.318487,
        "nauc_map_at_5_diff1": 1.0,
        "nauc_map_at_10_max": 0.729541,
        "nauc_map_at_10_std": -0.092353,
        "nauc_map_at_10_diff1": 0.758841,
        "nauc_map_at_20_max": 0.640639,
        "nauc_map_at_20_std": -0.060026,
        "nauc_map_at_20_diff1": 0.655263,
        "nauc_map_at_100_max": 0.606958,
        "nauc_map_at_100_std": 0.026881,
        "nauc_map_at_100_diff1": 0.599686,
        "nauc_map_at_1000_max": 0.574034,
        "nauc_map_at_1000_std": 0.025692,
        "nauc_map_at_1000_diff1": 0.568115,
        "nauc_recall_at_1_max": NaN,
        "nauc_recall_at_1_std": NaN,
        "nauc_recall_at_1_diff1": NaN,
        "nauc_recall_at_3_max": 0.661926,
        "nauc_recall_at_3_std": -0.318487,
        "nauc_recall_at_3_diff1": 1.0,
        "nauc_recall_at_5_max": 0.661926,
        "nauc_recall_at_5_std": -0.318487,
        "nauc_recall_at_5_diff1": 1.0,
        "nauc_recall_at_10_max": 0.774618,
        "nauc_recall_at_10_std": 0.045881,
        "nauc_recall_at_10_diff1": 0.598068,
        "nauc_recall_at_20_max": 0.477193,
        "nauc_recall_at_20_std": 0.115374,
        "nauc_recall_at_20_diff1": 0.30487,
        "nauc_recall_at_100_max": 0.470317,
        "nauc_recall_at_100_std": 0.245263,
        "nauc_recall_at_100_diff1": 0.386189,
        "nauc_recall_at_1000_max": 0.274123,
        "nauc_recall_at_1000_std": 0.141949,
        "nauc_recall_at_1000_diff1": 0.109679,
        "nauc_precision_at_1_max": NaN,
        "nauc_precision_at_1_std": NaN,
        "nauc_precision_at_1_diff1": NaN,
        "nauc_precision_at_3_max": 0.661926,
        "nauc_precision_at_3_std": -0.318487,
        "nauc_precision_at_3_diff1": 1.0,
        "nauc_precision_at_5_max": 0.661926,
        "nauc_precision_at_5_std": -0.318487,
        "nauc_precision_at_5_diff1": 1.0,
        "nauc_precision_at_10_max": 0.774618,
        "nauc_precision_at_10_std": 0.045881,
        "nauc_precision_at_10_diff1": 0.598068,
        "nauc_precision_at_20_max": 0.477193,
        "nauc_precision_at_20_std": 0.115374,
        "nauc_precision_at_20_diff1": 0.30487,
        "nauc_precision_at_100_max": 0.470317,
        "nauc_precision_at_100_std": 0.245263,
        "nauc_precision_at_100_diff1": 0.386189,
        "nauc_precision_at_1000_max": 0.274123,
        "nauc_precision_at_1000_std": 0.141949,
        "nauc_precision_at_1000_diff1": 0.109679,
        "nauc_mrr_at_1_max": NaN,
        "nauc_mrr_at_1_std": NaN,
        "nauc_mrr_at_1_diff1": NaN,
        "nauc_mrr_at_3_max": 0.661926,
        "nauc_mrr_at_3_std": -0.318487,
        "nauc_mrr_at_3_diff1": 1.0,
        "nauc_mrr_at_5_max": 0.661926,
        "nauc_mrr_at_5_std": -0.318487,
        "nauc_mrr_at_5_diff1": 1.0,
        "nauc_mrr_at_10_max": 0.729541,
        "nauc_mrr_at_10_std": -0.092353,
        "nauc_mrr_at_10_diff1": 0.758841,
        "nauc_mrr_at_20_max": 0.640639,
        "nauc_mrr_at_20_std": -0.060026,
        "nauc_mrr_at_20_diff1": 0.655263,
        "nauc_mrr_at_100_max": 0.606958,
        "nauc_mrr_at_100_std": 0.026881,
        "nauc_mrr_at_100_diff1": 0.599686,
        "nauc_mrr_at_1000_max": 0.574036,
        "nauc_mrr_at_1000_std": 0.025692,
        "nauc_mrr_at_1000_diff1": 0.568119,
        "hit_rate_at_1": 0.0,
        "hit_rate_at_3": 0.01,
        "hit_rate_at_5": 0.01,
        "hit_rate_at_10": 0.03,
        "hit_rate_at_20": 0.04,
        "hit_rate_at_100": 0.11,
        "hit_rate_at_1000": 0.61,
        "main_score": 0.01172,
        "hf_subset": "default",
        "languages": [
          "eng-Latn"
        ]
      }
    ]
  },
  "evaluation_time": 5.58580207824707,
  "kg_co2_emissions": null,
  "date": 1774449435.547129
}