{
  "dataset_revision": "31f9b918c30ef94e15a168cb95ca4ebf291396eb",
  "task_name": "LLMTwitterHjerneRetrieval",
  "mteb_version": "2.11.6",
  "scores": {
    "train": [
      {
        "ndcg_at_1": 0.75325,
        "ndcg_at_3": 0.69073,
        "ndcg_at_5": 0.71002,
        "ndcg_at_10": 0.75541,
        "ndcg_at_20": 0.77742,
        "ndcg_at_100": 0.80826,
        "ndcg_at_1000": 0.81109,
        "map_at_1": 0.23874,
        "map_at_3": 0.52302,
        "map_at_5": 0.62844,
        "map_at_10": 0.6688,
        "map_at_20": 0.68007,
        "map_at_100": 0.68956,
        "map_at_1000": 0.68985,
        "recall_at_1": 0.23874,
        "recall_at_3": 0.56017,
        "recall_at_5": 0.70649,
        "recall_at_10": 0.81039,
        "recall_at_20": 0.8697,
        "recall_at_100": 0.98485,
        "recall_at_1000": 1.0,
        "accuracy": 0.23874,
        "precision_at_1": 0.75325,
        "precision_at_3": 0.61472,
        "precision_at_5": 0.48571,
        "precision_at_10": 0.28052,
        "precision_at_20": 0.15065,
        "precision_at_100": 0.03364,
        "precision_at_1000": 0.0034,
        "mrr_at_1": 0.753247,
        "mrr_at_3": 0.822511,
        "mrr_at_5": 0.825758,
        "mrr_at_10": 0.833565,
        "mrr_at_20": 0.834431,
        "mrr_at_100": 0.835266,
        "mrr_at_1000": 0.835266,
        "nauc_ndcg_at_1_max": 0.803646,
        "nauc_ndcg_at_1_std": 0.015069,
        "nauc_ndcg_at_1_diff1": 0.535545,
        "nauc_ndcg_at_3_max": 0.530874,
        "nauc_ndcg_at_3_std": 0.065889,
        "nauc_ndcg_at_3_diff1": 0.261239,
        "nauc_ndcg_at_5_max": 0.546514,
        "nauc_ndcg_at_5_std": 0.092648,
        "nauc_ndcg_at_5_diff1": 0.293578,
        "nauc_ndcg_at_10_max": 0.578202,
        "nauc_ndcg_at_10_std": 0.131403,
        "nauc_ndcg_at_10_diff1": 0.275531,
        "nauc_ndcg_at_20_max": 0.593563,
        "nauc_ndcg_at_20_std": 0.126753,
        "nauc_ndcg_at_20_diff1": 0.273753,
        "nauc_ndcg_at_100_max": 0.614719,
        "nauc_ndcg_at_100_std": 0.108494,
        "nauc_ndcg_at_100_diff1": 0.289734,
        "nauc_ndcg_at_1000_max": 0.613916,
        "nauc_ndcg_at_1000_std": 0.107685,
        "nauc_ndcg_at_1000_diff1": 0.297694,
        "nauc_map_at_1_max": 0.302898,
        "nauc_map_at_1_std": -0.093763,
        "nauc_map_at_1_diff1": 0.375516,
        "nauc_map_at_3_max": 0.382512,
        "nauc_map_at_3_std": 0.032885,
        "nauc_map_at_3_diff1": 0.282417,
        "nauc_map_at_5_max": 0.483392,
        "nauc_map_at_5_std": 0.094426,
        "nauc_map_at_5_diff1": 0.242705,
        "nauc_map_at_10_max": 0.521858,
        "nauc_map_at_10_std": 0.103734,
        "nauc_map_at_10_diff1": 0.237017,
        "nauc_map_at_20_max": 0.527483,
        "nauc_map_at_20_std": 0.103986,
        "nauc_map_at_20_diff1": 0.231825,
        "nauc_map_at_100_max": 0.532508,
        "nauc_map_at_100_std": 0.102193,
        "nauc_map_at_100_diff1": 0.234862,
        "nauc_map_at_1000_max": 0.532318,
        "nauc_map_at_1000_std": 0.102391,
        "nauc_map_at_1000_diff1": 0.23509,
        "nauc_recall_at_1_max": 0.302898,
        "nauc_recall_at_1_std": -0.093763,
        "nauc_recall_at_1_diff1": 0.375516,
        "nauc_recall_at_3_max": 0.291065,
        "nauc_recall_at_3_std": 0.060713,
        "nauc_recall_at_3_diff1": 0.216721,
        "nauc_recall_at_5_max": 0.430336,
        "nauc_recall_at_5_std": 0.136216,
        "nauc_recall_at_5_diff1": 0.219258,
        "nauc_recall_at_10_max": 0.453305,
        "nauc_recall_at_10_std": 0.227381,
        "nauc_recall_at_10_diff1": 0.165286,
        "nauc_recall_at_20_max": 0.468478,
        "nauc_recall_at_20_std": 0.243316,
        "nauc_recall_at_20_diff1": 0.12325,
        "nauc_recall_at_100_max": 0.546017,
        "nauc_recall_at_100_std": 0.19083,
        "nauc_recall_at_100_diff1": -0.249489,
        "nauc_recall_at_1000_max": NaN,
        "nauc_recall_at_1000_std": NaN,
        "nauc_recall_at_1000_diff1": NaN,
        "nauc_precision_at_1_max": 0.803646,
        "nauc_precision_at_1_std": 0.015069,
        "nauc_precision_at_1_diff1": 0.535545,
        "nauc_precision_at_3_max": 0.446084,
        "nauc_precision_at_3_std": 0.095475,
        "nauc_precision_at_3_diff1": 0.128568,
        "nauc_precision_at_5_max": 0.423405,
        "nauc_precision_at_5_std": 0.131066,
        "nauc_precision_at_5_diff1": 0.055198,
        "nauc_precision_at_10_max": 0.3796,
        "nauc_precision_at_10_std": 0.155123,
        "nauc_precision_at_10_diff1": -0.024031,
        "nauc_precision_at_20_max": 0.347882,
        "nauc_precision_at_20_std": 0.144318,
        "nauc_precision_at_20_diff1": -0.067131,
        "nauc_precision_at_100_max": 0.263439,
        "nauc_precision_at_100_std": 0.075474,
        "nauc_precision_at_100_diff1": -0.088206,
        "nauc_precision_at_1000_max": 0.247332,
        "nauc_precision_at_1000_std": 0.072719,
        "nauc_precision_at_1000_diff1": -0.090985,
        "nauc_mrr_at_1_max": 0.803646,
        "nauc_mrr_at_1_std": 0.015069,
        "nauc_mrr_at_1_diff1": 0.535545,
        "nauc_mrr_at_3_max": 0.780117,
        "nauc_mrr_at_3_std": 0.030282,
        "nauc_mrr_at_3_diff1": 0.510635,
        "nauc_mrr_at_5_max": 0.775677,
        "nauc_mrr_at_5_std": 0.0107,
        "nauc_mrr_at_5_diff1": 0.532264,
        "nauc_mrr_at_10_max": 0.790373,
        "nauc_mrr_at_10_std": 0.042437,
        "nauc_mrr_at_10_diff1": 0.526845,
        "nauc_mrr_at_20_max": 0.789927,
        "nauc_mrr_at_20_std": 0.040642,
        "nauc_mrr_at_20_diff1": 0.529129,
        "nauc_mrr_at_100_max": 0.788767,
        "nauc_mrr_at_100_std": 0.035856,
        "nauc_mrr_at_100_diff1": 0.52725,
        "nauc_mrr_at_1000_max": 0.788767,
        "nauc_mrr_at_1000_std": 0.035856,
        "nauc_mrr_at_1000_diff1": 0.52725,
        "hit_rate_at_1": 0.75325,
        "hit_rate_at_3": 0.8961,
        "hit_rate_at_5": 0.90909,
        "hit_rate_at_10": 0.96104,
        "hit_rate_at_20": 0.97403,
        "hit_rate_at_100": 1.0,
        "hit_rate_at_1000": 1.0,
        "main_score": 0.75541,
        "hf_subset": "default",
        "languages": [
          "dan-Latn"
        ]
      }
    ]
  },
  "evaluation_time": 0.40796375274658203,
  "kg_co2_emissions": null,
  "date": 1774449451.704813
}