{
  "dataset_revision": "bc2a1e4c24771a6f3432578016cfb737732398fd",
  "task_name": "LLMWinoGrande",
  "mteb_version": "2.11.6",
  "scores": {
    "test": [
      {
        "ndcg_at_1": 0.23,
        "ndcg_at_3": 0.40172,
        "ndcg_at_5": 0.48888,
        "ndcg_at_10": 0.54547,
        "ndcg_at_20": 0.55975,
        "ndcg_at_100": 0.56793,
        "ndcg_at_1000": 0.56793,
        "map_at_1": 0.23,
        "map_at_3": 0.35917,
        "map_at_5": 0.40792,
        "map_at_10": 0.4322,
        "map_at_20": 0.43631,
        "map_at_100": 0.43772,
        "map_at_1000": 0.43772,
        "recall_at_1": 0.23,
        "recall_at_3": 0.525,
        "recall_at_5": 0.735,
        "recall_at_10": 0.905,
        "recall_at_20": 0.96,
        "recall_at_100": 1.0,
        "recall_at_1000": 1.0,
        "accuracy": 0.23,
        "precision_at_1": 0.23,
        "precision_at_3": 0.175,
        "precision_at_5": 0.147,
        "precision_at_10": 0.0905,
        "precision_at_20": 0.048,
        "precision_at_100": 0.01,
        "precision_at_1000": 0.001,
        "mrr_at_1": 0.23,
        "mrr_at_3": 0.359167,
        "mrr_at_5": 0.407917,
        "mrr_at_10": 0.432196,
        "mrr_at_20": 0.436312,
        "mrr_at_100": 0.43772,
        "mrr_at_1000": 0.43772,
        "nauc_ndcg_at_1_max": 0.055902,
        "nauc_ndcg_at_1_std": -0.018929,
        "nauc_ndcg_at_1_diff1": 0.061469,
        "nauc_ndcg_at_3_max": -0.093723,
        "nauc_ndcg_at_3_std": -0.133085,
        "nauc_ndcg_at_3_diff1": 0.032578,
        "nauc_ndcg_at_5_max": -0.136507,
        "nauc_ndcg_at_5_std": -0.164719,
        "nauc_ndcg_at_5_diff1": 0.02219,
        "nauc_ndcg_at_10_max": -0.113419,
        "nauc_ndcg_at_10_std": -0.099601,
        "nauc_ndcg_at_10_diff1": 0.015518,
        "nauc_ndcg_at_20_max": -0.096302,
        "nauc_ndcg_at_20_std": -0.109495,
        "nauc_ndcg_at_20_diff1": 0.020838,
        "nauc_ndcg_at_100_max": -0.070383,
        "nauc_ndcg_at_100_std": -0.102964,
        "nauc_ndcg_at_100_diff1": 0.02813,
        "nauc_ndcg_at_1000_max": -0.070383,
        "nauc_ndcg_at_1000_std": -0.102964,
        "nauc_ndcg_at_1000_diff1": 0.02813,
        "nauc_map_at_1_max": 0.055902,
        "nauc_map_at_1_std": -0.018929,
        "nauc_map_at_1_diff1": 0.061469,
        "nauc_map_at_3_max": -0.059142,
        "nauc_map_at_3_std": -0.107668,
        "nauc_map_at_3_diff1": 0.035671,
        "nauc_map_at_5_max": -0.078241,
        "nauc_map_at_5_std": -0.122232,
        "nauc_map_at_5_diff1": 0.030294,
        "nauc_map_at_10_max": -0.064068,
        "nauc_map_at_10_std": -0.094662,
        "nauc_map_at_10_diff1": 0.028757,
        "nauc_map_at_20_max": -0.05875,
        "nauc_map_at_20_std": -0.096804,
        "nauc_map_at_20_diff1": 0.03063,
        "nauc_map_at_100_max": -0.055214,
        "nauc_map_at_100_std": -0.095968,
        "nauc_map_at_100_diff1": 0.031523,
        "nauc_map_at_1000_max": -0.055214,
        "nauc_map_at_1000_std": -0.095968,
        "nauc_map_at_1000_diff1": 0.031523,
        "nauc_recall_at_1_max": 0.055902,
        "nauc_recall_at_1_std": -0.018929,
        "nauc_recall_at_1_diff1": 0.061469,
        "nauc_recall_at_3_max": -0.189615,
        "nauc_recall_at_3_std": -0.203193,
        "nauc_recall_at_3_diff1": 0.025385,
        "nauc_recall_at_5_max": -0.364254,
        "nauc_recall_at_5_std": -0.32965,
        "nauc_recall_at_5_diff1": -0.007955,
        "nauc_recall_at_10_max": -0.547545,
        "nauc_recall_at_10_std": -0.088481,
        "nauc_recall_at_10_diff1": -0.108359,
        "nauc_recall_at_20_max": -0.802288,
        "nauc_recall_at_20_std": -0.294351,
        "nauc_recall_at_20_diff1": -0.185516,
        "nauc_recall_at_100_max": NaN,
        "nauc_recall_at_100_std": NaN,
        "nauc_recall_at_100_diff1": NaN,
        "nauc_recall_at_1000_max": NaN,
        "nauc_recall_at_1000_std": NaN,
        "nauc_recall_at_1000_diff1": NaN,
        "nauc_precision_at_1_max": 0.055902,
        "nauc_precision_at_1_std": -0.018929,
        "nauc_precision_at_1_diff1": 0.061469,
        "nauc_precision_at_3_max": -0.189615,
        "nauc_precision_at_3_std": -0.203193,
        "nauc_precision_at_3_diff1": 0.025385,
        "nauc_precision_at_5_max": -0.364254,
        "nauc_precision_at_5_std": -0.32965,
        "nauc_precision_at_5_diff1": -0.007955,
        "nauc_precision_at_10_max": -0.547545,
        "nauc_precision_at_10_std": -0.088481,
        "nauc_precision_at_10_diff1": -0.108359,
        "nauc_precision_at_20_max": -0.802288,
        "nauc_precision_at_20_std": -0.294351,
        "nauc_precision_at_20_diff1": -0.185516,
        "nauc_precision_at_100_max": 1.0,
        "nauc_precision_at_100_std": 1.0,
        "nauc_precision_at_100_diff1": 1.0,
        "nauc_precision_at_1000_max": 1.0,
        "nauc_precision_at_1000_std": 1.0,
        "nauc_precision_at_1000_diff1": 1.0,
        "nauc_mrr_at_1_max": 0.055902,
        "nauc_mrr_at_1_std": -0.018929,
        "nauc_mrr_at_1_diff1": 0.061469,
        "nauc_mrr_at_3_max": -0.059142,
        "nauc_mrr_at_3_std": -0.107668,
        "nauc_mrr_at_3_diff1": 0.035671,
        "nauc_mrr_at_5_max": -0.078241,
        "nauc_mrr_at_5_std": -0.122232,
        "nauc_mrr_at_5_diff1": 0.030294,
        "nauc_mrr_at_10_max": -0.064068,
        "nauc_mrr_at_10_std": -0.094662,
        "nauc_mrr_at_10_diff1": 0.028757,
        "nauc_mrr_at_20_max": -0.05875,
        "nauc_mrr_at_20_std": -0.096804,
        "nauc_mrr_at_20_diff1": 0.03063,
        "nauc_mrr_at_100_max": -0.055214,
        "nauc_mrr_at_100_std": -0.095968,
        "nauc_mrr_at_100_diff1": 0.031523,
        "nauc_mrr_at_1000_max": -0.055214,
        "nauc_mrr_at_1000_std": -0.095968,
        "nauc_mrr_at_1000_diff1": 0.031523,
        "hit_rate_at_1": 0.23,
        "hit_rate_at_3": 0.525,
        "hit_rate_at_5": 0.735,
        "hit_rate_at_10": 0.905,
        "hit_rate_at_20": 0.96,
        "hit_rate_at_100": 1.0,
        "hit_rate_at_1000": 1.0,
        "main_score": 0.54547,
        "hf_subset": "default",
        "languages": [
          "eng-Latn"
        ]
      }
    ]
  },
  "evaluation_time": 2.791692018508911,
  "kg_co2_emissions": null,
  "date": 1774449457.570522
}