{
  "dataset_revision": "a2acf12d293ea934823ca26752a05c5bfab24dff",
  "task_name": "LLMAILAStatutes",
  "mteb_version": "2.11.6",
  "scores": {
    "test": [
      {
        "ndcg_at_1": 0.04,
        "ndcg_at_3": 0.05184,
        "ndcg_at_5": 0.07409,
        "ndcg_at_10": 0.12034,
        "ndcg_at_20": 0.20643,
        "ndcg_at_100": 0.38351,
        "ndcg_at_1000": 0.38351,
        "map_at_1": 0.01,
        "map_at_3": 0.022,
        "map_at_5": 0.0362,
        "map_at_10": 0.05416,
        "map_at_20": 0.08036,
        "map_at_100": 0.12418,
        "map_at_1000": 0.12418,
        "recall_at_1": 0.01,
        "recall_at_3": 0.037,
        "recall_at_5": 0.086,
        "recall_at_10": 0.175,
        "recall_at_20": 0.38933,
        "recall_at_100": 1.0,
        "recall_at_1000": 1.0,
        "accuracy": 0.01,
        "precision_at_1": 0.04,
        "precision_at_3": 0.05333,
        "precision_at_5": 0.076,
        "precision_at_10": 0.08,
        "precision_at_20": 0.083,
        "precision_at_100": 0.0434,
        "precision_at_1000": 0.00434,
        "mrr_at_1": 0.04,
        "mrr_at_3": 0.093333,
        "mrr_at_5": 0.130333,
        "mrr_at_10": 0.160468,
        "mrr_at_20": 0.186562,
        "mrr_at_100": 0.189969,
        "mrr_at_1000": 0.189969,
        "nauc_ndcg_at_1_max": 0.228065,
        "nauc_ndcg_at_1_std": -0.39026,
        "nauc_ndcg_at_1_diff1": 0.081164,
        "nauc_ndcg_at_3_max": -0.022904,
        "nauc_ndcg_at_3_std": -0.237342,
        "nauc_ndcg_at_3_diff1": -0.19384,
        "nauc_ndcg_at_5_max": 0.200641,
        "nauc_ndcg_at_5_std": -0.217482,
        "nauc_ndcg_at_5_diff1": -0.11839,
        "nauc_ndcg_at_10_max": 0.177944,
        "nauc_ndcg_at_10_std": -0.105368,
        "nauc_ndcg_at_10_diff1": 0.075148,
        "nauc_ndcg_at_20_max": 0.149493,
        "nauc_ndcg_at_20_std": -0.069175,
        "nauc_ndcg_at_20_diff1": 0.007693,
        "nauc_ndcg_at_100_max": 0.122508,
        "nauc_ndcg_at_100_std": -0.10957,
        "nauc_ndcg_at_100_diff1": -0.033762,
        "nauc_ndcg_at_1000_max": 0.122508,
        "nauc_ndcg_at_1000_std": -0.10957,
        "nauc_ndcg_at_1000_diff1": -0.033762,
        "nauc_map_at_1_max": 0.228065,
        "nauc_map_at_1_std": -0.39026,
        "nauc_map_at_1_diff1": 0.081164,
        "nauc_map_at_3_max": 0.039635,
        "nauc_map_at_3_std": -0.235474,
        "nauc_map_at_3_diff1": -0.145886,
        "nauc_map_at_5_max": 0.246604,
        "nauc_map_at_5_std": -0.16782,
        "nauc_map_at_5_diff1": -0.094709,
        "nauc_map_at_10_max": 0.271655,
        "nauc_map_at_10_std": -0.024312,
        "nauc_map_at_10_diff1": 0.087869,
        "nauc_map_at_20_max": 0.23297,
        "nauc_map_at_20_std": -0.037004,
        "nauc_map_at_20_diff1": 0.045489,
        "nauc_map_at_100_max": 0.237734,
        "nauc_map_at_100_std": -0.008187,
        "nauc_map_at_100_diff1": 0.039491,
        "nauc_map_at_1000_max": 0.237734,
        "nauc_map_at_1000_std": -0.008187,
        "nauc_map_at_1000_diff1": 0.039491,
        "nauc_recall_at_1_max": 0.228065,
        "nauc_recall_at_1_std": -0.39026,
        "nauc_recall_at_1_diff1": 0.081164,
        "nauc_recall_at_3_max": -0.059733,
        "nauc_recall_at_3_std": -0.205768,
        "nauc_recall_at_3_diff1": -0.250393,
        "nauc_recall_at_5_max": 0.257488,
        "nauc_recall_at_5_std": -0.1962,
        "nauc_recall_at_5_diff1": -0.107136,
        "nauc_recall_at_10_max": 0.182741,
        "nauc_recall_at_10_std": -0.050133,
        "nauc_recall_at_10_diff1": 0.162721,
        "nauc_recall_at_20_max": 0.15845,
        "nauc_recall_at_20_std": 0.048472,
        "nauc_recall_at_20_diff1": 0.073335,
        "nauc_recall_at_100_max": NaN,
        "nauc_recall_at_100_std": NaN,
        "nauc_recall_at_100_diff1": NaN,
        "nauc_recall_at_1000_max": NaN,
        "nauc_recall_at_1000_std": NaN,
        "nauc_recall_at_1000_diff1": NaN,
        "nauc_precision_at_1_max": 0.228065,
        "nauc_precision_at_1_std": -0.39026,
        "nauc_precision_at_1_diff1": 0.081164,
        "nauc_precision_at_3_max": -0.090567,
        "nauc_precision_at_3_std": -0.22419,
        "nauc_precision_at_3_diff1": -0.261676,
        "nauc_precision_at_5_max": 0.249274,
        "nauc_precision_at_5_std": -0.212634,
        "nauc_precision_at_5_diff1": -0.145799,
        "nauc_precision_at_10_max": 0.170334,
        "nauc_precision_at_10_std": -0.027925,
        "nauc_precision_at_10_diff1": 0.157652,
        "nauc_precision_at_20_max": 0.06569,
        "nauc_precision_at_20_std": 0.015848,
        "nauc_precision_at_20_diff1": 0.024976,
        "nauc_precision_at_100_max": -0.348969,
        "nauc_precision_at_100_std": -0.182708,
        "nauc_precision_at_100_diff1": -0.147034,
        "nauc_precision_at_1000_max": -0.348969,
        "nauc_precision_at_1000_std": -0.182708,
        "nauc_precision_at_1000_diff1": -0.147034,
        "nauc_mrr_at_1_max": 0.228065,
        "nauc_mrr_at_1_std": -0.39026,
        "nauc_mrr_at_1_diff1": 0.081164,
        "nauc_mrr_at_3_max": 0.014183,
        "nauc_mrr_at_3_std": -0.246022,
        "nauc_mrr_at_3_diff1": -0.156329,
        "nauc_mrr_at_5_max": 0.058828,
        "nauc_mrr_at_5_std": -0.302307,
        "nauc_mrr_at_5_diff1": -0.135883,
        "nauc_mrr_at_10_max": 0.010226,
        "nauc_mrr_at_10_std": -0.303034,
        "nauc_mrr_at_10_diff1": -0.084458,
        "nauc_mrr_at_20_max": 0.021843,
        "nauc_mrr_at_20_std": -0.281868,
        "nauc_mrr_at_20_diff1": -0.121685,
        "nauc_mrr_at_100_max": 0.031217,
        "nauc_mrr_at_100_std": -0.281444,
        "nauc_mrr_at_100_diff1": -0.112486,
        "nauc_mrr_at_1000_max": 0.031217,
        "nauc_mrr_at_1000_std": -0.281444,
        "nauc_mrr_at_1000_diff1": -0.112486,
        "hit_rate_at_1": 0.04,
        "hit_rate_at_3": 0.16,
        "hit_rate_at_5": 0.32,
        "hit_rate_at_10": 0.56,
        "hit_rate_at_20": 0.9,
        "hit_rate_at_100": 1.0,
        "hit_rate_at_1000": 1.0,
        "main_score": 0.12034,
        "hf_subset": "default",
        "languages": [
          "eng-Latn"
        ]
      }
    ]
  },
  "evaluation_time": 5.978219032287598,
  "kg_co2_emissions": null,
  "date": 1774389225.322132
}