{
  "dataset_revision": "300cb175d1b608cfc3fdb94fd06b3ceb937f9b6a",
  "task_name": "LLMLegalBenchCorporateLobbying",
  "mteb_version": "2.11.6",
  "scores": {
    "test": [
      {
        "ndcg_at_1": 0.47941,
        "ndcg_at_3": 0.58753,
        "ndcg_at_5": 0.61664,
        "ndcg_at_10": 0.64475,
        "ndcg_at_20": 0.66565,
        "ndcg_at_100": 0.68152,
        "ndcg_at_1000": 0.68396,
        "map_at_1": 0.47941,
        "map_at_3": 0.56176,
        "map_at_5": 0.57794,
        "map_at_10": 0.58986,
        "map_at_20": 0.59564,
        "map_at_100": 0.59809,
        "map_at_1000": 0.59821,
        "recall_at_1": 0.47941,
        "recall_at_3": 0.66176,
        "recall_at_5": 0.73235,
        "recall_at_10": 0.81765,
        "recall_at_20": 0.9,
        "recall_at_100": 0.98235,
        "recall_at_1000": 1.0,
        "accuracy": 0.47941,
        "precision_at_1": 0.47941,
        "precision_at_3": 0.22059,
        "precision_at_5": 0.14647,
        "precision_at_10": 0.08176,
        "precision_at_20": 0.045,
        "precision_at_100": 0.00982,
        "precision_at_1000": 0.001,
        "mrr_at_1": 0.479412,
        "mrr_at_3": 0.561765,
        "mrr_at_5": 0.577941,
        "mrr_at_10": 0.589858,
        "mrr_at_20": 0.595635,
        "mrr_at_100": 0.598088,
        "mrr_at_1000": 0.598209,
        "nauc_ndcg_at_1_max": 0.616203,
        "nauc_ndcg_at_1_std": 0.170012,
        "nauc_ndcg_at_1_diff1": 0.620269,
        "nauc_ndcg_at_3_max": 0.630797,
        "nauc_ndcg_at_3_std": 0.170479,
        "nauc_ndcg_at_3_diff1": 0.591366,
        "nauc_ndcg_at_5_max": 0.632151,
        "nauc_ndcg_at_5_std": 0.162193,
        "nauc_ndcg_at_5_diff1": 0.589015,
        "nauc_ndcg_at_10_max": 0.638946,
        "nauc_ndcg_at_10_std": 0.162347,
        "nauc_ndcg_at_10_diff1": 0.602001,
        "nauc_ndcg_at_20_max": 0.637169,
        "nauc_ndcg_at_20_std": 0.168173,
        "nauc_ndcg_at_20_diff1": 0.598295,
        "nauc_ndcg_at_100_max": 0.634544,
        "nauc_ndcg_at_100_std": 0.168511,
        "nauc_ndcg_at_100_diff1": 0.597597,
        "nauc_ndcg_at_1000_max": 0.632218,
        "nauc_ndcg_at_1000_std": 0.167018,
        "nauc_ndcg_at_1000_diff1": 0.597857,
        "nauc_map_at_1_max": 0.616203,
        "nauc_map_at_1_std": 0.170012,
        "nauc_map_at_1_diff1": 0.620269,
        "nauc_map_at_3_max": 0.625227,
        "nauc_map_at_3_std": 0.172336,
        "nauc_map_at_3_diff1": 0.596752,
        "nauc_map_at_5_max": 0.625877,
        "nauc_map_at_5_std": 0.167637,
        "nauc_map_at_5_diff1": 0.595742,
        "nauc_map_at_10_max": 0.628324,
        "nauc_map_at_10_std": 0.167438,
        "nauc_map_at_10_diff1": 0.601052,
        "nauc_map_at_20_max": 0.628223,
        "nauc_map_at_20_std": 0.169019,
        "nauc_map_at_20_diff1": 0.600472,
        "nauc_map_at_100_max": 0.627938,
        "nauc_map_at_100_std": 0.168711,
        "nauc_map_at_100_diff1": 0.599972,
        "nauc_map_at_1000_max": 0.627842,
        "nauc_map_at_1000_std": 0.168651,
        "nauc_map_at_1000_diff1": 0.599965,
        "nauc_recall_at_1_max": 0.616203,
        "nauc_recall_at_1_std": 0.170012,
        "nauc_recall_at_1_diff1": 0.620269,
        "nauc_recall_at_3_max": 0.650043,
        "nauc_recall_at_3_std": 0.163392,
        "nauc_recall_at_3_diff1": 0.574614,
        "nauc_recall_at_5_max": 0.657075,
        "nauc_recall_at_5_std": 0.139479,
        "nauc_recall_at_5_diff1": 0.564132,
        "nauc_recall_at_10_max": 0.698745,
        "nauc_recall_at_10_std": 0.135687,
        "nauc_recall_at_10_diff1": 0.615921,
        "nauc_recall_at_20_max": 0.713146,
        "nauc_recall_at_20_std": 0.171939,
        "nauc_recall_at_20_diff1": 0.581823,
        "nauc_recall_at_100_max": 0.85761,
        "nauc_recall_at_100_std": 0.311936,
        "nauc_recall_at_100_diff1": 0.561625,
        "nauc_recall_at_1000_max": NaN,
        "nauc_recall_at_1000_std": NaN,
        "nauc_recall_at_1000_diff1": NaN,
        "nauc_precision_at_1_max": 0.616203,
        "nauc_precision_at_1_std": 0.170012,
        "nauc_precision_at_1_diff1": 0.620269,
        "nauc_precision_at_3_max": 0.650043,
        "nauc_precision_at_3_std": 0.163392,
        "nauc_precision_at_3_diff1": 0.574614,
        "nauc_precision_at_5_max": 0.657075,
        "nauc_precision_at_5_std": 0.139479,
        "nauc_precision_at_5_diff1": 0.564132,
        "nauc_precision_at_10_max": 0.698745,
        "nauc_precision_at_10_std": 0.135687,
        "nauc_precision_at_10_diff1": 0.615921,
        "nauc_precision_at_20_max": 0.713146,
        "nauc_precision_at_20_std": 0.171939,
        "nauc_precision_at_20_diff1": 0.581823,
        "nauc_precision_at_100_max": 0.85761,
        "nauc_precision_at_100_std": 0.311936,
        "nauc_precision_at_100_diff1": 0.561625,
        "nauc_precision_at_1000_max": 1.0,
        "nauc_precision_at_1000_std": 1.0,
        "nauc_precision_at_1000_diff1": 1.0,
        "nauc_mrr_at_1_max": 0.616203,
        "nauc_mrr_at_1_std": 0.170012,
        "nauc_mrr_at_1_diff1": 0.620269,
        "nauc_mrr_at_3_max": 0.625227,
        "nauc_mrr_at_3_std": 0.172336,
        "nauc_mrr_at_3_diff1": 0.596752,
        "nauc_mrr_at_5_max": 0.625877,
        "nauc_mrr_at_5_std": 0.167637,
        "nauc_mrr_at_5_diff1": 0.595742,
        "nauc_mrr_at_10_max": 0.628324,
        "nauc_mrr_at_10_std": 0.167438,
        "nauc_mrr_at_10_diff1": 0.601052,
        "nauc_mrr_at_20_max": 0.628223,
        "nauc_mrr_at_20_std": 0.169019,
        "nauc_mrr_at_20_diff1": 0.600472,
        "nauc_mrr_at_100_max": 0.627938,
        "nauc_mrr_at_100_std": 0.168711,
        "nauc_mrr_at_100_diff1": 0.599972,
        "nauc_mrr_at_1000_max": 0.627842,
        "nauc_mrr_at_1000_std": 0.168651,
        "nauc_mrr_at_1000_diff1": 0.599965,
        "hit_rate_at_1": 0.47941,
        "hit_rate_at_3": 0.66176,
        "hit_rate_at_5": 0.73235,
        "hit_rate_at_10": 0.81765,
        "hit_rate_at_20": 0.9,
        "hit_rate_at_100": 0.98235,
        "hit_rate_at_1000": 1.0,
        "main_score": 0.64475,
        "hf_subset": "default",
        "languages": [
          "eng-Latn"
        ]
      }
    ]
  },
  "evaluation_time": 6.031237602233887,
  "kg_co2_emissions": null,
  "date": 1774389233.40451
}