{
  "dataset_revision": "5d745bd9e435cc190599f916f54c0ab197ddeb73",
  "task_name": "LLMRTE3PC",
  "mteb_version": "2.11.6",
  "scores": {
    "test": [
      {
        "similarity_accuracy": 0.848233,
        "similarity_f1": 0.917885,
        "similarity_precision": 0.85,
        "similarity_recall": 0.997555,
        "similarity_ap": 0.858525,
        "cosine_accuracy": 0.848233,
        "cosine_f1": 0.917885,
        "cosine_precision": 0.85,
        "cosine_recall": 0.997555,
        "cosine_ap": 0.858525,
        "manhattan_accuracy": 0.848233,
        "manhattan_f1": 0.917885,
        "manhattan_precision": 0.85,
        "manhattan_recall": 0.997555,
        "manhattan_ap": 0.850591,
        "euclidean_accuracy": 0.852391,
        "euclidean_f1": 0.920135,
        "euclidean_precision": 0.852083,
        "euclidean_recall": 1.0,
        "euclidean_ap": 0.855104,
        "dot_accuracy": 0.848233,
        "dot_f1": 0.917885,
        "dot_precision": 0.85,
        "dot_recall": 0.997555,
        "dot_ap": 0.868529,
        "max_accuracy": 0.852391,
        "max_f1": 0.920135,
        "max_precision": 0.852083,
        "max_recall": 1.0,
        "max_ap": 0.868529,
        "main_score": 0.868529,
        "hf_subset": "de",
        "languages": [
          "deu-Latn"
        ]
      },
      {
        "similarity_accuracy": 0.848548,
        "similarity_f1": 0.91807,
        "similarity_precision": 0.850312,
        "similarity_recall": 0.997561,
        "similarity_ap": 0.866576,
        "cosine_accuracy": 0.848548,
        "cosine_f1": 0.91807,
        "cosine_precision": 0.850312,
        "cosine_recall": 0.997561,
        "cosine_ap": 0.866576,
        "manhattan_accuracy": 0.848548,
        "manhattan_f1": 0.91807,
        "manhattan_precision": 0.850312,
        "manhattan_recall": 0.997561,
        "manhattan_ap": 0.85554,
        "euclidean_accuracy": 0.848548,
        "euclidean_f1": 0.91807,
        "euclidean_precision": 0.850312,
        "euclidean_recall": 0.997561,
        "euclidean_ap": 0.857996,
        "dot_accuracy": 0.848548,
        "dot_f1": 0.91807,
        "dot_precision": 0.850312,
        "dot_recall": 0.997561,
        "dot_ap": 0.871665,
        "max_accuracy": 0.848548,
        "max_f1": 0.91807,
        "max_precision": 0.850312,
        "max_recall": 0.997561,
        "max_ap": 0.871665,
        "main_score": 0.871665,
        "hf_subset": "en",
        "languages": [
          "eng-Latn"
        ]
      },
      {
        "similarity_accuracy": 0.848548,
        "similarity_f1": 0.917885,
        "similarity_precision": 0.85,
        "similarity_recall": 0.997555,
        "similarity_ap": 0.847741,
        "cosine_accuracy": 0.848548,
        "cosine_f1": 0.917885,
        "cosine_precision": 0.85,
        "cosine_recall": 0.997555,
        "cosine_ap": 0.84774,
        "manhattan_accuracy": 0.846473,
        "manhattan_f1": 0.916854,
        "manhattan_precision": 0.848233,
        "manhattan_recall": 0.997555,
        "manhattan_ap": 0.850094,
        "euclidean_accuracy": 0.848548,
        "euclidean_f1": 0.917885,
        "euclidean_precision": 0.85,
        "euclidean_recall": 0.997555,
        "euclidean_ap": 0.850918,
        "dot_accuracy": 0.846473,
        "dot_f1": 0.916854,
        "dot_precision": 0.848233,
        "dot_recall": 0.997555,
        "dot_ap": 0.832995,
        "max_accuracy": 0.848548,
        "max_f1": 0.917885,
        "max_precision": 0.85,
        "max_recall": 0.997555,
        "max_ap": 0.850918,
        "main_score": 0.850918,
        "hf_subset": "fr",
        "languages": [
          "fra-Latn"
        ]
      },
      {
        "similarity_accuracy": 0.853556,
        "similarity_f1": 0.920455,
        "similarity_precision": 0.85443,
        "similarity_recall": 0.997537,
        "similarity_ap": 0.867659,
        "cosine_accuracy": 0.853556,
        "cosine_f1": 0.920455,
        "cosine_precision": 0.85443,
        "cosine_recall": 0.997537,
        "cosine_ap": 0.867659,
        "manhattan_accuracy": 0.84728,
        "manhattan_f1": 0.917327,
        "manhattan_precision": 0.849057,
        "manhattan_recall": 0.997537,
        "manhattan_ap": 0.857516,
        "euclidean_accuracy": 0.853556,
        "euclidean_f1": 0.920455,
        "euclidean_precision": 0.85443,
        "euclidean_recall": 0.997537,
        "euclidean_ap": 0.865811,
        "dot_accuracy": 0.84728,
        "dot_f1": 0.917327,
        "dot_precision": 0.849057,
        "dot_recall": 0.997537,
        "dot_ap": 0.867679,
        "max_accuracy": 0.853556,
        "max_f1": 0.920455,
        "max_precision": 0.85443,
        "max_recall": 0.997537,
        "max_ap": 0.867679,
        "main_score": 0.867679,
        "hf_subset": "it",
        "languages": [
          "ita-Latn"
        ]
      }
    ]
  },
  "evaluation_time": 18.967241048812866,
  "kg_co2_emissions": null,
  "date": 1774376143.442211
}