{
  "dataset_revision": "1c61e95df3d70835785db4d70f17d3a16a7bd4ce",
  "task_name": "LLMTempReasonL1",
  "mteb_version": "2.11.6",
  "scores": {
    "test": [
      {
        "ndcg_at_1": 0.0,
        "ndcg_at_3": 0.00631,
        "ndcg_at_5": 0.00631,
        "ndcg_at_10": 0.00932,
        "ndcg_at_20": 0.01163,
        "ndcg_at_100": 0.01918,
        "ndcg_at_1000": 0.02259,
        "map_at_1": 0.0,
        "map_at_3": 0.005,
        "map_at_5": 0.005,
        "map_at_10": 0.00611,
        "map_at_20": 0.00664,
        "map_at_100": 0.00771,
        "map_at_1000": 0.00778,
        "recall_at_1": 0.0,
        "recall_at_3": 0.01,
        "recall_at_5": 0.01,
        "recall_at_10": 0.02,
        "recall_at_20": 0.03,
        "recall_at_100": 0.07,
        "recall_at_1000": 0.1,
        "accuracy": 0.0,
        "precision_at_1": 0.0,
        "precision_at_3": 0.00333,
        "precision_at_5": 0.002,
        "precision_at_10": 0.002,
        "precision_at_20": 0.0015,
        "precision_at_100": 0.0007,
        "precision_at_1000": 0.0001,
        "mrr_at_1": 0.0,
        "mrr_at_3": 0.005,
        "mrr_at_5": 0.005,
        "mrr_at_10": 0.006111,
        "mrr_at_20": 0.006637,
        "mrr_at_100": 0.007708,
        "mrr_at_1000": 0.007781,
        "nauc_ndcg_at_1_max": NaN,
        "nauc_ndcg_at_1_std": NaN,
        "nauc_ndcg_at_1_diff1": NaN,
        "nauc_ndcg_at_3_max": 1.0,
        "nauc_ndcg_at_3_std": -0.205796,
        "nauc_ndcg_at_3_diff1": 1.0,
        "nauc_ndcg_at_5_max": 1.0,
        "nauc_ndcg_at_5_std": -0.205796,
        "nauc_ndcg_at_5_diff1": 1.0,
        "nauc_ndcg_at_10_max": 0.654199,
        "nauc_ndcg_at_10_std": 0.074485,
        "nauc_ndcg_at_10_diff1": 0.8908,
        "nauc_ndcg_at_20_max": 0.46074,
        "nauc_ndcg_at_20_std": -0.003674,
        "nauc_ndcg_at_20_diff1": 0.599319,
        "nauc_ndcg_at_100_max": 0.137125,
        "nauc_ndcg_at_100_std": 0.173627,
        "nauc_ndcg_at_100_diff1": 0.311909,
        "nauc_ndcg_at_1000_max": 0.142109,
        "nauc_ndcg_at_1000_std": 0.135815,
        "nauc_ndcg_at_1000_diff1": 0.25261,
        "nauc_map_at_1_max": NaN,
        "nauc_map_at_1_std": NaN,
        "nauc_map_at_1_diff1": NaN,
        "nauc_map_at_3_max": 1.0,
        "nauc_map_at_3_std": -0.205796,
        "nauc_map_at_3_diff1": 1.0,
        "nauc_map_at_5_max": 1.0,
        "nauc_map_at_5_std": -0.205796,
        "nauc_map_at_5_diff1": 1.0,
        "nauc_map_at_10_max": 0.805352,
        "nauc_map_at_10_std": -0.048028,
        "nauc_map_at_10_diff1": 0.938532,
        "nauc_map_at_20_max": 0.716237,
        "nauc_map_at_20_std": -0.069474,
        "nauc_map_at_20_diff1": 0.818538,
        "nauc_map_at_100_max": 0.56592,
        "nauc_map_at_100_std": -0.002706,
        "nauc_map_at_100_diff1": 0.689942,
        "nauc_map_at_1000_max": 0.561153,
        "nauc_map_at_1000_std": -0.00208,
        "nauc_map_at_1000_diff1": 0.681299,
        "nauc_recall_at_1_max": NaN,
        "nauc_recall_at_1_std": NaN,
        "nauc_recall_at_1_diff1": NaN,
        "nauc_recall_at_3_max": 1.0,
        "nauc_recall_at_3_std": -0.205796,
        "nauc_recall_at_3_diff1": 1.0,
        "nauc_recall_at_5_max": 1.0,
        "nauc_recall_at_5_std": -0.205796,
        "nauc_recall_at_5_diff1": 1.0,
        "nauc_recall_at_10_max": 0.464717,
        "nauc_recall_at_10_std": 0.228065,
        "nauc_recall_at_10_diff1": 0.830963,
        "nauc_recall_at_20_max": 0.203649,
        "nauc_recall_at_20_std": 0.045881,
        "nauc_recall_at_20_diff1": 0.362401,
        "nauc_recall_at_100_max": -0.118287,
        "nauc_recall_at_100_std": 0.285216,
        "nauc_recall_at_100_diff1": 0.073709,
        "nauc_recall_at_1000_max": -0.022914,
        "nauc_recall_at_1000_std": 0.167507,
        "nauc_recall_at_1000_diff1": 0.036356,
        "nauc_precision_at_1_max": NaN,
        "nauc_precision_at_1_std": NaN,
        "nauc_precision_at_1_diff1": NaN,
        "nauc_precision_at_3_max": 1.0,
        "nauc_precision_at_3_std": -0.205796,
        "nauc_precision_at_3_diff1": 1.0,
        "nauc_precision_at_5_max": 1.0,
        "nauc_precision_at_5_std": -0.205796,
        "nauc_precision_at_5_diff1": 1.0,
        "nauc_precision_at_10_max": 0.464717,
        "nauc_precision_at_10_std": 0.228065,
        "nauc_precision_at_10_diff1": 0.830963,
        "nauc_precision_at_20_max": 0.203649,
        "nauc_precision_at_20_std": 0.045881,
        "nauc_precision_at_20_diff1": 0.362401,
        "nauc_precision_at_100_max": -0.118287,
        "nauc_precision_at_100_std": 0.285216,
        "nauc_precision_at_100_diff1": 0.073709,
        "nauc_precision_at_1000_max": -0.022914,
        "nauc_precision_at_1000_std": 0.167507,
        "nauc_precision_at_1000_diff1": 0.036356,
        "nauc_mrr_at_1_max": NaN,
        "nauc_mrr_at_1_std": NaN,
        "nauc_mrr_at_1_diff1": NaN,
        "nauc_mrr_at_3_max": 1.0,
        "nauc_mrr_at_3_std": -0.205796,
        "nauc_mrr_at_3_diff1": 1.0,
        "nauc_mrr_at_5_max": 1.0,
        "nauc_mrr_at_5_std": -0.205796,
        "nauc_mrr_at_5_diff1": 1.0,
        "nauc_mrr_at_10_max": 0.805352,
        "nauc_mrr_at_10_std": -0.048028,
        "nauc_mrr_at_10_diff1": 0.938532,
        "nauc_mrr_at_20_max": 0.716237,
        "nauc_mrr_at_20_std": -0.069474,
        "nauc_mrr_at_20_diff1": 0.818538,
        "nauc_mrr_at_100_max": 0.56592,
        "nauc_mrr_at_100_std": -0.002706,
        "nauc_mrr_at_100_diff1": 0.689942,
        "nauc_mrr_at_1000_max": 0.561153,
        "nauc_mrr_at_1000_std": -0.00208,
        "nauc_mrr_at_1000_diff1": 0.681299,
        "hit_rate_at_1": 0.0,
        "hit_rate_at_3": 0.01,
        "hit_rate_at_5": 0.01,
        "hit_rate_at_10": 0.02,
        "hit_rate_at_20": 0.03,
        "hit_rate_at_100": 0.07,
        "hit_rate_at_1000": 0.1,
        "main_score": 0.00932,
        "hf_subset": "default",
        "languages": [
          "eng-Latn"
        ]
      }
    ]
  },
  "evaluation_time": 50.710572719573975,
  "kg_co2_emissions": null,
  "date": 1774389217.306205
}