{
  "dataset_revision": "31f9b918c30ef94e15a168cb95ca4ebf291396eb",
  "task_name": "LLMTwitterHjerneRetrieval",
  "mteb_version": "2.11.6",
  "scores": {
    "train": [
      {
        "ndcg_at_1": 0.18182,
        "ndcg_at_3": 0.15019,
        "ndcg_at_5": 0.15197,
        "ndcg_at_10": 0.19703,
        "ndcg_at_20": 0.22918,
        "ndcg_at_100": 0.29764,
        "ndcg_at_1000": 0.37369,
        "map_at_1": 0.05325,
        "map_at_3": 0.08882,
        "map_at_5": 0.10191,
        "map_at_10": 0.12445,
        "map_at_20": 0.13779,
        "map_at_100": 0.1497,
        "map_at_1000": 0.15563,
        "recall_at_1": 0.05325,
        "recall_at_3": 0.10974,
        "recall_at_5": 0.15195,
        "recall_at_10": 0.24848,
        "recall_at_20": 0.32857,
        "recall_at_100": 0.59719,
        "recall_at_1000": 1.0,
        "accuracy": 0.05325,
        "precision_at_1": 0.18182,
        "precision_at_3": 0.1342,
        "precision_at_5": 0.10909,
        "precision_at_10": 0.08961,
        "precision_at_20": 0.06169,
        "precision_at_100": 0.0213,
        "precision_at_1000": 0.0034,
        "mrr_at_1": 0.181818,
        "mrr_at_3": 0.227273,
        "mrr_at_5": 0.248052,
        "mrr_at_10": 0.264389,
        "mrr_at_20": 0.270181,
        "mrr_at_100": 0.276078,
        "mrr_at_1000": 0.276927,
        "nauc_ndcg_at_1_max": 0.171691,
        "nauc_ndcg_at_1_std": 0.022253,
        "nauc_ndcg_at_1_diff1": 0.280726,
        "nauc_ndcg_at_3_max": 0.199696,
        "nauc_ndcg_at_3_std": 0.038258,
        "nauc_ndcg_at_3_diff1": 0.297151,
        "nauc_ndcg_at_5_max": 0.125917,
        "nauc_ndcg_at_5_std": -0.014999,
        "nauc_ndcg_at_5_diff1": 0.358819,
        "nauc_ndcg_at_10_max": 0.175599,
        "nauc_ndcg_at_10_std": 0.031704,
        "nauc_ndcg_at_10_diff1": 0.326493,
        "nauc_ndcg_at_20_max": 0.189654,
        "nauc_ndcg_at_20_std": 0.047524,
        "nauc_ndcg_at_20_diff1": 0.265358,
        "nauc_ndcg_at_100_max": 0.214761,
        "nauc_ndcg_at_100_std": 0.056176,
        "nauc_ndcg_at_100_diff1": 0.279711,
        "nauc_ndcg_at_1000_max": 0.202274,
        "nauc_ndcg_at_1000_std": 0.054132,
        "nauc_ndcg_at_1000_diff1": 0.270031,
        "nauc_map_at_1_max": 0.050307,
        "nauc_map_at_1_std": -0.063318,
        "nauc_map_at_1_diff1": 0.307795,
        "nauc_map_at_3_max": 0.130553,
        "nauc_map_at_3_std": -0.024214,
        "nauc_map_at_3_diff1": 0.365047,
        "nauc_map_at_5_max": 0.10715,
        "nauc_map_at_5_std": -0.026072,
        "nauc_map_at_5_diff1": 0.383652,
        "nauc_map_at_10_max": 0.136058,
        "nauc_map_at_10_std": 0.00829,
        "nauc_map_at_10_diff1": 0.351429,
        "nauc_map_at_20_max": 0.142671,
        "nauc_map_at_20_std": 0.016198,
        "nauc_map_at_20_diff1": 0.313246,
        "nauc_map_at_100_max": 0.150876,
        "nauc_map_at_100_std": 0.017008,
        "nauc_map_at_100_diff1": 0.317017,
        "nauc_map_at_1000_max": 0.151618,
        "nauc_map_at_1000_std": 0.018901,
        "nauc_map_at_1000_diff1": 0.315838,
        "nauc_recall_at_1_max": 0.050307,
        "nauc_recall_at_1_std": -0.063318,
        "nauc_recall_at_1_diff1": 0.307795,
        "nauc_recall_at_3_max": 0.120926,
        "nauc_recall_at_3_std": -0.02941,
        "nauc_recall_at_3_diff1": 0.344132,
        "nauc_recall_at_5_max": 0.060856,
        "nauc_recall_at_5_std": -0.056929,
        "nauc_recall_at_5_diff1": 0.38138,
        "nauc_recall_at_10_max": 0.171617,
        "nauc_recall_at_10_std": 0.060489,
        "nauc_recall_at_10_diff1": 0.304739,
        "nauc_recall_at_20_max": 0.186814,
        "nauc_recall_at_20_std": 0.076772,
        "nauc_recall_at_20_diff1": 0.17064,
        "nauc_recall_at_100_max": 0.244912,
        "nauc_recall_at_100_std": 0.089845,
        "nauc_recall_at_100_diff1": 0.20542,
        "nauc_recall_at_1000_max": NaN,
        "nauc_recall_at_1000_std": NaN,
        "nauc_recall_at_1000_diff1": NaN,
        "nauc_precision_at_1_max": 0.171691,
        "nauc_precision_at_1_std": 0.022253,
        "nauc_precision_at_1_diff1": 0.280726,
        "nauc_precision_at_3_max": 0.266933,
        "nauc_precision_at_3_std": 0.074567,
        "nauc_precision_at_3_diff1": 0.287437,
        "nauc_precision_at_5_max": 0.201847,
        "nauc_precision_at_5_std": 0.052766,
        "nauc_precision_at_5_diff1": 0.366578,
        "nauc_precision_at_10_max": 0.286158,
        "nauc_precision_at_10_std": 0.130643,
        "nauc_precision_at_10_diff1": 0.27604,
        "nauc_precision_at_20_max": 0.309149,
        "nauc_precision_at_20_std": 0.163691,
        "nauc_precision_at_20_diff1": 0.132047,
        "nauc_precision_at_100_max": 0.355011,
        "nauc_precision_at_100_std": 0.207962,
        "nauc_precision_at_100_diff1": 0.101926,
        "nauc_precision_at_1000_max": 0.30679,
        "nauc_precision_at_1000_std": 0.262047,
        "nauc_precision_at_1000_diff1": -0.132391,
        "nauc_mrr_at_1_max": 0.171691,
        "nauc_mrr_at_1_std": 0.022253,
        "nauc_mrr_at_1_diff1": 0.280726,
        "nauc_mrr_at_3_max": 0.187139,
        "nauc_mrr_at_3_std": 0.026597,
        "nauc_mrr_at_3_diff1": 0.223588,
        "nauc_mrr_at_5_max": 0.177863,
        "nauc_mrr_at_5_std": 0.007496,
        "nauc_mrr_at_5_diff1": 0.258051,
        "nauc_mrr_at_10_max": 0.190037,
        "nauc_mrr_at_10_std": 0.023881,
        "nauc_mrr_at_10_diff1": 0.266848,
        "nauc_mrr_at_20_max": 0.190181,
        "nauc_mrr_at_20_std": 0.028863,
        "nauc_mrr_at_20_diff1": 0.257776,
        "nauc_mrr_at_100_max": 0.189854,
        "nauc_mrr_at_100_std": 0.028213,
        "nauc_mrr_at_100_diff1": 0.259383,
        "nauc_mrr_at_1000_max": 0.188875,
        "nauc_mrr_at_1000_std": 0.02682,
        "nauc_mrr_at_1000_diff1": 0.25952,
        "hit_rate_at_1": 0.18182,
        "hit_rate_at_3": 0.2987,
        "hit_rate_at_5": 0.38961,
        "hit_rate_at_10": 0.50649,
        "hit_rate_at_20": 0.58442,
        "hit_rate_at_100": 0.85714,
        "hit_rate_at_1000": 1.0,
        "main_score": 0.19703,
        "hf_subset": "default",
        "languages": [
          "dan-Latn"
        ]
      }
    ]
  },
  "evaluation_time": 1.7241294384002686,
  "kg_co2_emissions": null,
  "date": 1774389246.31609
}