{
  "dataset_revision": "bc2a1e4c24771a6f3432578016cfb737732398fd",
  "task_name": "LLMWinoGrande",
  "mteb_version": "2.11.6",
  "scores": {
    "test": [
      {
        "ndcg_at_1": 0.005,
        "ndcg_at_3": 0.0075,
        "ndcg_at_5": 0.00943,
        "ndcg_at_10": 0.00943,
        "ndcg_at_20": 0.00943,
        "ndcg_at_100": 0.01622,
        "ndcg_at_1000": 0.06222,
        "map_at_1": 0.005,
        "map_at_3": 0.00667,
        "map_at_5": 0.00767,
        "map_at_10": 0.00767,
        "map_at_20": 0.00767,
        "map_at_100": 0.00837,
        "map_at_1000": 0.00939,
        "recall_at_1": 0.005,
        "recall_at_3": 0.01,
        "recall_at_5": 0.015,
        "recall_at_10": 0.015,
        "recall_at_20": 0.015,
        "recall_at_100": 0.055,
        "recall_at_1000": 0.46,
        "accuracy": 0.005,
        "precision_at_1": 0.005,
        "precision_at_3": 0.00333,
        "precision_at_5": 0.003,
        "precision_at_10": 0.0015,
        "precision_at_20": 0.00075,
        "precision_at_100": 0.00055,
        "precision_at_1000": 0.00046,
        "mrr_at_1": 0.005,
        "mrr_at_3": 0.006667,
        "mrr_at_5": 0.007667,
        "mrr_at_10": 0.007667,
        "mrr_at_20": 0.007667,
        "mrr_at_100": 0.008371,
        "mrr_at_1000": 0.009394,
        "nauc_ndcg_at_1_max": -0.070566,
        "nauc_ndcg_at_1_std": 1.0,
        "nauc_ndcg_at_1_diff1": 0.661926,
        "nauc_ndcg_at_3_max": -0.153206,
        "nauc_ndcg_at_3_std": 0.774618,
        "nauc_ndcg_at_3_diff1": 0.417762,
        "nauc_ndcg_at_5_max": -0.224225,
        "nauc_ndcg_at_5_std": 0.751513,
        "nauc_ndcg_at_5_diff1": 0.214277,
        "nauc_ndcg_at_10_max": -0.224225,
        "nauc_ndcg_at_10_std": 0.751513,
        "nauc_ndcg_at_10_diff1": 0.214277,
        "nauc_ndcg_at_20_max": -0.224225,
        "nauc_ndcg_at_20_std": 0.751513,
        "nauc_ndcg_at_20_diff1": 0.214277,
        "nauc_ndcg_at_100_max": -0.067446,
        "nauc_ndcg_at_100_std": 0.499418,
        "nauc_ndcg_at_100_diff1": -0.013806,
        "nauc_ndcg_at_1000_max": -0.089978,
        "nauc_ndcg_at_1000_std": 0.086384,
        "nauc_ndcg_at_1000_diff1": 0.045016,
        "nauc_map_at_1_max": -0.070566,
        "nauc_map_at_1_std": 1.0,
        "nauc_map_at_1_diff1": 0.661926,
        "nauc_map_at_3_max": -0.132546,
        "nauc_map_at_3_std": 0.830963,
        "nauc_map_at_3_diff1": 0.478803,
        "nauc_map_at_5_max": -0.180423,
        "nauc_map_at_5_std": 0.808915,
        "nauc_map_at_5_diff1": 0.341387,
        "nauc_map_at_10_max": -0.180423,
        "nauc_map_at_10_std": 0.808915,
        "nauc_map_at_10_diff1": 0.341387,
        "nauc_map_at_20_max": -0.180423,
        "nauc_map_at_20_std": 0.808915,
        "nauc_map_at_20_diff1": 0.341387,
        "nauc_map_at_100_max": -0.145763,
        "nauc_map_at_100_std": 0.752648,
        "nauc_map_at_100_diff1": 0.282515,
        "nauc_map_at_1000_max": -0.13889,
        "nauc_map_at_1000_std": 0.691815,
        "nauc_map_at_1000_diff1": 0.271452,
        "nauc_recall_at_1_max": -0.070566,
        "nauc_recall_at_1_std": 1.0,
        "nauc_recall_at_1_diff1": 0.661926,
        "nauc_recall_at_3_max": -0.194526,
        "nauc_recall_at_3_std": 0.661926,
        "nauc_recall_at_3_diff1": 0.29568,
        "nauc_recall_at_5_max": -0.296217,
        "nauc_recall_at_5_std": 0.661926,
        "nauc_recall_at_5_diff1": 0.005545,
        "nauc_recall_at_10_max": -0.296217,
        "nauc_recall_at_10_std": 0.661926,
        "nauc_recall_at_10_diff1": 0.005545,
        "nauc_recall_at_20_max": -0.296217,
        "nauc_recall_at_20_std": 0.661926,
        "nauc_recall_at_20_diff1": 0.005545,
        "nauc_recall_at_100_max": 0.010074,
        "nauc_recall_at_100_std": 0.290997,
        "nauc_recall_at_100_diff1": -0.23331,
        "nauc_recall_at_1000_max": -0.0912,
        "nauc_recall_at_1000_std": -0.143288,
        "nauc_recall_at_1000_diff1": 0.00406,
        "nauc_precision_at_1_max": -0.070566,
        "nauc_precision_at_1_std": 1.0,
        "nauc_precision_at_1_diff1": 0.661926,
        "nauc_precision_at_3_max": -0.194526,
        "nauc_precision_at_3_std": 0.661926,
        "nauc_precision_at_3_diff1": 0.29568,
        "nauc_precision_at_5_max": -0.296217,
        "nauc_precision_at_5_std": 0.661926,
        "nauc_precision_at_5_diff1": 0.005545,
        "nauc_precision_at_10_max": -0.296217,
        "nauc_precision_at_10_std": 0.661926,
        "nauc_precision_at_10_diff1": 0.005545,
        "nauc_precision_at_20_max": -0.296217,
        "nauc_precision_at_20_std": 0.661926,
        "nauc_precision_at_20_diff1": 0.005545,
        "nauc_precision_at_100_max": 0.010074,
        "nauc_precision_at_100_std": 0.290997,
        "nauc_precision_at_100_diff1": -0.23331,
        "nauc_precision_at_1000_max": -0.0912,
        "nauc_precision_at_1000_std": -0.143288,
        "nauc_precision_at_1000_diff1": 0.00406,
        "nauc_mrr_at_1_max": -0.070566,
        "nauc_mrr_at_1_std": 1.0,
        "nauc_mrr_at_1_diff1": 0.661926,
        "nauc_mrr_at_3_max": -0.132546,
        "nauc_mrr_at_3_std": 0.830963,
        "nauc_mrr_at_3_diff1": 0.478803,
        "nauc_mrr_at_5_max": -0.180423,
        "nauc_mrr_at_5_std": 0.808915,
        "nauc_mrr_at_5_diff1": 0.341387,
        "nauc_mrr_at_10_max": -0.180423,
        "nauc_mrr_at_10_std": 0.808915,
        "nauc_mrr_at_10_diff1": 0.341387,
        "nauc_mrr_at_20_max": -0.180423,
        "nauc_mrr_at_20_std": 0.808915,
        "nauc_mrr_at_20_diff1": 0.341387,
        "nauc_mrr_at_100_max": -0.145763,
        "nauc_mrr_at_100_std": 0.752648,
        "nauc_mrr_at_100_diff1": 0.282515,
        "nauc_mrr_at_1000_max": -0.13889,
        "nauc_mrr_at_1000_std": 0.691815,
        "nauc_mrr_at_1000_diff1": 0.271452,
        "hit_rate_at_1": 0.005,
        "hit_rate_at_3": 0.01,
        "hit_rate_at_5": 0.015,
        "hit_rate_at_10": 0.015,
        "hit_rate_at_20": 0.015,
        "hit_rate_at_100": 0.055,
        "hit_rate_at_1000": 0.46,
        "main_score": 0.00943,
        "hf_subset": "default",
        "languages": [
          "eng-Latn"
        ]
      }
    ]
  },
  "evaluation_time": 18.671061754226685,
  "kg_co2_emissions": null,
  "date": 1774389267.067856
}