{
  "dataset_revision": "a2acf12d293ea934823ca26752a05c5bfab24dff",
  "task_name": "LLMAILAStatutes",
  "mteb_version": "2.11.6",
  "scores": {
    "test": [
      {
        "ndcg_at_1": 0.62,
        "ndcg_at_3": 0.48366,
        "ndcg_at_5": 0.44621,
        "ndcg_at_10": 0.53555,
        "ndcg_at_20": 0.59412,
        "ndcg_at_100": 0.68169,
        "ndcg_at_1000": 0.68169,
        "map_at_1": 0.147,
        "map_at_3": 0.25394,
        "map_at_5": 0.30808,
        "map_at_10": 0.37021,
        "map_at_20": 0.40332,
        "map_at_100": 0.43849,
        "map_at_1000": 0.43849,
        "recall_at_1": 0.147,
        "recall_at_3": 0.31033,
        "recall_at_5": 0.411,
        "recall_at_10": 0.581,
        "recall_at_20": 0.72267,
        "recall_at_100": 1.0,
        "recall_at_1000": 1.0,
        "accuracy": 0.147,
        "precision_at_1": 0.62,
        "precision_at_3": 0.44,
        "precision_at_5": 0.356,
        "precision_at_10": 0.256,
        "precision_at_20": 0.159,
        "precision_at_100": 0.0434,
        "precision_at_1000": 0.00434,
        "mrr_at_1": 0.62,
        "mrr_at_3": 0.75,
        "mrr_at_5": 0.763,
        "mrr_at_10": 0.765222,
        "mrr_at_20": 0.766651,
        "mrr_at_100": 0.766651,
        "mrr_at_1000": 0.766651,
        "nauc_ndcg_at_1_max": 0.379965,
        "nauc_ndcg_at_1_std": -0.032212,
        "nauc_ndcg_at_1_diff1": 0.224564,
        "nauc_ndcg_at_3_max": 0.410989,
        "nauc_ndcg_at_3_std": 0.078823,
        "nauc_ndcg_at_3_diff1": 0.227773,
        "nauc_ndcg_at_5_max": 0.463077,
        "nauc_ndcg_at_5_std": 0.038666,
        "nauc_ndcg_at_5_diff1": 0.329504,
        "nauc_ndcg_at_10_max": 0.348738,
        "nauc_ndcg_at_10_std": 0.082977,
        "nauc_ndcg_at_10_diff1": 0.210504,
        "nauc_ndcg_at_20_max": 0.313617,
        "nauc_ndcg_at_20_std": 0.087304,
        "nauc_ndcg_at_20_diff1": 0.209067,
        "nauc_ndcg_at_100_max": 0.38977,
        "nauc_ndcg_at_100_std": 0.09636,
        "nauc_ndcg_at_100_diff1": 0.250342,
        "nauc_ndcg_at_1000_max": 0.38977,
        "nauc_ndcg_at_1000_std": 0.09636,
        "nauc_ndcg_at_1000_diff1": 0.250342,
        "nauc_map_at_1_max": 0.511723,
        "nauc_map_at_1_std": 0.052008,
        "nauc_map_at_1_diff1": 0.114661,
        "nauc_map_at_3_max": 0.490269,
        "nauc_map_at_3_std": 0.066763,
        "nauc_map_at_3_diff1": 0.189932,
        "nauc_map_at_5_max": 0.439449,
        "nauc_map_at_5_std": 0.035673,
        "nauc_map_at_5_diff1": 0.267298,
        "nauc_map_at_10_max": 0.359069,
        "nauc_map_at_10_std": 0.072288,
        "nauc_map_at_10_diff1": 0.182971,
        "nauc_map_at_20_max": 0.340499,
        "nauc_map_at_20_std": 0.073231,
        "nauc_map_at_20_diff1": 0.192778,
        "nauc_map_at_100_max": 0.365388,
        "nauc_map_at_100_std": 0.093199,
        "nauc_map_at_100_diff1": 0.209767,
        "nauc_map_at_1000_max": 0.365388,
        "nauc_map_at_1000_std": 0.093199,
        "nauc_map_at_1000_diff1": 0.209767,
        "nauc_recall_at_1_max": 0.511723,
        "nauc_recall_at_1_std": 0.052008,
        "nauc_recall_at_1_diff1": 0.114661,
        "nauc_recall_at_3_max": 0.470021,
        "nauc_recall_at_3_std": 0.106465,
        "nauc_recall_at_3_diff1": 0.181409,
        "nauc_recall_at_5_max": 0.395255,
        "nauc_recall_at_5_std": 0.011265,
        "nauc_recall_at_5_diff1": 0.346246,
        "nauc_recall_at_10_max": 0.130137,
        "nauc_recall_at_10_std": 0.083943,
        "nauc_recall_at_10_diff1": 0.096921,
        "nauc_recall_at_20_max": -0.020445,
        "nauc_recall_at_20_std": 0.085971,
        "nauc_recall_at_20_diff1": 0.05618,
        "nauc_recall_at_100_max": NaN,
        "nauc_recall_at_100_std": NaN,
        "nauc_recall_at_100_diff1": NaN,
        "nauc_recall_at_1000_max": NaN,
        "nauc_recall_at_1000_std": NaN,
        "nauc_recall_at_1000_diff1": NaN,
        "nauc_precision_at_1_max": 0.379965,
        "nauc_precision_at_1_std": -0.032212,
        "nauc_precision_at_1_diff1": 0.224564,
        "nauc_precision_at_3_max": 0.315166,
        "nauc_precision_at_3_std": 0.099472,
        "nauc_precision_at_3_diff1": 0.204277,
        "nauc_precision_at_5_max": 0.213993,
        "nauc_precision_at_5_std": 0.007245,
        "nauc_precision_at_5_diff1": 0.314297,
        "nauc_precision_at_10_max": -0.0643,
        "nauc_precision_at_10_std": 0.049787,
        "nauc_precision_at_10_diff1": 0.051838,
        "nauc_precision_at_20_max": -0.20725,
        "nauc_precision_at_20_std": 0.036611,
        "nauc_precision_at_20_diff1": 0.003189,
        "nauc_precision_at_100_max": -0.492344,
        "nauc_precision_at_100_std": -0.059604,
        "nauc_precision_at_100_diff1": -0.061049,
        "nauc_precision_at_1000_max": -0.492344,
        "nauc_precision_at_1000_std": -0.059604,
        "nauc_precision_at_1000_diff1": -0.061049,
        "nauc_mrr_at_1_max": 0.379965,
        "nauc_mrr_at_1_std": -0.032212,
        "nauc_mrr_at_1_diff1": 0.224564,
        "nauc_mrr_at_3_max": 0.490434,
        "nauc_mrr_at_3_std": 0.109373,
        "nauc_mrr_at_3_diff1": 0.309972,
        "nauc_mrr_at_5_max": 0.474655,
        "nauc_mrr_at_5_std": 0.05073,
        "nauc_mrr_at_5_diff1": 0.313759,
        "nauc_mrr_at_10_max": 0.470162,
        "nauc_mrr_at_10_std": 0.057722,
        "nauc_mrr_at_10_diff1": 0.305947,
        "nauc_mrr_at_20_max": 0.46722,
        "nauc_mrr_at_20_std": 0.054063,
        "nauc_mrr_at_20_diff1": 0.300831,
        "nauc_mrr_at_100_max": 0.46722,
        "nauc_mrr_at_100_std": 0.054063,
        "nauc_mrr_at_100_diff1": 0.300831,
        "nauc_mrr_at_1000_max": 0.46722,
        "nauc_mrr_at_1000_std": 0.054063,
        "nauc_mrr_at_1000_diff1": 0.300831,
        "hit_rate_at_1": 0.62,
        "hit_rate_at_3": 0.9,
        "hit_rate_at_5": 0.96,
        "hit_rate_at_10": 0.98,
        "hit_rate_at_20": 1.0,
        "hit_rate_at_100": 1.0,
        "hit_rate_at_1000": 1.0,
        "main_score": 0.53555,
        "hf_subset": "default",
        "languages": [
          "eng-Latn"
        ]
      }
    ]
  },
  "evaluation_time": 3.1798508167266846,
  "kg_co2_emissions": null,
  "date": 1774408410.657683
}