{
  "dataset_revision": "300cb175d1b608cfc3fdb94fd06b3ceb937f9b6a",
  "task_name": "LLMLegalBenchCorporateLobbying",
  "mteb_version": "2.11.6",
  "scores": {
    "test": [
      {
        "ndcg_at_1": 0.86471,
        "ndcg_at_3": 0.92913,
        "ndcg_at_5": 0.93533,
        "ndcg_at_10": 0.93723,
        "ndcg_at_20": 0.93723,
        "ndcg_at_100": 0.93776,
        "ndcg_at_1000": 0.93812,
        "map_at_1": 0.86471,
        "map_at_3": 0.91373,
        "map_at_5": 0.91725,
        "map_at_10": 0.91804,
        "map_at_20": 0.91804,
        "map_at_100": 0.9181,
        "map_at_1000": 0.91811,
        "recall_at_1": 0.86471,
        "recall_at_3": 0.97353,
        "recall_at_5": 0.98824,
        "recall_at_10": 0.99412,
        "recall_at_20": 0.99412,
        "recall_at_100": 0.99706,
        "recall_at_1000": 1.0,
        "accuracy": 0.86471,
        "precision_at_1": 0.86471,
        "precision_at_3": 0.32451,
        "precision_at_5": 0.19765,
        "precision_at_10": 0.09941,
        "precision_at_20": 0.04971,
        "precision_at_100": 0.00997,
        "precision_at_1000": 0.001,
        "mrr_at_1": 0.864706,
        "mrr_at_3": 0.913725,
        "mrr_at_5": 0.917255,
        "mrr_at_10": 0.918039,
        "mrr_at_20": 0.918039,
        "mrr_at_100": 0.918103,
        "mrr_at_1000": 0.918113,
        "nauc_ndcg_at_1_max": 0.512273,
        "nauc_ndcg_at_1_std": -0.183405,
        "nauc_ndcg_at_1_diff1": 0.906643,
        "nauc_ndcg_at_3_max": 0.596399,
        "nauc_ndcg_at_3_std": -0.155877,
        "nauc_ndcg_at_3_diff1": 0.890278,
        "nauc_ndcg_at_5_max": 0.573392,
        "nauc_ndcg_at_5_std": -0.139915,
        "nauc_ndcg_at_5_diff1": 0.899015,
        "nauc_ndcg_at_10_max": 0.560133,
        "nauc_ndcg_at_10_std": -0.173523,
        "nauc_ndcg_at_10_diff1": 0.902462,
        "nauc_ndcg_at_20_max": 0.560133,
        "nauc_ndcg_at_20_std": -0.173523,
        "nauc_ndcg_at_20_diff1": 0.902462,
        "nauc_ndcg_at_100_max": 0.563959,
        "nauc_ndcg_at_100_std": -0.159822,
        "nauc_ndcg_at_100_diff1": 0.902753,
        "nauc_ndcg_at_1000_max": 0.561366,
        "nauc_ndcg_at_1000_std": -0.166719,
        "nauc_ndcg_at_1000_diff1": 0.902174,
        "nauc_map_at_1_max": 0.512273,
        "nauc_map_at_1_std": -0.183405,
        "nauc_map_at_1_diff1": 0.906643,
        "nauc_map_at_3_max": 0.572039,
        "nauc_map_at_3_std": -0.168607,
        "nauc_map_at_3_diff1": 0.896746,
        "nauc_map_at_5_max": 0.560879,
        "nauc_map_at_5_std": -0.160875,
        "nauc_map_at_5_diff1": 0.900981,
        "nauc_map_at_10_max": 0.556555,
        "nauc_map_at_10_std": -0.171823,
        "nauc_map_at_10_diff1": 0.902199,
        "nauc_map_at_20_max": 0.556555,
        "nauc_map_at_20_std": -0.171823,
        "nauc_map_at_20_diff1": 0.902199,
        "nauc_map_at_100_max": 0.556904,
        "nauc_map_at_100_std": -0.170563,
        "nauc_map_at_100_diff1": 0.902225,
        "nauc_map_at_1000_max": 0.556848,
        "nauc_map_at_1000_std": -0.170709,
        "nauc_map_at_1000_diff1": 0.902213,
        "nauc_recall_at_1_max": 0.512273,
        "nauc_recall_at_1_std": -0.183405,
        "nauc_recall_at_1_diff1": 0.906643,
        "nauc_recall_at_3_max": 0.809939,
        "nauc_recall_at_3_std": -0.036207,
        "nauc_recall_at_3_diff1": 0.830636,
        "nauc_recall_at_5_max": 0.780696,
        "nauc_recall_at_5_std": 0.28233,
        "nauc_recall_at_5_diff1": 0.865196,
        "nauc_recall_at_10_max": 0.561391,
        "nauc_recall_at_10_std": -0.369981,
        "nauc_recall_at_10_diff1": 0.934641,
        "nauc_recall_at_20_max": 0.561391,
        "nauc_recall_at_20_std": -0.369981,
        "nauc_recall_at_20_diff1": 0.934641,
        "nauc_recall_at_100_max": 1.0,
        "nauc_recall_at_100_std": 1.0,
        "nauc_recall_at_100_diff1": 1.0,
        "nauc_recall_at_1000_max": NaN,
        "nauc_recall_at_1000_std": NaN,
        "nauc_recall_at_1000_diff1": NaN,
        "nauc_precision_at_1_max": 0.512273,
        "nauc_precision_at_1_std": -0.183405,
        "nauc_precision_at_1_diff1": 0.906643,
        "nauc_precision_at_3_max": 0.809939,
        "nauc_precision_at_3_std": -0.036207,
        "nauc_precision_at_3_diff1": 0.830636,
        "nauc_precision_at_5_max": 0.780696,
        "nauc_precision_at_5_std": 0.28233,
        "nauc_precision_at_5_diff1": 0.865196,
        "nauc_precision_at_10_max": 0.561391,
        "nauc_precision_at_10_std": -0.369981,
        "nauc_precision_at_10_diff1": 0.934641,
        "nauc_precision_at_20_max": 0.561391,
        "nauc_precision_at_20_std": -0.369981,
        "nauc_precision_at_20_diff1": 0.934641,
        "nauc_precision_at_100_max": 1.0,
        "nauc_precision_at_100_std": 1.0,
        "nauc_precision_at_100_diff1": 1.0,
        "nauc_precision_at_1000_max": 1.0,
        "nauc_precision_at_1000_std": 1.0,
        "nauc_precision_at_1000_diff1": 1.0,
        "nauc_mrr_at_1_max": 0.512273,
        "nauc_mrr_at_1_std": -0.183405,
        "nauc_mrr_at_1_diff1": 0.906643,
        "nauc_mrr_at_3_max": 0.572039,
        "nauc_mrr_at_3_std": -0.168607,
        "nauc_mrr_at_3_diff1": 0.896746,
        "nauc_mrr_at_5_max": 0.560879,
        "nauc_mrr_at_5_std": -0.160875,
        "nauc_mrr_at_5_diff1": 0.900981,
        "nauc_mrr_at_10_max": 0.556555,
        "nauc_mrr_at_10_std": -0.171823,
        "nauc_mrr_at_10_diff1": 0.902199,
        "nauc_mrr_at_20_max": 0.556555,
        "nauc_mrr_at_20_std": -0.171823,
        "nauc_mrr_at_20_diff1": 0.902199,
        "nauc_mrr_at_100_max": 0.556904,
        "nauc_mrr_at_100_std": -0.170563,
        "nauc_mrr_at_100_diff1": 0.902225,
        "nauc_mrr_at_1000_max": 0.556848,
        "nauc_mrr_at_1000_std": -0.170709,
        "nauc_mrr_at_1000_diff1": 0.902213,
        "hit_rate_at_1": 0.86471,
        "hit_rate_at_3": 0.97353,
        "hit_rate_at_5": 0.98824,
        "hit_rate_at_10": 0.99412,
        "hit_rate_at_20": 0.99412,
        "hit_rate_at_100": 0.99706,
        "hit_rate_at_1000": 1.0,
        "main_score": 0.93723,
        "hf_subset": "default",
        "languages": [
          "eng-Latn"
        ]
      }
    ]
  },
  "evaluation_time": 8.216831922531128,
  "kg_co2_emissions": null,
  "date": 1774408421.937514
}