{
  "dataset_revision": "d6628df131c3279007b88fe3e057e809dac056af",
  "task_name": "LLMSpartQA",
  "mteb_version": "2.11.6",
  "scores": {
    "test": [
      {
        "ndcg_at_1": 0.015,
        "ndcg_at_3": 0.05919,
        "ndcg_at_5": 0.08027,
        "ndcg_at_10": 0.10952,
        "ndcg_at_20": 0.12798,
        "ndcg_at_100": 0.14779,
        "ndcg_at_1000": 0.1971,
        "map_at_1": 0.01167,
        "map_at_3": 0.04306,
        "map_at_5": 0.05464,
        "map_at_10": 0.06652,
        "map_at_20": 0.07152,
        "map_at_100": 0.07412,
        "map_at_1000": 0.07562,
        "recall_at_1": 0.01167,
        "recall_at_3": 0.08833,
        "recall_at_5": 0.135,
        "recall_at_10": 0.21667,
        "recall_at_20": 0.28167,
        "recall_at_100": 0.37333,
        "recall_at_1000": 0.73,
        "accuracy": 0.01167,
        "precision_at_1": 0.015,
        "precision_at_3": 0.04167,
        "precision_at_5": 0.039,
        "precision_at_10": 0.032,
        "precision_at_20": 0.02075,
        "precision_at_100": 0.0059,
        "precision_at_1000": 0.00122,
        "mrr_at_1": 0.015,
        "mrr_at_3": 0.060833,
        "mrr_at_5": 0.073583,
        "mrr_at_10": 0.087173,
        "mrr_at_20": 0.093853,
        "mrr_at_100": 0.097028,
        "mrr_at_1000": 0.098425,
        "nauc_ndcg_at_1_max": 0.248726,
        "nauc_ndcg_at_1_std": 0.69949,
        "nauc_ndcg_at_1_diff1": -0.280923,
        "nauc_ndcg_at_3_max": 0.133121,
        "nauc_ndcg_at_3_std": 0.629665,
        "nauc_ndcg_at_3_diff1": -0.217205,
        "nauc_ndcg_at_5_max": 0.223979,
        "nauc_ndcg_at_5_std": 0.518917,
        "nauc_ndcg_at_5_diff1": -0.092144,
        "nauc_ndcg_at_10_max": 0.259184,
        "nauc_ndcg_at_10_std": 0.557809,
        "nauc_ndcg_at_10_diff1": -0.09542,
        "nauc_ndcg_at_20_max": 0.281126,
        "nauc_ndcg_at_20_std": 0.549017,
        "nauc_ndcg_at_20_diff1": -0.060781,
        "nauc_ndcg_at_100_max": 0.300523,
        "nauc_ndcg_at_100_std": 0.57663,
        "nauc_ndcg_at_100_diff1": -0.018433,
        "nauc_ndcg_at_1000_max": 0.271761,
        "nauc_ndcg_at_1000_std": 0.579536,
        "nauc_ndcg_at_1000_diff1": -0.035815,
        "nauc_map_at_1_max": 0.291655,
        "nauc_map_at_1_std": 0.87121,
        "nauc_map_at_1_diff1": -0.270191,
        "nauc_map_at_3_max": 0.145586,
        "nauc_map_at_3_std": 0.652797,
        "nauc_map_at_3_diff1": -0.217931,
        "nauc_map_at_5_max": 0.209389,
        "nauc_map_at_5_std": 0.564302,
        "nauc_map_at_5_diff1": -0.132175,
        "nauc_map_at_10_max": 0.231569,
        "nauc_map_at_10_std": 0.588145,
        "nauc_map_at_10_diff1": -0.131369,
        "nauc_map_at_20_max": 0.245426,
        "nauc_map_at_20_std": 0.583756,
        "nauc_map_at_20_diff1": -0.113779,
        "nauc_map_at_100_max": 0.252659,
        "nauc_map_at_100_std": 0.586704,
        "nauc_map_at_100_diff1": -0.102126,
        "nauc_map_at_1000_max": 0.251524,
        "nauc_map_at_1000_std": 0.59004,
        "nauc_map_at_1000_diff1": -0.101762,
        "nauc_recall_at_1_max": 0.291655,
        "nauc_recall_at_1_std": 0.87121,
        "nauc_recall_at_1_diff1": -0.270191,
        "nauc_recall_at_3_max": 0.129608,
        "nauc_recall_at_3_std": 0.611695,
        "nauc_recall_at_3_diff1": -0.208266,
        "nauc_recall_at_5_max": 0.248374,
        "nauc_recall_at_5_std": 0.454237,
        "nauc_recall_at_5_diff1": -0.036224,
        "nauc_recall_at_10_max": 0.276876,
        "nauc_recall_at_10_std": 0.515151,
        "nauc_recall_at_10_diff1": -0.057574,
        "nauc_recall_at_20_max": 0.309799,
        "nauc_recall_at_20_std": 0.486489,
        "nauc_recall_at_20_diff1": 0.006553,
        "nauc_recall_at_100_max": 0.340726,
        "nauc_recall_at_100_std": 0.53681,
        "nauc_recall_at_100_diff1": 0.07994,
        "nauc_recall_at_1000_max": 0.109426,
        "nauc_recall_at_1000_std": 0.331167,
        "nauc_recall_at_1000_diff1": -0.002934,
        "nauc_precision_at_1_max": 0.248726,
        "nauc_precision_at_1_std": 0.69949,
        "nauc_precision_at_1_diff1": -0.280923,
        "nauc_precision_at_3_max": 0.11383,
        "nauc_precision_at_3_std": 0.601635,
        "nauc_precision_at_3_diff1": -0.21623,
        "nauc_precision_at_5_max": 0.250198,
        "nauc_precision_at_5_std": 0.450816,
        "nauc_precision_at_5_diff1": -0.046544,
        "nauc_precision_at_10_max": 0.297304,
        "nauc_precision_at_10_std": 0.491232,
        "nauc_precision_at_10_diff1": -0.045408,
        "nauc_precision_at_20_max": 0.29859,
        "nauc_precision_at_20_std": 0.479248,
        "nauc_precision_at_20_diff1": -0.013551,
        "nauc_precision_at_100_max": 0.261425,
        "nauc_precision_at_100_std": 0.522118,
        "nauc_precision_at_100_diff1": 0.088436,
        "nauc_precision_at_1000_max": 0.060424,
        "nauc_precision_at_1000_std": 0.174406,
        "nauc_precision_at_1000_diff1": 0.084304,
        "nauc_mrr_at_1_max": 0.248726,
        "nauc_mrr_at_1_std": 0.69949,
        "nauc_mrr_at_1_diff1": -0.280923,
        "nauc_mrr_at_3_max": 0.119763,
        "nauc_mrr_at_3_std": 0.615888,
        "nauc_mrr_at_3_diff1": -0.232037,
        "nauc_mrr_at_5_max": 0.191487,
        "nauc_mrr_at_5_std": 0.544653,
        "nauc_mrr_at_5_diff1": -0.123494,
        "nauc_mrr_at_10_max": 0.226648,
        "nauc_mrr_at_10_std": 0.557971,
        "nauc_mrr_at_10_diff1": -0.119761,
        "nauc_mrr_at_20_max": 0.233446,
        "nauc_mrr_at_20_std": 0.555671,
        "nauc_mrr_at_20_diff1": -0.106952,
        "nauc_mrr_at_100_max": 0.239314,
        "nauc_mrr_at_100_std": 0.556722,
        "nauc_mrr_at_100_diff1": -0.092877,
        "nauc_mrr_at_1000_max": 0.237948,
        "nauc_mrr_at_1000_std": 0.557696,
        "nauc_mrr_at_1000_diff1": -0.09361,
        "hit_rate_at_1": 0.015,
        "hit_rate_at_3": 0.125,
        "hit_rate_at_5": 0.18,
        "hit_rate_at_10": 0.28,
        "hit_rate_at_20": 0.37,
        "hit_rate_at_100": 0.495,
        "hit_rate_at_1000": 0.895,
        "main_score": 0.10952,
        "hf_subset": "default",
        "languages": [
          "eng-Latn"
        ]
      }
    ]
  },
  "evaluation_time": 19.61893343925476,
  "kg_co2_emissions": null,
  "date": 1774408444.845429
}