{
  "dataset_revision": "1c61e95df3d70835785db4d70f17d3a16a7bd4ce",
  "task_name": "LLMTempReasonL1",
  "mteb_version": "2.11.6",
  "scores": {
    "test": [
      {
        "ndcg_at_1": 0.0,
        "ndcg_at_3": 0.005,
        "ndcg_at_5": 0.00931,
        "ndcg_at_10": 0.00931,
        "ndcg_at_20": 0.01443,
        "ndcg_at_100": 0.02503,
        "ndcg_at_1000": 0.07177,
        "map_at_1": 0.0,
        "map_at_3": 0.00333,
        "map_at_5": 0.00583,
        "map_at_10": 0.00583,
        "map_at_20": 0.00726,
        "map_at_100": 0.00851,
        "map_at_1000": 0.00989,
        "recall_at_1": 0.0,
        "recall_at_3": 0.01,
        "recall_at_5": 0.02,
        "recall_at_10": 0.02,
        "recall_at_20": 0.04,
        "recall_at_100": 0.1,
        "recall_at_1000": 0.49,
        "accuracy": 0.0,
        "precision_at_1": 0.0,
        "precision_at_3": 0.00333,
        "precision_at_5": 0.004,
        "precision_at_10": 0.002,
        "precision_at_20": 0.002,
        "precision_at_100": 0.001,
        "precision_at_1000": 0.00049,
        "mrr_at_1": 0.0,
        "mrr_at_3": 0.003333,
        "mrr_at_5": 0.005833,
        "mrr_at_10": 0.005833,
        "mrr_at_20": 0.007262,
        "mrr_at_100": 0.008511,
        "mrr_at_1000": 0.009892,
        "nauc_ndcg_at_1_max": NaN,
        "nauc_ndcg_at_1_std": NaN,
        "nauc_ndcg_at_1_diff1": NaN,
        "nauc_ndcg_at_3_max": 0.661926,
        "nauc_ndcg_at_3_std": -0.499598,
        "nauc_ndcg_at_3_diff1": 0.098471,
        "nauc_ndcg_at_5_max": 0.124424,
        "nauc_ndcg_at_5_std": -0.222838,
        "nauc_ndcg_at_5_diff1": -0.042331,
        "nauc_ndcg_at_10_max": 0.124424,
        "nauc_ndcg_at_10_std": -0.222838,
        "nauc_ndcg_at_10_diff1": -0.042331,
        "nauc_ndcg_at_20_max": 0.041234,
        "nauc_ndcg_at_20_std": -0.182799,
        "nauc_ndcg_at_20_diff1": 0.048147,
        "nauc_ndcg_at_100_max": 0.110178,
        "nauc_ndcg_at_100_std": -0.045285,
        "nauc_ndcg_at_100_diff1": 0.201062,
        "nauc_ndcg_at_1000_max": 0.009343,
        "nauc_ndcg_at_1000_std": -0.089226,
        "nauc_ndcg_at_1000_diff1": 0.07524,
        "nauc_map_at_1_max": NaN,
        "nauc_map_at_1_std": NaN,
        "nauc_map_at_1_diff1": NaN,
        "nauc_map_at_3_max": 0.661926,
        "nauc_map_at_3_std": -0.499598,
        "nauc_map_at_3_diff1": 0.098471,
        "nauc_map_at_5_max": 0.16413,
        "nauc_map_at_5_std": -0.243283,
        "nauc_map_at_5_diff1": -0.031929,
        "nauc_map_at_10_max": 0.16413,
        "nauc_map_at_10_std": -0.243283,
        "nauc_map_at_10_diff1": -0.031929,
        "nauc_map_at_20_max": 0.110202,
        "nauc_map_at_20_std": -0.217065,
        "nauc_map_at_20_diff1": 0.016182,
        "nauc_map_at_100_max": 0.126459,
        "nauc_map_at_100_std": -0.156743,
        "nauc_map_at_100_diff1": 0.090723,
        "nauc_map_at_1000_max": 0.108734,
        "nauc_map_at_1000_std": -0.158792,
        "nauc_map_at_1000_diff1": 0.073444,
        "nauc_recall_at_1_max": NaN,
        "nauc_recall_at_1_std": NaN,
        "nauc_recall_at_1_diff1": NaN,
        "nauc_recall_at_3_max": 0.661926,
        "nauc_recall_at_3_std": -0.499598,
        "nauc_recall_at_3_diff1": 0.098471,
        "nauc_recall_at_5_max": 0.081164,
        "nauc_recall_at_5_std": -0.200563,
        "nauc_recall_at_5_diff1": -0.053662,
        "nauc_recall_at_10_max": 0.081164,
        "nauc_recall_at_10_std": -0.200563,
        "nauc_recall_at_10_diff1": -0.053662,
        "nauc_recall_at_20_max": -0.014422,
        "nauc_recall_at_20_std": -0.155286,
        "nauc_recall_at_20_diff1": 0.079488,
        "nauc_recall_at_100_max": 0.112396,
        "nauc_recall_at_100_std": 0.011913,
        "nauc_recall_at_100_diff1": 0.252321,
        "nauc_recall_at_1000_max": -0.041308,
        "nauc_recall_at_1000_std": -0.075565,
        "nauc_recall_at_1000_diff1": 0.049938,
        "nauc_precision_at_1_max": NaN,
        "nauc_precision_at_1_std": NaN,
        "nauc_precision_at_1_diff1": NaN,
        "nauc_precision_at_3_max": 0.661926,
        "nauc_precision_at_3_std": -0.499598,
        "nauc_precision_at_3_diff1": 0.098471,
        "nauc_precision_at_5_max": 0.081164,
        "nauc_precision_at_5_std": -0.200563,
        "nauc_precision_at_5_diff1": -0.053662,
        "nauc_precision_at_10_max": 0.081164,
        "nauc_precision_at_10_std": -0.200563,
        "nauc_precision_at_10_diff1": -0.053662,
        "nauc_precision_at_20_max": -0.014422,
        "nauc_precision_at_20_std": -0.155286,
        "nauc_precision_at_20_diff1": 0.079488,
        "nauc_precision_at_100_max": 0.112396,
        "nauc_precision_at_100_std": 0.011913,
        "nauc_precision_at_100_diff1": 0.252321,
        "nauc_precision_at_1000_max": -0.041308,
        "nauc_precision_at_1000_std": -0.075565,
        "nauc_precision_at_1000_diff1": 0.049938,
        "nauc_mrr_at_1_max": NaN,
        "nauc_mrr_at_1_std": NaN,
        "nauc_mrr_at_1_diff1": NaN,
        "nauc_mrr_at_3_max": 0.661926,
        "nauc_mrr_at_3_std": -0.499598,
        "nauc_mrr_at_3_diff1": 0.098471,
        "nauc_mrr_at_5_max": 0.16413,
        "nauc_mrr_at_5_std": -0.243283,
        "nauc_mrr_at_5_diff1": -0.031929,
        "nauc_mrr_at_10_max": 0.16413,
        "nauc_mrr_at_10_std": -0.243283,
        "nauc_mrr_at_10_diff1": -0.031929,
        "nauc_mrr_at_20_max": 0.110202,
        "nauc_mrr_at_20_std": -0.217065,
        "nauc_mrr_at_20_diff1": 0.016182,
        "nauc_mrr_at_100_max": 0.126459,
        "nauc_mrr_at_100_std": -0.156743,
        "nauc_mrr_at_100_diff1": 0.090723,
        "nauc_mrr_at_1000_max": 0.108734,
        "nauc_mrr_at_1000_std": -0.158792,
        "nauc_mrr_at_1000_diff1": 0.073444,
        "hit_rate_at_1": 0.0,
        "hit_rate_at_3": 0.01,
        "hit_rate_at_5": 0.02,
        "hit_rate_at_10": 0.02,
        "hit_rate_at_20": 0.04,
        "hit_rate_at_100": 0.1,
        "hit_rate_at_1000": 0.49,
        "main_score": 0.00931,
        "hf_subset": "default",
        "languages": [
          "eng-Latn"
        ]
      }
    ]
  },
  "evaluation_time": 129.82468056678772,
  "kg_co2_emissions": null,
  "date": 1774408404.124146
}