{
  "dataset_revision": "31f9b918c30ef94e15a168cb95ca4ebf291396eb",
  "task_name": "LLMTwitterHjerneRetrieval",
  "mteb_version": "2.11.6",
  "scores": {
    "train": [
      {
        "ndcg_at_1": 0.79221,
        "ndcg_at_3": 0.66129,
        "ndcg_at_5": 0.66255,
        "ndcg_at_10": 0.71521,
        "ndcg_at_20": 0.74015,
        "ndcg_at_100": 0.76854,
        "ndcg_at_1000": 0.7831,
        "map_at_1": 0.25498,
        "map_at_3": 0.4816,
        "map_at_5": 0.56446,
        "map_at_10": 0.61085,
        "map_at_20": 0.62539,
        "map_at_100": 0.63318,
        "map_at_1000": 0.63445,
        "recall_at_1": 0.25498,
        "recall_at_3": 0.51299,
        "recall_at_5": 0.62857,
        "recall_at_10": 0.74827,
        "recall_at_20": 0.81299,
        "recall_at_100": 0.9184,
        "recall_at_1000": 1.0,
        "accuracy": 0.25498,
        "precision_at_1": 0.79221,
        "precision_at_3": 0.57143,
        "precision_at_5": 0.43636,
        "precision_at_10": 0.25974,
        "precision_at_20": 0.14156,
        "precision_at_100": 0.03195,
        "precision_at_1000": 0.0034,
        "mrr_at_1": 0.792208,
        "mrr_at_3": 0.852814,
        "mrr_at_5": 0.852814,
        "mrr_at_10": 0.859179,
        "mrr_at_20": 0.859179,
        "mrr_at_100": 0.85966,
        "mrr_at_1000": 0.85974,
        "nauc_ndcg_at_1_max": 0.675303,
        "nauc_ndcg_at_1_std": 0.286119,
        "nauc_ndcg_at_1_diff1": 0.483829,
        "nauc_ndcg_at_3_max": 0.537879,
        "nauc_ndcg_at_3_std": 0.188028,
        "nauc_ndcg_at_3_diff1": 0.164217,
        "nauc_ndcg_at_5_max": 0.540747,
        "nauc_ndcg_at_5_std": 0.138237,
        "nauc_ndcg_at_5_diff1": 0.196704,
        "nauc_ndcg_at_10_max": 0.602727,
        "nauc_ndcg_at_10_std": 0.198607,
        "nauc_ndcg_at_10_diff1": 0.189367,
        "nauc_ndcg_at_20_max": 0.59452,
        "nauc_ndcg_at_20_std": 0.193936,
        "nauc_ndcg_at_20_diff1": 0.182193,
        "nauc_ndcg_at_100_max": 0.614109,
        "nauc_ndcg_at_100_std": 0.240619,
        "nauc_ndcg_at_100_diff1": 0.163854,
        "nauc_ndcg_at_1000_max": 0.604893,
        "nauc_ndcg_at_1000_std": 0.223842,
        "nauc_ndcg_at_1000_diff1": 0.187876,
        "nauc_map_at_1_max": 0.232068,
        "nauc_map_at_1_std": -0.073936,
        "nauc_map_at_1_diff1": 0.353645,
        "nauc_map_at_3_max": 0.442949,
        "nauc_map_at_3_std": 0.024249,
        "nauc_map_at_3_diff1": 0.220556,
        "nauc_map_at_5_max": 0.520605,
        "nauc_map_at_5_std": 0.105146,
        "nauc_map_at_5_diff1": 0.178151,
        "nauc_map_at_10_max": 0.574688,
        "nauc_map_at_10_std": 0.169222,
        "nauc_map_at_10_diff1": 0.168774,
        "nauc_map_at_20_max": 0.568428,
        "nauc_map_at_20_std": 0.15982,
        "nauc_map_at_20_diff1": 0.161949,
        "nauc_map_at_100_max": 0.569253,
        "nauc_map_at_100_std": 0.16988,
        "nauc_map_at_100_diff1": 0.157184,
        "nauc_map_at_1000_max": 0.568407,
        "nauc_map_at_1000_std": 0.16884,
        "nauc_map_at_1000_diff1": 0.157942,
        "nauc_recall_at_1_max": 0.232068,
        "nauc_recall_at_1_std": -0.073936,
        "nauc_recall_at_1_diff1": 0.353645,
        "nauc_recall_at_3_max": 0.399693,
        "nauc_recall_at_3_std": -0.019,
        "nauc_recall_at_3_diff1": 0.191447,
        "nauc_recall_at_5_max": 0.470537,
        "nauc_recall_at_5_std": 0.055319,
        "nauc_recall_at_5_diff1": 0.149626,
        "nauc_recall_at_10_max": 0.545398,
        "nauc_recall_at_10_std": 0.166719,
        "nauc_recall_at_10_diff1": 0.096303,
        "nauc_recall_at_20_max": 0.50529,
        "nauc_recall_at_20_std": 0.142681,
        "nauc_recall_at_20_diff1": 0.064169,
        "nauc_recall_at_100_max": 0.656879,
        "nauc_recall_at_100_std": 0.4436,
        "nauc_recall_at_100_diff1": -0.165885,
        "nauc_recall_at_1000_max": NaN,
        "nauc_recall_at_1000_std": NaN,
        "nauc_recall_at_1000_diff1": NaN,
        "nauc_precision_at_1_max": 0.675303,
        "nauc_precision_at_1_std": 0.286119,
        "nauc_precision_at_1_diff1": 0.483829,
        "nauc_precision_at_3_max": 0.497418,
        "nauc_precision_at_3_std": 0.250693,
        "nauc_precision_at_3_diff1": 0.005671,
        "nauc_precision_at_5_max": 0.429737,
        "nauc_precision_at_5_std": 0.269976,
        "nauc_precision_at_5_diff1": -0.054037,
        "nauc_precision_at_10_max": 0.428524,
        "nauc_precision_at_10_std": 0.356434,
        "nauc_precision_at_10_diff1": -0.096868,
        "nauc_precision_at_20_max": 0.350181,
        "nauc_precision_at_20_std": 0.343987,
        "nauc_precision_at_20_diff1": -0.138857,
        "nauc_precision_at_100_max": 0.273017,
        "nauc_precision_at_100_std": 0.4199,
        "nauc_precision_at_100_diff1": -0.222497,
        "nauc_precision_at_1000_max": 0.181734,
        "nauc_precision_at_1000_std": 0.409225,
        "nauc_precision_at_1000_diff1": -0.235112,
        "nauc_mrr_at_1_max": 0.675303,
        "nauc_mrr_at_1_std": 0.286119,
        "nauc_mrr_at_1_diff1": 0.483829,
        "nauc_mrr_at_3_max": 0.705455,
        "nauc_mrr_at_3_std": 0.334561,
        "nauc_mrr_at_3_diff1": 0.48504,
        "nauc_mrr_at_5_max": 0.705455,
        "nauc_mrr_at_5_std": 0.334561,
        "nauc_mrr_at_5_diff1": 0.48504,
        "nauc_mrr_at_10_max": 0.698081,
        "nauc_mrr_at_10_std": 0.333072,
        "nauc_mrr_at_10_diff1": 0.469705,
        "nauc_mrr_at_20_max": 0.698081,
        "nauc_mrr_at_20_std": 0.333072,
        "nauc_mrr_at_20_diff1": 0.469705,
        "nauc_mrr_at_100_max": 0.699315,
        "nauc_mrr_at_100_std": 0.332981,
        "nauc_mrr_at_100_diff1": 0.470954,
        "nauc_mrr_at_1000_max": 0.699132,
        "nauc_mrr_at_1000_std": 0.332575,
        "nauc_mrr_at_1000_diff1": 0.471582,
        "hit_rate_at_1": 0.79221,
        "hit_rate_at_3": 0.92208,
        "hit_rate_at_5": 0.92208,
        "hit_rate_at_10": 0.97403,
        "hit_rate_at_20": 0.97403,
        "hit_rate_at_100": 0.98701,
        "hit_rate_at_1000": 1.0,
        "main_score": 0.71521,
        "hf_subset": "default",
        "languages": [
          "dan-Latn"
        ]
      }
    ]
  },
  "evaluation_time": 4.075721979141235,
  "kg_co2_emissions": null,
  "date": 1774408451.9909
}