{
  "dataset_revision": "bc2a1e4c24771a6f3432578016cfb737732398fd",
  "task_name": "LLMWinoGrande",
  "mteb_version": "2.11.6",
  "scores": {
    "test": [
      {
        "ndcg_at_1": 0.25,
        "ndcg_at_3": 0.4475,
        "ndcg_at_5": 0.51399,
        "ndcg_at_10": 0.55118,
        "ndcg_at_20": 0.56821,
        "ndcg_at_100": 0.58108,
        "ndcg_at_1000": 0.58182,
        "map_at_1": 0.25,
        "map_at_3": 0.39833,
        "map_at_5": 0.43558,
        "map_at_10": 0.45093,
        "map_at_20": 0.45592,
        "map_at_100": 0.45801,
        "map_at_1000": 0.45805,
        "recall_at_1": 0.25,
        "recall_at_3": 0.59,
        "recall_at_5": 0.75,
        "recall_at_10": 0.865,
        "recall_at_20": 0.93,
        "recall_at_100": 0.995,
        "recall_at_1000": 1.0,
        "accuracy": 0.25,
        "precision_at_1": 0.25,
        "precision_at_3": 0.19667,
        "precision_at_5": 0.15,
        "precision_at_10": 0.0865,
        "precision_at_20": 0.0465,
        "precision_at_100": 0.00995,
        "precision_at_1000": 0.001,
        "mrr_at_1": 0.25,
        "mrr_at_3": 0.398333,
        "mrr_at_5": 0.435583,
        "mrr_at_10": 0.450931,
        "mrr_at_20": 0.455917,
        "mrr_at_100": 0.458007,
        "mrr_at_1000": 0.458054,
        "nauc_ndcg_at_1_max": -0.027878,
        "nauc_ndcg_at_1_std": -0.174785,
        "nauc_ndcg_at_1_diff1": 0.202663,
        "nauc_ndcg_at_3_max": -0.170775,
        "nauc_ndcg_at_3_std": -0.348414,
        "nauc_ndcg_at_3_diff1": 0.179422,
        "nauc_ndcg_at_5_max": -0.197002,
        "nauc_ndcg_at_5_std": -0.350269,
        "nauc_ndcg_at_5_diff1": 0.161082,
        "nauc_ndcg_at_10_max": -0.191534,
        "nauc_ndcg_at_10_std": -0.345748,
        "nauc_ndcg_at_10_diff1": 0.178009,
        "nauc_ndcg_at_20_max": -0.179059,
        "nauc_ndcg_at_20_std": -0.332176,
        "nauc_ndcg_at_20_diff1": 0.170974,
        "nauc_ndcg_at_100_max": -0.155476,
        "nauc_ndcg_at_100_std": -0.314657,
        "nauc_ndcg_at_100_diff1": 0.176969,
        "nauc_ndcg_at_1000_max": -0.154129,
        "nauc_ndcg_at_1000_std": -0.309953,
        "nauc_ndcg_at_1000_diff1": 0.178119,
        "nauc_map_at_1_max": -0.027878,
        "nauc_map_at_1_std": -0.174785,
        "nauc_map_at_1_diff1": 0.202663,
        "nauc_map_at_3_max": -0.138666,
        "nauc_map_at_3_std": -0.307025,
        "nauc_map_at_3_diff1": 0.182698,
        "nauc_map_at_5_max": -0.150277,
        "nauc_map_at_5_std": -0.303644,
        "nauc_map_at_5_diff1": 0.173126,
        "nauc_map_at_10_max": -0.147222,
        "nauc_map_at_10_std": -0.301061,
        "nauc_map_at_10_diff1": 0.181416,
        "nauc_map_at_20_max": -0.143312,
        "nauc_map_at_20_std": -0.297408,
        "nauc_map_at_20_diff1": 0.179729,
        "nauc_map_at_100_max": -0.139404,
        "nauc_map_at_100_std": -0.294266,
        "nauc_map_at_100_diff1": 0.180635,
        "nauc_map_at_1000_max": -0.139334,
        "nauc_map_at_1000_std": -0.294028,
        "nauc_map_at_1000_diff1": 0.180693,
        "nauc_recall_at_1_max": -0.027878,
        "nauc_recall_at_1_std": -0.174785,
        "nauc_recall_at_1_diff1": 0.202663,
        "nauc_recall_at_3_max": -0.264428,
        "nauc_recall_at_3_std": -0.470182,
        "nauc_recall_at_3_diff1": 0.170727,
        "nauc_recall_at_5_max": -0.383736,
        "nauc_recall_at_5_std": -0.535437,
        "nauc_recall_at_5_diff1": 0.111889,
        "nauc_recall_at_10_max": -0.473673,
        "nauc_recall_at_10_std": -0.628002,
        "nauc_recall_at_10_diff1": 0.158213,
        "nauc_recall_at_20_max": -0.55909,
        "nauc_recall_at_20_std": -0.684307,
        "nauc_recall_at_20_diff1": 0.051054,
        "nauc_recall_at_100_max": -0.563492,
        "nauc_recall_at_100_std": -1.739963,
        "nauc_recall_at_100_diff1": -0.171335,
        "nauc_recall_at_1000_max": NaN,
        "nauc_recall_at_1000_std": NaN,
        "nauc_recall_at_1000_diff1": NaN,
        "nauc_precision_at_1_max": -0.027878,
        "nauc_precision_at_1_std": -0.174785,
        "nauc_precision_at_1_diff1": 0.202663,
        "nauc_precision_at_3_max": -0.264428,
        "nauc_precision_at_3_std": -0.470182,
        "nauc_precision_at_3_diff1": 0.170727,
        "nauc_precision_at_5_max": -0.383736,
        "nauc_precision_at_5_std": -0.535437,
        "nauc_precision_at_5_diff1": 0.111889,
        "nauc_precision_at_10_max": -0.473673,
        "nauc_precision_at_10_std": -0.628002,
        "nauc_precision_at_10_diff1": 0.158213,
        "nauc_precision_at_20_max": -0.55909,
        "nauc_precision_at_20_std": -0.684307,
        "nauc_precision_at_20_diff1": 0.051054,
        "nauc_precision_at_100_max": -0.563492,
        "nauc_precision_at_100_std": -1.739963,
        "nauc_precision_at_100_diff1": -0.171335,
        "nauc_precision_at_1000_max": 1.0,
        "nauc_precision_at_1000_std": 1.0,
        "nauc_precision_at_1000_diff1": 1.0,
        "nauc_mrr_at_1_max": -0.027878,
        "nauc_mrr_at_1_std": -0.174785,
        "nauc_mrr_at_1_diff1": 0.202663,
        "nauc_mrr_at_3_max": -0.138666,
        "nauc_mrr_at_3_std": -0.307025,
        "nauc_mrr_at_3_diff1": 0.182698,
        "nauc_mrr_at_5_max": -0.150277,
        "nauc_mrr_at_5_std": -0.303644,
        "nauc_mrr_at_5_diff1": 0.173126,
        "nauc_mrr_at_10_max": -0.147222,
        "nauc_mrr_at_10_std": -0.301061,
        "nauc_mrr_at_10_diff1": 0.181416,
        "nauc_mrr_at_20_max": -0.143312,
        "nauc_mrr_at_20_std": -0.297408,
        "nauc_mrr_at_20_diff1": 0.179729,
        "nauc_mrr_at_100_max": -0.139404,
        "nauc_mrr_at_100_std": -0.294266,
        "nauc_mrr_at_100_diff1": 0.180635,
        "nauc_mrr_at_1000_max": -0.139334,
        "nauc_mrr_at_1000_std": -0.294028,
        "nauc_mrr_at_1000_diff1": 0.180693,
        "hit_rate_at_1": 0.25,
        "hit_rate_at_3": 0.59,
        "hit_rate_at_5": 0.75,
        "hit_rate_at_10": 0.865,
        "hit_rate_at_20": 0.93,
        "hit_rate_at_100": 0.995,
        "hit_rate_at_1000": 1.0,
        "main_score": 0.55118,
        "hf_subset": "default",
        "languages": [
          "eng-Latn"
        ]
      }
    ]
  },
  "evaluation_time": 56.826578855514526,
  "kg_co2_emissions": null,
  "date": 1774408511.888149
}