{
  "dataset_revision": "a2acf12d293ea934823ca26752a05c5bfab24dff",
  "task_name": "LLMAILAStatutes",
  "mteb_version": "2.11.6",
  "scores": {
    "test": [
      {
        "ndcg_at_1": 0.52,
        "ndcg_at_3": 0.47696,
        "ndcg_at_5": 0.43754,
        "ndcg_at_10": 0.52094,
        "ndcg_at_20": 0.5972,
        "ndcg_at_100": 0.67239,
        "ndcg_at_1000": 0.67239,
        "map_at_1": 0.126,
        "map_at_3": 0.25006,
        "map_at_5": 0.30611,
        "map_at_10": 0.36219,
        "map_at_20": 0.40654,
        "map_at_100": 0.43577,
        "map_at_1000": 0.43577,
        "recall_at_1": 0.126,
        "recall_at_3": 0.31667,
        "recall_at_5": 0.41267,
        "recall_at_10": 0.57133,
        "recall_at_20": 0.75467,
        "recall_at_100": 1.0,
        "recall_at_1000": 1.0,
        "accuracy": 0.126,
        "precision_at_1": 0.52,
        "precision_at_3": 0.45333,
        "precision_at_5": 0.36,
        "precision_at_10": 0.252,
        "precision_at_20": 0.167,
        "precision_at_100": 0.0434,
        "precision_at_1000": 0.00434,
        "mrr_at_1": 0.52,
        "mrr_at_3": 0.693333,
        "mrr_at_5": 0.701333,
        "mrr_at_10": 0.709746,
        "mrr_at_20": 0.709746,
        "mrr_at_100": 0.709746,
        "mrr_at_1000": 0.709746,
        "nauc_ndcg_at_1_max": 0.38155,
        "nauc_ndcg_at_1_std": 0.250258,
        "nauc_ndcg_at_1_diff1": 0.261766,
        "nauc_ndcg_at_3_max": 0.437672,
        "nauc_ndcg_at_3_std": 0.255705,
        "nauc_ndcg_at_3_diff1": 0.300277,
        "nauc_ndcg_at_5_max": 0.467435,
        "nauc_ndcg_at_5_std": 0.324872,
        "nauc_ndcg_at_5_diff1": 0.204773,
        "nauc_ndcg_at_10_max": 0.440858,
        "nauc_ndcg_at_10_std": 0.310161,
        "nauc_ndcg_at_10_diff1": 0.235059,
        "nauc_ndcg_at_20_max": 0.372773,
        "nauc_ndcg_at_20_std": 0.285203,
        "nauc_ndcg_at_20_diff1": 0.239184,
        "nauc_ndcg_at_100_max": 0.422076,
        "nauc_ndcg_at_100_std": 0.317806,
        "nauc_ndcg_at_100_diff1": 0.26105,
        "nauc_ndcg_at_1000_max": 0.422076,
        "nauc_ndcg_at_1000_std": 0.317806,
        "nauc_ndcg_at_1000_diff1": 0.26105,
        "nauc_map_at_1_max": 0.449027,
        "nauc_map_at_1_std": 0.22441,
        "nauc_map_at_1_diff1": 0.146629,
        "nauc_map_at_3_max": 0.503646,
        "nauc_map_at_3_std": 0.229396,
        "nauc_map_at_3_diff1": 0.257922,
        "nauc_map_at_5_max": 0.46364,
        "nauc_map_at_5_std": 0.297629,
        "nauc_map_at_5_diff1": 0.202024,
        "nauc_map_at_10_max": 0.450724,
        "nauc_map_at_10_std": 0.312404,
        "nauc_map_at_10_diff1": 0.231658,
        "nauc_map_at_20_max": 0.412371,
        "nauc_map_at_20_std": 0.300894,
        "nauc_map_at_20_diff1": 0.232493,
        "nauc_map_at_100_max": 0.427042,
        "nauc_map_at_100_std": 0.316323,
        "nauc_map_at_100_diff1": 0.24316,
        "nauc_map_at_1000_max": 0.427042,
        "nauc_map_at_1000_std": 0.316323,
        "nauc_map_at_1000_diff1": 0.24316,
        "nauc_recall_at_1_max": 0.449027,
        "nauc_recall_at_1_std": 0.22441,
        "nauc_recall_at_1_diff1": 0.146629,
        "nauc_recall_at_3_max": 0.549285,
        "nauc_recall_at_3_std": 0.222451,
        "nauc_recall_at_3_diff1": 0.234503,
        "nauc_recall_at_5_max": 0.435779,
        "nauc_recall_at_5_std": 0.31392,
        "nauc_recall_at_5_diff1": 0.125314,
        "nauc_recall_at_10_max": 0.320995,
        "nauc_recall_at_10_std": 0.244345,
        "nauc_recall_at_10_diff1": 0.140377,
        "nauc_recall_at_20_max": 0.066476,
        "nauc_recall_at_20_std": 0.1178,
        "nauc_recall_at_20_diff1": 0.10807,
        "nauc_recall_at_100_max": NaN,
        "nauc_recall_at_100_std": NaN,
        "nauc_recall_at_100_diff1": NaN,
        "nauc_recall_at_1000_max": NaN,
        "nauc_recall_at_1000_std": NaN,
        "nauc_recall_at_1000_diff1": NaN,
        "nauc_precision_at_1_max": 0.38155,
        "nauc_precision_at_1_std": 0.250258,
        "nauc_precision_at_1_diff1": 0.261766,
        "nauc_precision_at_3_max": 0.403204,
        "nauc_precision_at_3_std": 0.208098,
        "nauc_precision_at_3_diff1": 0.311867,
        "nauc_precision_at_5_max": 0.301271,
        "nauc_precision_at_5_std": 0.308722,
        "nauc_precision_at_5_diff1": 0.18248,
        "nauc_precision_at_10_max": 0.149975,
        "nauc_precision_at_10_std": 0.201803,
        "nauc_precision_at_10_diff1": 0.16805,
        "nauc_precision_at_20_max": -0.100426,
        "nauc_precision_at_20_std": 0.075059,
        "nauc_precision_at_20_diff1": 0.101825,
        "nauc_precision_at_100_max": -0.370301,
        "nauc_precision_at_100_std": -0.026582,
        "nauc_precision_at_100_diff1": 0.093485,
        "nauc_precision_at_1000_max": -0.370301,
        "nauc_precision_at_1000_std": -0.026582,
        "nauc_precision_at_1000_diff1": 0.093485,
        "nauc_mrr_at_1_max": 0.38155,
        "nauc_mrr_at_1_std": 0.250258,
        "nauc_mrr_at_1_diff1": 0.261766,
        "nauc_mrr_at_3_max": 0.456926,
        "nauc_mrr_at_3_std": 0.334603,
        "nauc_mrr_at_3_diff1": 0.258631,
        "nauc_mrr_at_5_max": 0.437878,
        "nauc_mrr_at_5_std": 0.311266,
        "nauc_mrr_at_5_diff1": 0.237214,
        "nauc_mrr_at_10_max": 0.426139,
        "nauc_mrr_at_10_std": 0.311974,
        "nauc_mrr_at_10_diff1": 0.240335,
        "nauc_mrr_at_20_max": 0.426139,
        "nauc_mrr_at_20_std": 0.311974,
        "nauc_mrr_at_20_diff1": 0.240335,
        "nauc_mrr_at_100_max": 0.426139,
        "nauc_mrr_at_100_std": 0.311974,
        "nauc_mrr_at_100_diff1": 0.240335,
        "nauc_mrr_at_1000_max": 0.426139,
        "nauc_mrr_at_1000_std": 0.311974,
        "nauc_mrr_at_1000_diff1": 0.240335,
        "hit_rate_at_1": 0.52,
        "hit_rate_at_3": 0.9,
        "hit_rate_at_5": 0.94,
        "hit_rate_at_10": 1.0,
        "hit_rate_at_20": 1.0,
        "hit_rate_at_100": 1.0,
        "hit_rate_at_1000": 1.0,
        "main_score": 0.52094,
        "hf_subset": "default",
        "languages": [
          "eng-Latn"
        ]
      }
    ]
  },
  "evaluation_time": 1.8445532321929932,
  "kg_co2_emissions": null,
  "date": 1774413397.868832
}