{
  "dataset_revision": "300cb175d1b608cfc3fdb94fd06b3ceb937f9b6a",
  "task_name": "LLMLegalBenchCorporateLobbying",
  "mteb_version": "2.11.6",
  "scores": {
    "test": [
      {
        "ndcg_at_1": 0.88824,
        "ndcg_at_3": 0.9375,
        "ndcg_at_5": 0.94117,
        "ndcg_at_10": 0.94524,
        "ndcg_at_20": 0.94601,
        "ndcg_at_100": 0.94654,
        "ndcg_at_1000": 0.9469,
        "map_at_1": 0.88824,
        "map_at_3": 0.92598,
        "map_at_5": 0.92804,
        "map_at_10": 0.92988,
        "map_at_20": 0.9301,
        "map_at_100": 0.93017,
        "map_at_1000": 0.93018,
        "recall_at_1": 0.88824,
        "recall_at_3": 0.97059,
        "recall_at_5": 0.97941,
        "recall_at_10": 0.99118,
        "recall_at_20": 0.99412,
        "recall_at_100": 0.99706,
        "recall_at_1000": 1.0,
        "accuracy": 0.88824,
        "precision_at_1": 0.88824,
        "precision_at_3": 0.32353,
        "precision_at_5": 0.19588,
        "precision_at_10": 0.09912,
        "precision_at_20": 0.04971,
        "precision_at_100": 0.00997,
        "precision_at_1000": 0.001,
        "mrr_at_1": 0.888235,
        "mrr_at_3": 0.92598,
        "mrr_at_5": 0.928039,
        "mrr_at_10": 0.929877,
        "mrr_at_20": 0.930104,
        "mrr_at_100": 0.930168,
        "mrr_at_1000": 0.930177,
        "nauc_ndcg_at_1_max": 0.450371,
        "nauc_ndcg_at_1_std": -0.128669,
        "nauc_ndcg_at_1_diff1": 0.903084,
        "nauc_ndcg_at_3_max": 0.562475,
        "nauc_ndcg_at_3_std": -0.114526,
        "nauc_ndcg_at_3_diff1": 0.895032,
        "nauc_ndcg_at_5_max": 0.550024,
        "nauc_ndcg_at_5_std": -0.080321,
        "nauc_ndcg_at_5_diff1": 0.89126,
        "nauc_ndcg_at_10_max": 0.524842,
        "nauc_ndcg_at_10_std": -0.108503,
        "nauc_ndcg_at_10_diff1": 0.893227,
        "nauc_ndcg_at_20_max": 0.517971,
        "nauc_ndcg_at_20_std": -0.120516,
        "nauc_ndcg_at_20_diff1": 0.893573,
        "nauc_ndcg_at_100_max": 0.521927,
        "nauc_ndcg_at_100_std": -0.104303,
        "nauc_ndcg_at_100_diff1": 0.895288,
        "nauc_ndcg_at_1000_max": 0.518689,
        "nauc_ndcg_at_1000_std": -0.111782,
        "nauc_ndcg_at_1000_diff1": 0.895465,
        "nauc_map_at_1_max": 0.450371,
        "nauc_map_at_1_std": -0.128669,
        "nauc_map_at_1_diff1": 0.903084,
        "nauc_map_at_3_max": 0.529039,
        "nauc_map_at_3_std": -0.119613,
        "nauc_map_at_3_diff1": 0.897339,
        "nauc_map_at_5_max": 0.52232,
        "nauc_map_at_5_std": -0.104563,
        "nauc_map_at_5_diff1": 0.89572,
        "nauc_map_at_10_max": 0.51281,
        "nauc_map_at_10_std": -0.114474,
        "nauc_map_at_10_diff1": 0.896536,
        "nauc_map_at_20_max": 0.511215,
        "nauc_map_at_20_std": -0.117212,
        "nauc_map_at_20_diff1": 0.896625,
        "nauc_map_at_100_max": 0.511575,
        "nauc_map_at_100_std": -0.11571,
        "nauc_map_at_100_diff1": 0.896787,
        "nauc_map_at_1000_max": 0.511507,
        "nauc_map_at_1000_std": -0.115865,
        "nauc_map_at_1000_diff1": 0.896791,
        "nauc_recall_at_1_max": 0.450371,
        "nauc_recall_at_1_std": -0.128669,
        "nauc_recall_at_1_diff1": 0.903084,
        "nauc_recall_at_3_max": 0.795331,
        "nauc_recall_at_3_std": -0.078011,
        "nauc_recall_at_3_diff1": 0.879085,
        "nauc_recall_at_5_max": 0.810991,
        "nauc_recall_at_5_std": 0.177471,
        "nauc_recall_at_5_diff1": 0.845938,
        "nauc_recall_at_10_max": 0.707594,
        "nauc_recall_at_10_std": -0.005913,
        "nauc_recall_at_10_diff1": 0.820261,
        "nauc_recall_at_20_max": 0.561391,
        "nauc_recall_at_20_std": -0.369981,
        "nauc_recall_at_20_diff1": 0.795752,
        "nauc_recall_at_100_max": 1.0,
        "nauc_recall_at_100_std": 1.0,
        "nauc_recall_at_100_diff1": 0.869281,
        "nauc_recall_at_1000_max": NaN,
        "nauc_recall_at_1000_std": NaN,
        "nauc_recall_at_1000_diff1": NaN,
        "nauc_precision_at_1_max": 0.450371,
        "nauc_precision_at_1_std": -0.128669,
        "nauc_precision_at_1_diff1": 0.903084,
        "nauc_precision_at_3_max": 0.795331,
        "nauc_precision_at_3_std": -0.078011,
        "nauc_precision_at_3_diff1": 0.879085,
        "nauc_precision_at_5_max": 0.810991,
        "nauc_precision_at_5_std": 0.177471,
        "nauc_precision_at_5_diff1": 0.845938,
        "nauc_precision_at_10_max": 0.707594,
        "nauc_precision_at_10_std": -0.005913,
        "nauc_precision_at_10_diff1": 0.820261,
        "nauc_precision_at_20_max": 0.561391,
        "nauc_precision_at_20_std": -0.369981,
        "nauc_precision_at_20_diff1": 0.795752,
        "nauc_precision_at_100_max": 1.0,
        "nauc_precision_at_100_std": 1.0,
        "nauc_precision_at_100_diff1": 0.869281,
        "nauc_precision_at_1000_max": 1.0,
        "nauc_precision_at_1000_std": 1.0,
        "nauc_precision_at_1000_diff1": 1.0,
        "nauc_mrr_at_1_max": 0.450371,
        "nauc_mrr_at_1_std": -0.128669,
        "nauc_mrr_at_1_diff1": 0.903084,
        "nauc_mrr_at_3_max": 0.529039,
        "nauc_mrr_at_3_std": -0.119613,
        "nauc_mrr_at_3_diff1": 0.897339,
        "nauc_mrr_at_5_max": 0.52232,
        "nauc_mrr_at_5_std": -0.104563,
        "nauc_mrr_at_5_diff1": 0.89572,
        "nauc_mrr_at_10_max": 0.51281,
        "nauc_mrr_at_10_std": -0.114474,
        "nauc_mrr_at_10_diff1": 0.896536,
        "nauc_mrr_at_20_max": 0.511215,
        "nauc_mrr_at_20_std": -0.117212,
        "nauc_mrr_at_20_diff1": 0.896625,
        "nauc_mrr_at_100_max": 0.511575,
        "nauc_mrr_at_100_std": -0.11571,
        "nauc_mrr_at_100_diff1": 0.896787,
        "nauc_mrr_at_1000_max": 0.511507,
        "nauc_mrr_at_1000_std": -0.115865,
        "nauc_mrr_at_1000_diff1": 0.896791,
        "hit_rate_at_1": 0.88824,
        "hit_rate_at_3": 0.97059,
        "hit_rate_at_5": 0.97941,
        "hit_rate_at_10": 0.99118,
        "hit_rate_at_20": 0.99412,
        "hit_rate_at_100": 0.99706,
        "hit_rate_at_1000": 1.0,
        "main_score": 0.94524,
        "hf_subset": "default",
        "languages": [
          "eng-Latn"
        ]
      }
    ]
  },
  "evaluation_time": 6.0961174964904785,
  "kg_co2_emissions": null,
  "date": 1774413407.013671
}