{
  "dataset_revision": "5d745bd9e435cc190599f916f54c0ab197ddeb73",
  "task_name": "LLMRTE3PC",
  "mteb_version": "2.11.6",
  "scores": {
    "test": [
      {
        "similarity_accuracy": 0.850312,
        "similarity_f1": 0.918367,
        "similarity_precision": 0.856237,
        "similarity_recall": 0.99022,
        "similarity_ap": 0.891269,
        "cosine_accuracy": 0.850312,
        "cosine_f1": 0.918367,
        "cosine_precision": 0.856237,
        "cosine_recall": 0.99022,
        "cosine_ap": 0.891269,
        "manhattan_accuracy": 0.850312,
        "manhattan_f1": 0.918367,
        "manhattan_precision": 0.856237,
        "manhattan_recall": 0.99022,
        "manhattan_ap": 0.891572,
        "euclidean_accuracy": 0.850312,
        "euclidean_f1": 0.918367,
        "euclidean_precision": 0.856237,
        "euclidean_recall": 0.99022,
        "euclidean_ap": 0.891269,
        "dot_accuracy": 0.850312,
        "dot_f1": 0.918367,
        "dot_precision": 0.856237,
        "dot_recall": 0.99022,
        "dot_ap": 0.891269,
        "max_accuracy": 0.850312,
        "max_f1": 0.918367,
        "max_precision": 0.856237,
        "max_recall": 0.99022,
        "max_ap": 0.891572,
        "main_score": 0.891572,
        "hf_subset": "de",
        "languages": [
          "deu-Latn"
        ]
      },
      {
        "similarity_accuracy": 0.850622,
        "similarity_f1": 0.919101,
        "similarity_precision": 0.852083,
        "similarity_recall": 0.997561,
        "similarity_ap": 0.894759,
        "cosine_accuracy": 0.850622,
        "cosine_f1": 0.919101,
        "cosine_precision": 0.852083,
        "cosine_recall": 0.997561,
        "cosine_ap": 0.894759,
        "manhattan_accuracy": 0.850622,
        "manhattan_f1": 0.919101,
        "manhattan_precision": 0.852083,
        "manhattan_recall": 0.997561,
        "manhattan_ap": 0.894956,
        "euclidean_accuracy": 0.850622,
        "euclidean_f1": 0.919101,
        "euclidean_precision": 0.852083,
        "euclidean_recall": 0.997561,
        "euclidean_ap": 0.894759,
        "dot_accuracy": 0.850622,
        "dot_f1": 0.919101,
        "dot_precision": 0.852083,
        "dot_recall": 0.997561,
        "dot_ap": 0.894759,
        "max_accuracy": 0.850622,
        "max_f1": 0.919101,
        "max_precision": 0.852083,
        "max_recall": 0.997561,
        "max_ap": 0.894956,
        "main_score": 0.894956,
        "hf_subset": "en",
        "languages": [
          "eng-Latn"
        ]
      },
      {
        "similarity_accuracy": 0.846473,
        "similarity_f1": 0.916854,
        "similarity_precision": 0.848233,
        "similarity_recall": 0.997555,
        "similarity_ap": 0.895497,
        "cosine_accuracy": 0.846473,
        "cosine_f1": 0.916854,
        "cosine_precision": 0.848233,
        "cosine_recall": 0.997555,
        "cosine_ap": 0.895497,
        "manhattan_accuracy": 0.848548,
        "manhattan_f1": 0.917885,
        "manhattan_precision": 0.85,
        "manhattan_recall": 0.997555,
        "manhattan_ap": 0.895182,
        "euclidean_accuracy": 0.846473,
        "euclidean_f1": 0.916854,
        "euclidean_precision": 0.848233,
        "euclidean_recall": 0.997555,
        "euclidean_ap": 0.895497,
        "dot_accuracy": 0.846473,
        "dot_f1": 0.916854,
        "dot_precision": 0.848233,
        "dot_recall": 0.997555,
        "dot_ap": 0.895497,
        "max_accuracy": 0.848548,
        "max_f1": 0.917885,
        "max_precision": 0.85,
        "max_recall": 0.997555,
        "max_ap": 0.895497,
        "main_score": 0.895497,
        "hf_subset": "fr",
        "languages": [
          "fra-Latn"
        ]
      },
      {
        "similarity_accuracy": 0.849372,
        "similarity_f1": 0.918182,
        "similarity_precision": 0.852321,
        "similarity_recall": 0.995074,
        "similarity_ap": 0.894332,
        "cosine_accuracy": 0.849372,
        "cosine_f1": 0.918182,
        "cosine_precision": 0.852321,
        "cosine_recall": 0.995074,
        "cosine_ap": 0.894332,
        "manhattan_accuracy": 0.849372,
        "manhattan_f1": 0.918182,
        "manhattan_precision": 0.852321,
        "manhattan_recall": 0.995074,
        "manhattan_ap": 0.89481,
        "euclidean_accuracy": 0.849372,
        "euclidean_f1": 0.918182,
        "euclidean_precision": 0.852321,
        "euclidean_recall": 0.995074,
        "euclidean_ap": 0.894332,
        "dot_accuracy": 0.849372,
        "dot_f1": 0.918182,
        "dot_precision": 0.852321,
        "dot_recall": 0.995074,
        "dot_ap": 0.894332,
        "max_accuracy": 0.849372,
        "max_f1": 0.918182,
        "max_precision": 0.852321,
        "max_recall": 0.995074,
        "max_ap": 0.89481,
        "main_score": 0.89481,
        "hf_subset": "it",
        "languages": [
          "ita-Latn"
        ]
      }
    ]
  },
  "evaluation_time": 17.68945550918579,
  "kg_co2_emissions": null,
  "date": 1774405490.451303
}