{
  "dataset_revision": "d6628df131c3279007b88fe3e057e809dac056af",
  "task_name": "LLMSpartQA",
  "mteb_version": "2.11.6",
  "scores": {
    "test": [
      {
        "ndcg_at_1": 0.01,
        "ndcg_at_3": 0.02616,
        "ndcg_at_5": 0.03724,
        "ndcg_at_10": 0.06246,
        "ndcg_at_20": 0.07891,
        "ndcg_at_100": 0.10543,
        "ndcg_at_1000": 0.1448,
        "map_at_1": 0.01,
        "map_at_3": 0.02111,
        "map_at_5": 0.02653,
        "map_at_10": 0.03595,
        "map_at_20": 0.04055,
        "map_at_100": 0.04412,
        "map_at_1000": 0.04526,
        "recall_at_1": 0.01,
        "recall_at_3": 0.03833,
        "recall_at_5": 0.06167,
        "recall_at_10": 0.13333,
        "recall_at_20": 0.18833,
        "recall_at_100": 0.31667,
        "recall_at_1000": 0.59833,
        "accuracy": 0.01,
        "precision_at_1": 0.01,
        "precision_at_3": 0.015,
        "precision_at_5": 0.017,
        "precision_at_10": 0.019,
        "precision_at_20": 0.01475,
        "precision_at_100": 0.0049,
        "precision_at_1000": 0.00103,
        "mrr_at_1": 0.01,
        "mrr_at_3": 0.023333,
        "mrr_at_5": 0.032583,
        "mrr_at_10": 0.046369,
        "mrr_at_20": 0.051172,
        "mrr_at_100": 0.05568,
        "mrr_at_1000": 0.056828,
        "nauc_ndcg_at_1_max": -0.366783,
        "nauc_ndcg_at_1_std": 0.49289,
        "nauc_ndcg_at_1_diff1": -0.138181,
        "nauc_ndcg_at_3_max": -0.183081,
        "nauc_ndcg_at_3_std": 0.652697,
        "nauc_ndcg_at_3_diff1": 0.034993,
        "nauc_ndcg_at_5_max": -0.218098,
        "nauc_ndcg_at_5_std": 0.574347,
        "nauc_ndcg_at_5_diff1": -0.01065,
        "nauc_ndcg_at_10_max": -0.137285,
        "nauc_ndcg_at_10_std": 0.479705,
        "nauc_ndcg_at_10_diff1": 0.06272,
        "nauc_ndcg_at_20_max": -0.081492,
        "nauc_ndcg_at_20_std": 0.455174,
        "nauc_ndcg_at_20_diff1": 0.023349,
        "nauc_ndcg_at_100_max": 0.010797,
        "nauc_ndcg_at_100_std": 0.428414,
        "nauc_ndcg_at_100_diff1": 0.088506,
        "nauc_ndcg_at_1000_max": 0.014011,
        "nauc_ndcg_at_1000_std": 0.552046,
        "nauc_ndcg_at_1000_diff1": 0.121692,
        "nauc_map_at_1_max": -0.366783,
        "nauc_map_at_1_std": 0.49289,
        "nauc_map_at_1_diff1": -0.138181,
        "nauc_map_at_3_max": -0.18479,
        "nauc_map_at_3_std": 0.638202,
        "nauc_map_at_3_diff1": 0.028942,
        "nauc_map_at_5_max": -0.216863,
        "nauc_map_at_5_std": 0.596353,
        "nauc_map_at_5_diff1": -0.011486,
        "nauc_map_at_10_max": -0.169667,
        "nauc_map_at_10_std": 0.526722,
        "nauc_map_at_10_diff1": 0.030472,
        "nauc_map_at_20_max": -0.141863,
        "nauc_map_at_20_std": 0.515421,
        "nauc_map_at_20_diff1": 0.014918,
        "nauc_map_at_100_max": -0.115712,
        "nauc_map_at_100_std": 0.508042,
        "nauc_map_at_100_diff1": 0.033453,
        "nauc_map_at_1000_max": -0.115526,
        "nauc_map_at_1000_std": 0.518512,
        "nauc_map_at_1000_diff1": 0.035264,
        "nauc_recall_at_1_max": -0.366783,
        "nauc_recall_at_1_std": 0.49289,
        "nauc_recall_at_1_diff1": -0.138181,
        "nauc_recall_at_3_max": -0.158386,
        "nauc_recall_at_3_std": 0.688874,
        "nauc_recall_at_3_diff1": 0.068116,
        "nauc_recall_at_5_max": -0.224817,
        "nauc_recall_at_5_std": 0.576342,
        "nauc_recall_at_5_diff1": -0.020363,
        "nauc_recall_at_10_max": -0.115365,
        "nauc_recall_at_10_std": 0.422839,
        "nauc_recall_at_10_diff1": 0.083485,
        "nauc_recall_at_20_max": -0.03141,
        "nauc_recall_at_20_std": 0.395704,
        "nauc_recall_at_20_diff1": 0.029819,
        "nauc_recall_at_100_max": 0.133876,
        "nauc_recall_at_100_std": 0.32124,
        "nauc_recall_at_100_diff1": 0.147935,
        "nauc_recall_at_1000_max": 0.160961,
        "nauc_recall_at_1000_std": 0.54867,
        "nauc_recall_at_1000_diff1": 0.248933,
        "nauc_precision_at_1_max": -0.366783,
        "nauc_precision_at_1_std": 0.49289,
        "nauc_precision_at_1_diff1": -0.138181,
        "nauc_precision_at_3_max": -0.214501,
        "nauc_precision_at_3_std": 0.655666,
        "nauc_precision_at_3_diff1": 0.010226,
        "nauc_precision_at_5_max": -0.212251,
        "nauc_precision_at_5_std": 0.498193,
        "nauc_precision_at_5_diff1": 0.002652,
        "nauc_precision_at_10_max": -0.080473,
        "nauc_precision_at_10_std": 0.440334,
        "nauc_precision_at_10_diff1": 0.122593,
        "nauc_precision_at_20_max": -0.005801,
        "nauc_precision_at_20_std": 0.358674,
        "nauc_precision_at_20_diff1": 0.008623,
        "nauc_precision_at_100_max": 0.140739,
        "nauc_precision_at_100_std": 0.32149,
        "nauc_precision_at_100_diff1": 0.114818,
        "nauc_precision_at_1000_max": 0.118297,
        "nauc_precision_at_1000_std": 0.476759,
        "nauc_precision_at_1000_diff1": 0.148599,
        "nauc_mrr_at_1_max": -0.366783,
        "nauc_mrr_at_1_std": 0.49289,
        "nauc_mrr_at_1_diff1": -0.138181,
        "nauc_mrr_at_3_max": -0.218349,
        "nauc_mrr_at_3_std": 0.62168,
        "nauc_mrr_at_3_diff1": -0.004542,
        "nauc_mrr_at_5_max": -0.219528,
        "nauc_mrr_at_5_std": 0.546382,
        "nauc_mrr_at_5_diff1": -0.005245,
        "nauc_mrr_at_10_max": -0.151175,
        "nauc_mrr_at_10_std": 0.505831,
        "nauc_mrr_at_10_diff1": 0.045056,
        "nauc_mrr_at_20_max": -0.121601,
        "nauc_mrr_at_20_std": 0.495031,
        "nauc_mrr_at_20_diff1": 0.022496,
        "nauc_mrr_at_100_max": -0.096883,
        "nauc_mrr_at_100_std": 0.489071,
        "nauc_mrr_at_100_diff1": 0.037777,
        "nauc_mrr_at_1000_max": -0.096449,
        "nauc_mrr_at_1000_std": 0.496204,
        "nauc_mrr_at_1000_diff1": 0.03855,
        "hit_rate_at_1": 0.01,
        "hit_rate_at_3": 0.045,
        "hit_rate_at_5": 0.085,
        "hit_rate_at_10": 0.19,
        "hit_rate_at_20": 0.26,
        "hit_rate_at_100": 0.435,
        "hit_rate_at_1000": 0.76,
        "main_score": 0.06246,
        "hf_subset": "default",
        "languages": [
          "eng-Latn"
        ]
      }
    ]
  },
  "evaluation_time": 15.222535848617554,
  "kg_co2_emissions": null,
  "date": 1774413425.363272
}