{
  "dataset_revision": "31f9b918c30ef94e15a168cb95ca4ebf291396eb",
  "task_name": "LLMTwitterHjerneRetrieval",
  "mteb_version": "2.11.6",
  "scores": {
    "train": [
      {
        "ndcg_at_1": 0.84416,
        "ndcg_at_3": 0.68756,
        "ndcg_at_5": 0.70034,
        "ndcg_at_10": 0.7403,
        "ndcg_at_20": 0.75882,
        "ndcg_at_100": 0.79027,
        "ndcg_at_1000": 0.80327,
        "map_at_1": 0.27554,
        "map_at_3": 0.50819,
        "map_at_5": 0.6029,
        "map_at_10": 0.64105,
        "map_at_20": 0.6505,
        "map_at_100": 0.65986,
        "map_at_1000": 0.66109,
        "recall_at_1": 0.27554,
        "recall_at_3": 0.53463,
        "recall_at_5": 0.67121,
        "recall_at_10": 0.76472,
        "recall_at_20": 0.81299,
        "recall_at_100": 0.92706,
        "recall_at_1000": 1.0,
        "accuracy": 0.27554,
        "precision_at_1": 0.84416,
        "precision_at_3": 0.58874,
        "precision_at_5": 0.45974,
        "precision_at_10": 0.26364,
        "precision_at_20": 0.14156,
        "precision_at_100": 0.03221,
        "precision_at_1000": 0.0034,
        "mrr_at_1": 0.844156,
        "mrr_at_3": 0.883117,
        "mrr_at_5": 0.888961,
        "mrr_at_10": 0.890584,
        "mrr_at_20": 0.891396,
        "mrr_at_100": 0.891656,
        "mrr_at_1000": 0.891706,
        "nauc_ndcg_at_1_max": 0.567911,
        "nauc_ndcg_at_1_std": 0.306441,
        "nauc_ndcg_at_1_diff1": 0.379956,
        "nauc_ndcg_at_3_max": 0.550042,
        "nauc_ndcg_at_3_std": 0.128738,
        "nauc_ndcg_at_3_diff1": 0.1156,
        "nauc_ndcg_at_5_max": 0.543868,
        "nauc_ndcg_at_5_std": 0.05075,
        "nauc_ndcg_at_5_diff1": 0.202138,
        "nauc_ndcg_at_10_max": 0.595549,
        "nauc_ndcg_at_10_std": 0.039175,
        "nauc_ndcg_at_10_diff1": 0.212178,
        "nauc_ndcg_at_20_max": 0.582791,
        "nauc_ndcg_at_20_std": 0.076047,
        "nauc_ndcg_at_20_diff1": 0.187484,
        "nauc_ndcg_at_100_max": 0.589618,
        "nauc_ndcg_at_100_std": 0.122388,
        "nauc_ndcg_at_100_diff1": 0.174474,
        "nauc_ndcg_at_1000_max": 0.581542,
        "nauc_ndcg_at_1000_std": 0.106955,
        "nauc_ndcg_at_1000_diff1": 0.180799,
        "nauc_map_at_1_max": 0.08995,
        "nauc_map_at_1_std": -0.138994,
        "nauc_map_at_1_diff1": 0.300702,
        "nauc_map_at_3_max": 0.396902,
        "nauc_map_at_3_std": -0.055453,
        "nauc_map_at_3_diff1": 0.182924,
        "nauc_map_at_5_max": 0.514918,
        "nauc_map_at_5_std": 0.017573,
        "nauc_map_at_5_diff1": 0.177327,
        "nauc_map_at_10_max": 0.554928,
        "nauc_map_at_10_std": 0.023538,
        "nauc_map_at_10_diff1": 0.166367,
        "nauc_map_at_20_max": 0.552983,
        "nauc_map_at_20_std": 0.038432,
        "nauc_map_at_20_diff1": 0.158691,
        "nauc_map_at_100_max": 0.552318,
        "nauc_map_at_100_std": 0.046267,
        "nauc_map_at_100_diff1": 0.150594,
        "nauc_map_at_1000_max": 0.551585,
        "nauc_map_at_1000_std": 0.045079,
        "nauc_map_at_1000_diff1": 0.151222,
        "nauc_recall_at_1_max": 0.08995,
        "nauc_recall_at_1_std": -0.138994,
        "nauc_recall_at_1_diff1": 0.300702,
        "nauc_recall_at_3_max": 0.406108,
        "nauc_recall_at_3_std": -0.081897,
        "nauc_recall_at_3_diff1": 0.212554,
        "nauc_recall_at_5_max": 0.493085,
        "nauc_recall_at_5_std": -0.044394,
        "nauc_recall_at_5_diff1": 0.214523,
        "nauc_recall_at_10_max": 0.612471,
        "nauc_recall_at_10_std": -0.043783,
        "nauc_recall_at_10_diff1": 0.233582,
        "nauc_recall_at_20_max": 0.561667,
        "nauc_recall_at_20_std": 0.042532,
        "nauc_recall_at_20_diff1": 0.163264,
        "nauc_recall_at_100_max": 0.650417,
        "nauc_recall_at_100_std": 0.333471,
        "nauc_recall_at_100_diff1": 0.12841,
        "nauc_recall_at_1000_max": NaN,
        "nauc_recall_at_1000_std": NaN,
        "nauc_recall_at_1000_diff1": NaN,
        "nauc_precision_at_1_max": 0.567911,
        "nauc_precision_at_1_std": 0.306441,
        "nauc_precision_at_1_diff1": 0.379956,
        "nauc_precision_at_3_max": 0.542379,
        "nauc_precision_at_3_std": 0.208601,
        "nauc_precision_at_3_diff1": 0.001268,
        "nauc_precision_at_5_max": 0.505074,
        "nauc_precision_at_5_std": 0.241563,
        "nauc_precision_at_5_diff1": -0.04781,
        "nauc_precision_at_10_max": 0.47525,
        "nauc_precision_at_10_std": 0.224989,
        "nauc_precision_at_10_diff1": -0.076939,
        "nauc_precision_at_20_max": 0.394876,
        "nauc_precision_at_20_std": 0.293029,
        "nauc_precision_at_20_diff1": -0.154439,
        "nauc_precision_at_100_max": 0.27524,
        "nauc_precision_at_100_std": 0.380104,
        "nauc_precision_at_100_diff1": -0.259436,
        "nauc_precision_at_1000_max": 0.195672,
        "nauc_precision_at_1000_std": 0.383232,
        "nauc_precision_at_1000_diff1": -0.294085,
        "nauc_mrr_at_1_max": 0.567911,
        "nauc_mrr_at_1_std": 0.306441,
        "nauc_mrr_at_1_diff1": 0.379956,
        "nauc_mrr_at_3_max": 0.623152,
        "nauc_mrr_at_3_std": 0.297137,
        "nauc_mrr_at_3_diff1": 0.452278,
        "nauc_mrr_at_5_max": 0.622145,
        "nauc_mrr_at_5_std": 0.279095,
        "nauc_mrr_at_5_diff1": 0.447598,
        "nauc_mrr_at_10_max": 0.620607,
        "nauc_mrr_at_10_std": 0.28592,
        "nauc_mrr_at_10_diff1": 0.445956,
        "nauc_mrr_at_20_max": 0.618692,
        "nauc_mrr_at_20_std": 0.292451,
        "nauc_mrr_at_20_diff1": 0.441681,
        "nauc_mrr_at_100_max": 0.61885,
        "nauc_mrr_at_100_std": 0.292864,
        "nauc_mrr_at_100_diff1": 0.442463,
        "nauc_mrr_at_1000_max": 0.618667,
        "nauc_mrr_at_1000_std": 0.292523,
        "nauc_mrr_at_1000_diff1": 0.442258,
        "hit_rate_at_1": 0.84416,
        "hit_rate_at_3": 0.92208,
        "hit_rate_at_5": 0.94805,
        "hit_rate_at_10": 0.96104,
        "hit_rate_at_20": 0.97403,
        "hit_rate_at_100": 0.98701,
        "hit_rate_at_1000": 1.0,
        "main_score": 0.7403,
        "hf_subset": "default",
        "languages": [
          "dan-Latn"
        ]
      }
    ]
  },
  "evaluation_time": 3.0962655544281006,
  "kg_co2_emissions": null,
  "date": 1774413431.552001
}