{
  "dataset_revision": "1c61e95df3d70835785db4d70f17d3a16a7bd4ce",
  "task_name": "LLMTempReasonL1",
  "mteb_version": "2.11.6",
  "scores": {
    "test": [
      {
        "ndcg_at_1": 0.0,
        "ndcg_at_3": 0.01131,
        "ndcg_at_5": 0.01905,
        "ndcg_at_10": 0.0222,
        "ndcg_at_20": 0.0249,
        "ndcg_at_100": 0.0516,
        "ndcg_at_1000": 0.10722,
        "map_at_1": 0.0,
        "map_at_3": 0.00833,
        "map_at_5": 0.01233,
        "map_at_10": 0.01358,
        "map_at_20": 0.01442,
        "map_at_100": 0.01766,
        "map_at_1000": 0.01912,
        "recall_at_1": 0.0,
        "recall_at_3": 0.02,
        "recall_at_5": 0.04,
        "recall_at_10": 0.05,
        "recall_at_20": 0.06,
        "recall_at_100": 0.21,
        "recall_at_1000": 0.69,
        "accuracy": 0.0,
        "precision_at_1": 0.0,
        "precision_at_3": 0.00667,
        "precision_at_5": 0.008,
        "precision_at_10": 0.005,
        "precision_at_20": 0.003,
        "precision_at_100": 0.0021,
        "precision_at_1000": 0.00069,
        "mrr_at_1": 0.0,
        "mrr_at_3": 0.008333,
        "mrr_at_5": 0.012333,
        "mrr_at_10": 0.013583,
        "mrr_at_20": 0.014417,
        "mrr_at_100": 0.017664,
        "mrr_at_1000": 0.019121,
        "nauc_ndcg_at_1_max": NaN,
        "nauc_ndcg_at_1_std": NaN,
        "nauc_ndcg_at_1_diff1": NaN,
        "nauc_ndcg_at_3_max": 0.622787,
        "nauc_ndcg_at_3_std": -0.165944,
        "nauc_ndcg_at_3_diff1": 0.253279,
        "nauc_ndcg_at_5_max": 0.288324,
        "nauc_ndcg_at_5_std": -0.097444,
        "nauc_ndcg_at_5_diff1": 0.419281,
        "nauc_ndcg_at_10_max": 0.176364,
        "nauc_ndcg_at_10_std": -0.03758,
        "nauc_ndcg_at_10_diff1": 0.300723,
        "nauc_ndcg_at_20_max": 0.192369,
        "nauc_ndcg_at_20_std": -0.055834,
        "nauc_ndcg_at_20_diff1": 0.376604,
        "nauc_ndcg_at_100_max": 0.038193,
        "nauc_ndcg_at_100_std": 0.021169,
        "nauc_ndcg_at_100_diff1": 0.188276,
        "nauc_ndcg_at_1000_max": -0.034685,
        "nauc_ndcg_at_1000_std": 0.015433,
        "nauc_ndcg_at_1000_diff1": 0.163779,
        "nauc_map_at_1_max": NaN,
        "nauc_map_at_1_std": NaN,
        "nauc_map_at_1_diff1": NaN,
        "nauc_map_at_3_max": 0.594312,
        "nauc_map_at_3_std": -0.140757,
        "nauc_map_at_3_diff1": 0.222431,
        "nauc_map_at_5_max": 0.336514,
        "nauc_map_at_5_std": -0.094236,
        "nauc_map_at_5_diff1": 0.36497,
        "nauc_map_at_10_max": 0.259572,
        "nauc_map_at_10_std": -0.055761,
        "nauc_map_at_10_diff1": 0.293186,
        "nauc_map_at_20_max": 0.263287,
        "nauc_map_at_20_std": -0.064434,
        "nauc_map_at_20_diff1": 0.334043,
        "nauc_map_at_100_max": 0.197188,
        "nauc_map_at_100_std": -0.031317,
        "nauc_map_at_100_diff1": 0.276134,
        "nauc_map_at_1000_max": 0.189222,
        "nauc_map_at_1000_std": -0.02736,
        "nauc_map_at_1000_diff1": 0.278596,
        "nauc_recall_at_1_max": NaN,
        "nauc_recall_at_1_std": NaN,
        "nauc_recall_at_1_diff1": NaN,
        "nauc_recall_at_3_max": 0.661926,
        "nauc_recall_at_3_std": -0.200563,
        "nauc_recall_at_3_diff1": 0.29568,
        "nauc_recall_at_5_max": 0.230682,
        "nauc_recall_at_5_std": -0.09894,
        "nauc_recall_at_5_diff1": 0.478803,
        "nauc_recall_at_10_max": 0.084626,
        "nauc_recall_at_10_std": -0.014382,
        "nauc_recall_at_10_diff1": 0.300027,
        "nauc_recall_at_20_max": 0.124497,
        "nauc_recall_at_20_std": -0.046284,
        "nauc_recall_at_20_diff1": 0.416689,
        "nauc_recall_at_100_max": -0.051166,
        "nauc_recall_at_100_std": 0.049092,
        "nauc_recall_at_100_diff1": 0.115936,
        "nauc_recall_at_1000_max": -0.235109,
        "nauc_recall_at_1000_std": 0.012823,
        "nauc_recall_at_1000_diff1": 0.007355,
        "nauc_precision_at_1_max": NaN,
        "nauc_precision_at_1_std": NaN,
        "nauc_precision_at_1_diff1": NaN,
        "nauc_precision_at_3_max": 0.661926,
        "nauc_precision_at_3_std": -0.200563,
        "nauc_precision_at_3_diff1": 0.29568,
        "nauc_precision_at_5_max": 0.230682,
        "nauc_precision_at_5_std": -0.09894,
        "nauc_precision_at_5_diff1": 0.478803,
        "nauc_precision_at_10_max": 0.084626,
        "nauc_precision_at_10_std": -0.014382,
        "nauc_precision_at_10_diff1": 0.300027,
        "nauc_precision_at_20_max": 0.124497,
        "nauc_precision_at_20_std": -0.046284,
        "nauc_precision_at_20_diff1": 0.416689,
        "nauc_precision_at_100_max": -0.051166,
        "nauc_precision_at_100_std": 0.049092,
        "nauc_precision_at_100_diff1": 0.115936,
        "nauc_precision_at_1000_max": -0.235109,
        "nauc_precision_at_1000_std": 0.012823,
        "nauc_precision_at_1000_diff1": 0.007355,
        "nauc_mrr_at_1_max": NaN,
        "nauc_mrr_at_1_std": NaN,
        "nauc_mrr_at_1_diff1": NaN,
        "nauc_mrr_at_3_max": 0.594312,
        "nauc_mrr_at_3_std": -0.140757,
        "nauc_mrr_at_3_diff1": 0.222431,
        "nauc_mrr_at_5_max": 0.336514,
        "nauc_mrr_at_5_std": -0.094236,
        "nauc_mrr_at_5_diff1": 0.36497,
        "nauc_mrr_at_10_max": 0.259572,
        "nauc_mrr_at_10_std": -0.055761,
        "nauc_mrr_at_10_diff1": 0.293186,
        "nauc_mrr_at_20_max": 0.263287,
        "nauc_mrr_at_20_std": -0.064434,
        "nauc_mrr_at_20_diff1": 0.334043,
        "nauc_mrr_at_100_max": 0.197188,
        "nauc_mrr_at_100_std": -0.031317,
        "nauc_mrr_at_100_diff1": 0.276134,
        "nauc_mrr_at_1000_max": 0.189222,
        "nauc_mrr_at_1000_std": -0.02736,
        "nauc_mrr_at_1000_diff1": 0.278596,
        "hit_rate_at_1": 0.0,
        "hit_rate_at_3": 0.02,
        "hit_rate_at_5": 0.04,
        "hit_rate_at_10": 0.05,
        "hit_rate_at_20": 0.06,
        "hit_rate_at_100": 0.21,
        "hit_rate_at_1000": 0.69,
        "main_score": 0.0222,
        "hf_subset": "default",
        "languages": [
          "eng-Latn"
        ]
      }
    ]
  },
  "evaluation_time": 102.27426815032959,
  "kg_co2_emissions": null,
  "date": 1774413392.861619
}