{
  "dataset_revision": "bc2a1e4c24771a6f3432578016cfb737732398fd",
  "task_name": "LLMWinoGrande",
  "mteb_version": "2.11.6",
  "scores": {
    "test": [
      {
        "ndcg_at_1": 0.205,
        "ndcg_at_3": 0.40642,
        "ndcg_at_5": 0.46431,
        "ndcg_at_10": 0.50583,
        "ndcg_at_20": 0.53113,
        "ndcg_at_100": 0.54568,
        "ndcg_at_1000": 0.5477,
        "map_at_1": 0.205,
        "map_at_3": 0.35833,
        "map_at_5": 0.39058,
        "map_at_10": 0.40837,
        "map_at_20": 0.41533,
        "map_at_100": 0.41757,
        "map_at_1000": 0.41766,
        "recall_at_1": 0.205,
        "recall_at_3": 0.545,
        "recall_at_5": 0.685,
        "recall_at_10": 0.81,
        "recall_at_20": 0.91,
        "recall_at_100": 0.985,
        "recall_at_1000": 1.0,
        "accuracy": 0.205,
        "precision_at_1": 0.205,
        "precision_at_3": 0.18167,
        "precision_at_5": 0.137,
        "precision_at_10": 0.081,
        "precision_at_20": 0.0455,
        "precision_at_100": 0.00985,
        "precision_at_1000": 0.001,
        "mrr_at_1": 0.205,
        "mrr_at_3": 0.358333,
        "mrr_at_5": 0.390583,
        "mrr_at_10": 0.408369,
        "mrr_at_20": 0.415325,
        "mrr_at_100": 0.417568,
        "mrr_at_1000": 0.417658,
        "nauc_ndcg_at_1_max": -0.055681,
        "nauc_ndcg_at_1_std": -0.107733,
        "nauc_ndcg_at_1_diff1": 0.176989,
        "nauc_ndcg_at_3_max": -0.116362,
        "nauc_ndcg_at_3_std": -0.181535,
        "nauc_ndcg_at_3_diff1": 0.147688,
        "nauc_ndcg_at_5_max": -0.114084,
        "nauc_ndcg_at_5_std": -0.219892,
        "nauc_ndcg_at_5_diff1": 0.173807,
        "nauc_ndcg_at_10_max": -0.108545,
        "nauc_ndcg_at_10_std": -0.244691,
        "nauc_ndcg_at_10_diff1": 0.203096,
        "nauc_ndcg_at_20_max": -0.106417,
        "nauc_ndcg_at_20_std": -0.241434,
        "nauc_ndcg_at_20_diff1": 0.191544,
        "nauc_ndcg_at_100_max": -0.104723,
        "nauc_ndcg_at_100_std": -0.219567,
        "nauc_ndcg_at_100_diff1": 0.179287,
        "nauc_ndcg_at_1000_max": -0.104145,
        "nauc_ndcg_at_1000_std": -0.211164,
        "nauc_ndcg_at_1000_diff1": 0.179206,
        "nauc_map_at_1_max": -0.055681,
        "nauc_map_at_1_std": -0.107733,
        "nauc_map_at_1_diff1": 0.176989,
        "nauc_map_at_3_max": -0.107093,
        "nauc_map_at_3_std": -0.170224,
        "nauc_map_at_3_diff1": 0.154825,
        "nauc_map_at_5_max": -0.104844,
        "nauc_map_at_5_std": -0.190651,
        "nauc_map_at_5_diff1": 0.169853,
        "nauc_map_at_10_max": -0.102791,
        "nauc_map_at_10_std": -0.198175,
        "nauc_map_at_10_diff1": 0.18142,
        "nauc_map_at_20_max": -0.102006,
        "nauc_map_at_20_std": -0.196938,
        "nauc_map_at_20_diff1": 0.177654,
        "nauc_map_at_100_max": -0.101435,
        "nauc_map_at_100_std": -0.193864,
        "nauc_map_at_100_diff1": 0.175786,
        "nauc_map_at_1000_max": -0.101458,
        "nauc_map_at_1000_std": -0.193545,
        "nauc_map_at_1000_diff1": 0.175758,
        "nauc_recall_at_1_max": -0.055681,
        "nauc_recall_at_1_std": -0.107733,
        "nauc_recall_at_1_diff1": 0.176989,
        "nauc_recall_at_3_max": -0.140073,
        "nauc_recall_at_3_std": -0.210493,
        "nauc_recall_at_3_diff1": 0.127915,
        "nauc_recall_at_5_max": -0.142484,
        "nauc_recall_at_5_std": -0.319032,
        "nauc_recall_at_5_diff1": 0.190224,
        "nauc_recall_at_10_max": -0.127744,
        "nauc_recall_at_10_std": -0.487309,
        "nauc_recall_at_10_diff1": 0.326877,
        "nauc_recall_at_20_max": -0.128099,
        "nauc_recall_at_20_std": -0.678156,
        "nauc_recall_at_20_diff1": 0.338572,
        "nauc_recall_at_100_max": -0.20028,
        "nauc_recall_at_100_std": -1.151727,
        "nauc_recall_at_100_diff1": 0.172269,
        "nauc_recall_at_1000_max": NaN,
        "nauc_recall_at_1000_std": NaN,
        "nauc_recall_at_1000_diff1": NaN,
        "nauc_precision_at_1_max": -0.055681,
        "nauc_precision_at_1_std": -0.107733,
        "nauc_precision_at_1_diff1": 0.176989,
        "nauc_precision_at_3_max": -0.140073,
        "nauc_precision_at_3_std": -0.210493,
        "nauc_precision_at_3_diff1": 0.127915,
        "nauc_precision_at_5_max": -0.142484,
        "nauc_precision_at_5_std": -0.319032,
        "nauc_precision_at_5_diff1": 0.190224,
        "nauc_precision_at_10_max": -0.127744,
        "nauc_precision_at_10_std": -0.487309,
        "nauc_precision_at_10_diff1": 0.326877,
        "nauc_precision_at_20_max": -0.128099,
        "nauc_precision_at_20_std": -0.678156,
        "nauc_precision_at_20_diff1": 0.338572,
        "nauc_precision_at_100_max": -0.20028,
        "nauc_precision_at_100_std": -1.151727,
        "nauc_precision_at_100_diff1": 0.172269,
        "nauc_precision_at_1000_max": 1.0,
        "nauc_precision_at_1000_std": 1.0,
        "nauc_precision_at_1000_diff1": 1.0,
        "nauc_mrr_at_1_max": -0.055681,
        "nauc_mrr_at_1_std": -0.107733,
        "nauc_mrr_at_1_diff1": 0.176989,
        "nauc_mrr_at_3_max": -0.107093,
        "nauc_mrr_at_3_std": -0.170224,
        "nauc_mrr_at_3_diff1": 0.154825,
        "nauc_mrr_at_5_max": -0.104844,
        "nauc_mrr_at_5_std": -0.190651,
        "nauc_mrr_at_5_diff1": 0.169853,
        "nauc_mrr_at_10_max": -0.102791,
        "nauc_mrr_at_10_std": -0.198175,
        "nauc_mrr_at_10_diff1": 0.18142,
        "nauc_mrr_at_20_max": -0.102006,
        "nauc_mrr_at_20_std": -0.196938,
        "nauc_mrr_at_20_diff1": 0.177654,
        "nauc_mrr_at_100_max": -0.101435,
        "nauc_mrr_at_100_std": -0.193864,
        "nauc_mrr_at_100_diff1": 0.175786,
        "nauc_mrr_at_1000_max": -0.101458,
        "nauc_mrr_at_1000_std": -0.193545,
        "nauc_mrr_at_1000_diff1": 0.175758,
        "hit_rate_at_1": 0.205,
        "hit_rate_at_3": 0.545,
        "hit_rate_at_5": 0.685,
        "hit_rate_at_10": 0.81,
        "hit_rate_at_20": 0.91,
        "hit_rate_at_100": 0.985,
        "hit_rate_at_1000": 1.0,
        "main_score": 0.50583,
        "hf_subset": "default",
        "languages": [
          "eng-Latn"
        ]
      }
    ]
  },
  "evaluation_time": 43.57912802696228,
  "kg_co2_emissions": null,
  "date": 1774413478.092825
}