{
  "dataset_revision": "a2acf12d293ea934823ca26752a05c5bfab24dff",
  "task_name": "LLMAILAStatutes",
  "mteb_version": "2.11.6",
  "scores": {
    "test": [
      {
        "ndcg_at_1": 0.4,
        "ndcg_at_3": 0.37103,
        "ndcg_at_5": 0.38035,
        "ndcg_at_10": 0.44985,
        "ndcg_at_20": 0.51136,
        "ndcg_at_100": 0.61064,
        "ndcg_at_1000": 0.61064,
        "map_at_1": 0.091,
        "map_at_3": 0.19233,
        "map_at_5": 0.26303,
        "map_at_10": 0.30647,
        "map_at_20": 0.33865,
        "map_at_100": 0.37293,
        "map_at_1000": 0.37293,
        "recall_at_1": 0.091,
        "recall_at_3": 0.241,
        "recall_at_5": 0.392,
        "recall_at_10": 0.52633,
        "recall_at_20": 0.679,
        "recall_at_100": 1.0,
        "recall_at_1000": 1.0,
        "accuracy": 0.091,
        "precision_at_1": 0.4,
        "precision_at_3": 0.36,
        "precision_at_5": 0.34,
        "precision_at_10": 0.23,
        "precision_at_20": 0.148,
        "precision_at_100": 0.0434,
        "precision_at_1000": 0.00434,
        "mrr_at_1": 0.4,
        "mrr_at_3": 0.526667,
        "mrr_at_5": 0.569667,
        "mrr_at_10": 0.58369,
        "mrr_at_20": 0.585024,
        "mrr_at_100": 0.585024,
        "mrr_at_1000": 0.585024,
        "nauc_ndcg_at_1_max": 0.326828,
        "nauc_ndcg_at_1_std": -0.013774,
        "nauc_ndcg_at_1_diff1": 0.310659,
        "nauc_ndcg_at_3_max": 0.480961,
        "nauc_ndcg_at_3_std": 0.236198,
        "nauc_ndcg_at_3_diff1": 0.304687,
        "nauc_ndcg_at_5_max": 0.51746,
        "nauc_ndcg_at_5_std": 0.297908,
        "nauc_ndcg_at_5_diff1": 0.357023,
        "nauc_ndcg_at_10_max": 0.464445,
        "nauc_ndcg_at_10_std": 0.260224,
        "nauc_ndcg_at_10_diff1": 0.325272,
        "nauc_ndcg_at_20_max": 0.47539,
        "nauc_ndcg_at_20_std": 0.329779,
        "nauc_ndcg_at_20_diff1": 0.346043,
        "nauc_ndcg_at_100_max": 0.464348,
        "nauc_ndcg_at_100_std": 0.259776,
        "nauc_ndcg_at_100_diff1": 0.325171,
        "nauc_ndcg_at_1000_max": 0.464348,
        "nauc_ndcg_at_1000_std": 0.259776,
        "nauc_ndcg_at_1000_diff1": 0.325171,
        "nauc_map_at_1_max": 0.3563,
        "nauc_map_at_1_std": 0.058038,
        "nauc_map_at_1_diff1": 0.330507,
        "nauc_map_at_3_max": 0.55389,
        "nauc_map_at_3_std": 0.276032,
        "nauc_map_at_3_diff1": 0.373416,
        "nauc_map_at_5_max": 0.588395,
        "nauc_map_at_5_std": 0.310422,
        "nauc_map_at_5_diff1": 0.420679,
        "nauc_map_at_10_max": 0.552246,
        "nauc_map_at_10_std": 0.287253,
        "nauc_map_at_10_diff1": 0.388292,
        "nauc_map_at_20_max": 0.555648,
        "nauc_map_at_20_std": 0.336452,
        "nauc_map_at_20_diff1": 0.392388,
        "nauc_map_at_100_max": 0.545233,
        "nauc_map_at_100_std": 0.312977,
        "nauc_map_at_100_diff1": 0.385647,
        "nauc_map_at_1000_max": 0.545233,
        "nauc_map_at_1000_std": 0.312977,
        "nauc_map_at_1000_diff1": 0.385647,
        "nauc_recall_at_1_max": 0.3563,
        "nauc_recall_at_1_std": 0.058038,
        "nauc_recall_at_1_diff1": 0.330507,
        "nauc_recall_at_3_max": 0.559584,
        "nauc_recall_at_3_std": 0.389048,
        "nauc_recall_at_3_diff1": 0.343525,
        "nauc_recall_at_5_max": 0.511366,
        "nauc_recall_at_5_std": 0.371799,
        "nauc_recall_at_5_diff1": 0.356095,
        "nauc_recall_at_10_max": 0.355051,
        "nauc_recall_at_10_std": 0.267482,
        "nauc_recall_at_10_diff1": 0.258495,
        "nauc_recall_at_20_max": 0.335151,
        "nauc_recall_at_20_std": 0.420204,
        "nauc_recall_at_20_diff1": 0.281629,
        "nauc_recall_at_100_max": NaN,
        "nauc_recall_at_100_std": NaN,
        "nauc_recall_at_100_diff1": NaN,
        "nauc_recall_at_1000_max": NaN,
        "nauc_recall_at_1000_std": NaN,
        "nauc_recall_at_1000_diff1": NaN,
        "nauc_precision_at_1_max": 0.326828,
        "nauc_precision_at_1_std": -0.013774,
        "nauc_precision_at_1_diff1": 0.310659,
        "nauc_precision_at_3_max": 0.515845,
        "nauc_precision_at_3_std": 0.319778,
        "nauc_precision_at_3_diff1": 0.299525,
        "nauc_precision_at_5_max": 0.483978,
        "nauc_precision_at_5_std": 0.317175,
        "nauc_precision_at_5_diff1": 0.292621,
        "nauc_precision_at_10_max": 0.2912,
        "nauc_precision_at_10_std": 0.204057,
        "nauc_precision_at_10_diff1": 0.169777,
        "nauc_precision_at_20_max": 0.22764,
        "nauc_precision_at_20_std": 0.299714,
        "nauc_precision_at_20_diff1": 0.141203,
        "nauc_precision_at_100_max": -0.115969,
        "nauc_precision_at_100_std": -0.081996,
        "nauc_precision_at_100_diff1": -0.232927,
        "nauc_precision_at_1000_max": -0.115969,
        "nauc_precision_at_1000_std": -0.081996,
        "nauc_precision_at_1000_diff1": -0.232927,
        "nauc_mrr_at_1_max": 0.326828,
        "nauc_mrr_at_1_std": -0.013774,
        "nauc_mrr_at_1_diff1": 0.310659,
        "nauc_mrr_at_3_max": 0.364234,
        "nauc_mrr_at_3_std": 0.135525,
        "nauc_mrr_at_3_diff1": 0.252319,
        "nauc_mrr_at_5_max": 0.310329,
        "nauc_mrr_at_5_std": 0.10084,
        "nauc_mrr_at_5_diff1": 0.231461,
        "nauc_mrr_at_10_max": 0.321828,
        "nauc_mrr_at_10_std": 0.080732,
        "nauc_mrr_at_10_diff1": 0.263151,
        "nauc_mrr_at_20_max": 0.328938,
        "nauc_mrr_at_20_std": 0.086679,
        "nauc_mrr_at_20_diff1": 0.263828,
        "nauc_mrr_at_100_max": 0.328938,
        "nauc_mrr_at_100_std": 0.086679,
        "nauc_mrr_at_100_diff1": 0.263828,
        "nauc_mrr_at_1000_max": 0.328938,
        "nauc_mrr_at_1000_std": 0.086679,
        "nauc_mrr_at_1000_diff1": 0.263828,
        "hit_rate_at_1": 0.4,
        "hit_rate_at_3": 0.68,
        "hit_rate_at_5": 0.88,
        "hit_rate_at_10": 0.98,
        "hit_rate_at_20": 1.0,
        "hit_rate_at_100": 1.0,
        "hit_rate_at_1000": 1.0,
        "main_score": 0.44985,
        "hf_subset": "default",
        "languages": [
          "eng-Latn"
        ]
      }
    ]
  },
  "evaluation_time": 8.859076738357544,
  "kg_co2_emissions": null,
  "date": 1774363376.585338
}