{
  "dataset_revision": "300cb175d1b608cfc3fdb94fd06b3ceb937f9b6a",
  "task_name": "LLMLegalBenchCorporateLobbying",
  "mteb_version": "2.11.6",
  "scores": {
    "test": [
      {
        "ndcg_at_1": 0.88824,
        "ndcg_at_3": 0.94608,
        "ndcg_at_5": 0.94848,
        "ndcg_at_10": 0.95038,
        "ndcg_at_20": 0.95038,
        "ndcg_at_100": 0.95084,
        "ndcg_at_1000": 0.95119,
        "map_at_1": 0.88824,
        "map_at_3": 0.93333,
        "map_at_5": 0.93466,
        "map_at_10": 0.93544,
        "map_at_20": 0.93544,
        "map_at_100": 0.93548,
        "map_at_1000": 0.93549,
        "recall_at_1": 0.88824,
        "recall_at_3": 0.98235,
        "recall_at_5": 0.98824,
        "recall_at_10": 0.99412,
        "recall_at_20": 0.99412,
        "recall_at_100": 0.99706,
        "recall_at_1000": 1.0,
        "accuracy": 0.88824,
        "precision_at_1": 0.88824,
        "precision_at_3": 0.32745,
        "precision_at_5": 0.19765,
        "precision_at_10": 0.09941,
        "precision_at_20": 0.04971,
        "precision_at_100": 0.00997,
        "precision_at_1000": 0.001,
        "mrr_at_1": 0.888235,
        "mrr_at_3": 0.933333,
        "mrr_at_5": 0.934657,
        "mrr_at_10": 0.935441,
        "mrr_at_20": 0.935441,
        "mrr_at_100": 0.935477,
        "mrr_at_1000": 0.935486,
        "nauc_ndcg_at_1_max": 0.49062,
        "nauc_ndcg_at_1_std": -0.140029,
        "nauc_ndcg_at_1_diff1": 0.919216,
        "nauc_ndcg_at_3_max": 0.545582,
        "nauc_ndcg_at_3_std": -0.230888,
        "nauc_ndcg_at_3_diff1": 0.900255,
        "nauc_ndcg_at_5_max": 0.535221,
        "nauc_ndcg_at_5_std": -0.229279,
        "nauc_ndcg_at_5_diff1": 0.906632,
        "nauc_ndcg_at_10_max": 0.529027,
        "nauc_ndcg_at_10_std": -0.198019,
        "nauc_ndcg_at_10_diff1": 0.910625,
        "nauc_ndcg_at_20_max": 0.529027,
        "nauc_ndcg_at_20_std": -0.198019,
        "nauc_ndcg_at_20_diff1": 0.910625,
        "nauc_ndcg_at_100_max": 0.528789,
        "nauc_ndcg_at_100_std": -0.183419,
        "nauc_ndcg_at_100_diff1": 0.911017,
        "nauc_ndcg_at_1000_max": 0.525319,
        "nauc_ndcg_at_1000_std": -0.192132,
        "nauc_ndcg_at_1000_diff1": 0.910362,
        "nauc_map_at_1_max": 0.49062,
        "nauc_map_at_1_std": -0.140029,
        "nauc_map_at_1_diff1": 0.919216,
        "nauc_map_at_3_max": 0.525782,
        "nauc_map_at_3_std": -0.20336,
        "nauc_map_at_3_diff1": 0.906443,
        "nauc_map_at_5_max": 0.521139,
        "nauc_map_at_5_std": -0.200993,
        "nauc_map_at_5_diff1": 0.909602,
        "nauc_map_at_10_max": 0.51928,
        "nauc_map_at_10_std": -0.189303,
        "nauc_map_at_10_diff1": 0.910776,
        "nauc_map_at_20_max": 0.51928,
        "nauc_map_at_20_std": -0.189303,
        "nauc_map_at_20_diff1": 0.910776,
        "nauc_map_at_100_max": 0.519261,
        "nauc_map_at_100_std": -0.188442,
        "nauc_map_at_100_diff1": 0.910799,
        "nauc_map_at_1000_max": 0.519189,
        "nauc_map_at_1000_std": -0.188618,
        "nauc_map_at_1000_diff1": 0.910786,
        "nauc_recall_at_1_max": 0.49062,
        "nauc_recall_at_1_std": -0.140029,
        "nauc_recall_at_1_diff1": 0.919216,
        "nauc_recall_at_3_max": 0.755291,
        "nauc_recall_at_3_std": -0.513461,
        "nauc_recall_at_3_diff1": 0.835823,
        "nauc_recall_at_5_max": 0.744398,
        "nauc_recall_at_5_std": -0.662815,
        "nauc_recall_at_5_diff1": 0.865196,
        "nauc_recall_at_10_max": 0.777077,
        "nauc_recall_at_10_std": -0.369981,
        "nauc_recall_at_10_diff1": 0.934641,
        "nauc_recall_at_20_max": 0.777077,
        "nauc_recall_at_20_std": -0.369981,
        "nauc_recall_at_20_diff1": 0.934641,
        "nauc_recall_at_100_max": 1.0,
        "nauc_recall_at_100_std": 1.0,
        "nauc_recall_at_100_diff1": 1.0,
        "nauc_recall_at_1000_max": NaN,
        "nauc_recall_at_1000_std": NaN,
        "nauc_recall_at_1000_diff1": NaN,
        "nauc_precision_at_1_max": 0.49062,
        "nauc_precision_at_1_std": -0.140029,
        "nauc_precision_at_1_diff1": 0.919216,
        "nauc_precision_at_3_max": 0.755291,
        "nauc_precision_at_3_std": -0.513461,
        "nauc_precision_at_3_diff1": 0.835823,
        "nauc_precision_at_5_max": 0.744398,
        "nauc_precision_at_5_std": -0.662815,
        "nauc_precision_at_5_diff1": 0.865196,
        "nauc_precision_at_10_max": 0.777077,
        "nauc_precision_at_10_std": -0.369981,
        "nauc_precision_at_10_diff1": 0.934641,
        "nauc_precision_at_20_max": 0.777077,
        "nauc_precision_at_20_std": -0.369981,
        "nauc_precision_at_20_diff1": 0.934641,
        "nauc_precision_at_100_max": 1.0,
        "nauc_precision_at_100_std": 1.0,
        "nauc_precision_at_100_diff1": 1.0,
        "nauc_precision_at_1000_max": 1.0,
        "nauc_precision_at_1000_std": 1.0,
        "nauc_precision_at_1000_diff1": 1.0,
        "nauc_mrr_at_1_max": 0.49062,
        "nauc_mrr_at_1_std": -0.140029,
        "nauc_mrr_at_1_diff1": 0.919216,
        "nauc_mrr_at_3_max": 0.525782,
        "nauc_mrr_at_3_std": -0.20336,
        "nauc_mrr_at_3_diff1": 0.906443,
        "nauc_mrr_at_5_max": 0.521139,
        "nauc_mrr_at_5_std": -0.200993,
        "nauc_mrr_at_5_diff1": 0.909602,
        "nauc_mrr_at_10_max": 0.51928,
        "nauc_mrr_at_10_std": -0.189303,
        "nauc_mrr_at_10_diff1": 0.910776,
        "nauc_mrr_at_20_max": 0.51928,
        "nauc_mrr_at_20_std": -0.189303,
        "nauc_mrr_at_20_diff1": 0.910776,
        "nauc_mrr_at_100_max": 0.519261,
        "nauc_mrr_at_100_std": -0.188442,
        "nauc_mrr_at_100_diff1": 0.910799,
        "nauc_mrr_at_1000_max": 0.519189,
        "nauc_mrr_at_1000_std": -0.188618,
        "nauc_mrr_at_1000_diff1": 0.910786,
        "hit_rate_at_1": 0.88824,
        "hit_rate_at_3": 0.98235,
        "hit_rate_at_5": 0.98824,
        "hit_rate_at_10": 0.99412,
        "hit_rate_at_20": 0.99412,
        "hit_rate_at_100": 0.99706,
        "hit_rate_at_1000": 1.0,
        "main_score": 0.95038,
        "hf_subset": "default",
        "languages": [
          "eng-Latn"
        ]
      }
    ]
  },
  "evaluation_time": 10.74047327041626,
  "kg_co2_emissions": null,
  "date": 1774363389.471084
}