{
  "dataset_revision": "d6628df131c3279007b88fe3e057e809dac056af",
  "task_name": "LLMSpartQA",
  "mteb_version": "2.11.6",
  "scores": {
    "test": [
      {
        "ndcg_at_1": 0.13,
        "ndcg_at_3": 0.16026,
        "ndcg_at_5": 0.18856,
        "ndcg_at_10": 0.22003,
        "ndcg_at_20": 0.23918,
        "ndcg_at_100": 0.28782,
        "ndcg_at_1000": 0.3404,
        "map_at_1": 0.08667,
        "map_at_3": 0.13278,
        "map_at_5": 0.14853,
        "map_at_10": 0.16205,
        "map_at_20": 0.16702,
        "map_at_100": 0.17487,
        "map_at_1000": 0.17734,
        "recall_at_1": 0.08667,
        "recall_at_3": 0.19,
        "recall_at_5": 0.25167,
        "recall_at_10": 0.34167,
        "recall_at_20": 0.40833,
        "recall_at_100": 0.62333,
        "recall_at_1000": 0.965,
        "accuracy": 0.08667,
        "precision_at_1": 0.13,
        "precision_at_3": 0.09,
        "precision_at_5": 0.073,
        "precision_at_10": 0.0485,
        "precision_at_20": 0.02975,
        "precision_at_100": 0.0103,
        "precision_at_1000": 0.0018,
        "mrr_at_1": 0.13,
        "mrr_at_3": 0.19,
        "mrr_at_5": 0.20725,
        "mrr_at_10": 0.220254,
        "mrr_at_20": 0.227016,
        "mrr_at_100": 0.233191,
        "mrr_at_1000": 0.234177,
        "nauc_ndcg_at_1_max": -0.229489,
        "nauc_ndcg_at_1_std": 0.130901,
        "nauc_ndcg_at_1_diff1": 0.161928,
        "nauc_ndcg_at_3_max": -0.132836,
        "nauc_ndcg_at_3_std": 0.343098,
        "nauc_ndcg_at_3_diff1": -0.01571,
        "nauc_ndcg_at_5_max": -0.137274,
        "nauc_ndcg_at_5_std": 0.398365,
        "nauc_ndcg_at_5_diff1": -0.039003,
        "nauc_ndcg_at_10_max": -0.14798,
        "nauc_ndcg_at_10_std": 0.432008,
        "nauc_ndcg_at_10_diff1": -0.043188,
        "nauc_ndcg_at_20_max": -0.143979,
        "nauc_ndcg_at_20_std": 0.417833,
        "nauc_ndcg_at_20_diff1": -0.052404,
        "nauc_ndcg_at_100_max": -0.188995,
        "nauc_ndcg_at_100_std": 0.38829,
        "nauc_ndcg_at_100_diff1": -0.030531,
        "nauc_ndcg_at_1000_max": -0.164466,
        "nauc_ndcg_at_1000_std": 0.367878,
        "nauc_ndcg_at_1000_diff1": -0.014681,
        "nauc_map_at_1_max": -0.149755,
        "nauc_map_at_1_std": 0.297787,
        "nauc_map_at_1_diff1": -0.017638,
        "nauc_map_at_3_max": -0.115261,
        "nauc_map_at_3_std": 0.35748,
        "nauc_map_at_3_diff1": -0.038721,
        "nauc_map_at_5_max": -0.119864,
        "nauc_map_at_5_std": 0.39366,
        "nauc_map_at_5_diff1": -0.051995,
        "nauc_map_at_10_max": -0.128585,
        "nauc_map_at_10_std": 0.409356,
        "nauc_map_at_10_diff1": -0.05389,
        "nauc_map_at_20_max": -0.127712,
        "nauc_map_at_20_std": 0.404689,
        "nauc_map_at_20_diff1": -0.056896,
        "nauc_map_at_100_max": -0.139571,
        "nauc_map_at_100_std": 0.396546,
        "nauc_map_at_100_diff1": -0.050414,
        "nauc_map_at_1000_max": -0.139902,
        "nauc_map_at_1000_std": 0.394948,
        "nauc_map_at_1000_diff1": -0.050045,
        "nauc_recall_at_1_max": -0.149755,
        "nauc_recall_at_1_std": 0.297787,
        "nauc_recall_at_1_diff1": -0.017638,
        "nauc_recall_at_3_max": -0.076042,
        "nauc_recall_at_3_std": 0.390116,
        "nauc_recall_at_3_diff1": -0.048555,
        "nauc_recall_at_5_max": -0.073485,
        "nauc_recall_at_5_std": 0.468349,
        "nauc_recall_at_5_diff1": -0.080244,
        "nauc_recall_at_10_max": -0.089908,
        "nauc_recall_at_10_std": 0.510272,
        "nauc_recall_at_10_diff1": -0.08167,
        "nauc_recall_at_20_max": -0.065471,
        "nauc_recall_at_20_std": 0.465028,
        "nauc_recall_at_20_diff1": -0.11187,
        "nauc_recall_at_100_max": -0.225946,
        "nauc_recall_at_100_std": 0.412302,
        "nauc_recall_at_100_diff1": -0.071043,
        "nauc_recall_at_1000_max": 0.184474,
        "nauc_recall_at_1000_std": 0.446645,
        "nauc_recall_at_1000_diff1": 0.301521,
        "nauc_precision_at_1_max": -0.229489,
        "nauc_precision_at_1_std": 0.130901,
        "nauc_precision_at_1_diff1": 0.161928,
        "nauc_precision_at_3_max": -0.210896,
        "nauc_precision_at_3_std": 0.299641,
        "nauc_precision_at_3_diff1": 0.025437,
        "nauc_precision_at_5_max": -0.23891,
        "nauc_precision_at_5_std": 0.375527,
        "nauc_precision_at_5_diff1": -0.03775,
        "nauc_precision_at_10_max": -0.245821,
        "nauc_precision_at_10_std": 0.411224,
        "nauc_precision_at_10_diff1": -0.036952,
        "nauc_precision_at_20_max": -0.252113,
        "nauc_precision_at_20_std": 0.357515,
        "nauc_precision_at_20_diff1": -0.036969,
        "nauc_precision_at_100_max": -0.283242,
        "nauc_precision_at_100_std": 0.061121,
        "nauc_precision_at_100_diff1": 0.100252,
        "nauc_precision_at_1000_max": 0.006008,
        "nauc_precision_at_1000_std": -0.238024,
        "nauc_precision_at_1000_diff1": 0.146625,
        "nauc_mrr_at_1_max": -0.229489,
        "nauc_mrr_at_1_std": 0.130901,
        "nauc_mrr_at_1_diff1": 0.161928,
        "nauc_mrr_at_3_max": -0.218188,
        "nauc_mrr_at_3_std": 0.231553,
        "nauc_mrr_at_3_diff1": 0.080135,
        "nauc_mrr_at_5_max": -0.219349,
        "nauc_mrr_at_5_std": 0.259007,
        "nauc_mrr_at_5_diff1": 0.064398,
        "nauc_mrr_at_10_max": -0.219975,
        "nauc_mrr_at_10_std": 0.280805,
        "nauc_mrr_at_10_diff1": 0.059457,
        "nauc_mrr_at_20_max": -0.221158,
        "nauc_mrr_at_20_std": 0.274782,
        "nauc_mrr_at_20_diff1": 0.058369,
        "nauc_mrr_at_100_max": -0.221283,
        "nauc_mrr_at_100_std": 0.272766,
        "nauc_mrr_at_100_diff1": 0.059402,
        "nauc_mrr_at_1000_max": -0.220866,
        "nauc_mrr_at_1000_std": 0.272321,
        "nauc_mrr_at_1000_diff1": 0.060345,
        "hit_rate_at_1": 0.13,
        "hit_rate_at_3": 0.265,
        "hit_rate_at_5": 0.34,
        "hit_rate_at_10": 0.435,
        "hit_rate_at_20": 0.535,
        "hit_rate_at_100": 0.755,
        "hit_rate_at_1000": 0.97,
        "main_score": 0.22003,
        "hf_subset": "default",
        "languages": [
          "eng-Latn"
        ]
      }
    ]
  },
  "evaluation_time": 3.819154739379883,
  "kg_co2_emissions": null,
  "date": 1774363395.456163
}