{
  "dataset_revision": "1c61e95df3d70835785db4d70f17d3a16a7bd4ce",
  "task_name": "LLMTempReasonL1",
  "mteb_version": "2.11.6",
  "scores": {
    "test": [
      {
        "ndcg_at_1": 0.02,
        "ndcg_at_3": 0.05155,
        "ndcg_at_5": 0.05585,
        "ndcg_at_10": 0.07808,
        "ndcg_at_20": 0.09558,
        "ndcg_at_100": 0.15525,
        "ndcg_at_1000": 0.20694,
        "map_at_1": 0.02,
        "map_at_3": 0.045,
        "map_at_5": 0.0475,
        "map_at_10": 0.05644,
        "map_at_20": 0.06114,
        "map_at_100": 0.06881,
        "map_at_1000": 0.07064,
        "recall_at_1": 0.02,
        "recall_at_3": 0.07,
        "recall_at_5": 0.08,
        "recall_at_10": 0.15,
        "recall_at_20": 0.22,
        "recall_at_100": 0.55,
        "recall_at_1000": 0.96,
        "accuracy": 0.02,
        "precision_at_1": 0.02,
        "precision_at_3": 0.02333,
        "precision_at_5": 0.016,
        "precision_at_10": 0.015,
        "precision_at_20": 0.011,
        "precision_at_100": 0.0055,
        "precision_at_1000": 0.00096,
        "mrr_at_1": 0.02,
        "mrr_at_3": 0.045,
        "mrr_at_5": 0.0475,
        "mrr_at_10": 0.056444,
        "mrr_at_20": 0.061145,
        "mrr_at_100": 0.068807,
        "mrr_at_1000": 0.070635,
        "nauc_ndcg_at_1_max": 0.830963,
        "nauc_ndcg_at_1_std": 0.323853,
        "nauc_ndcg_at_1_diff1": 0.549235,
        "nauc_ndcg_at_3_max": 0.658907,
        "nauc_ndcg_at_3_std": 0.534892,
        "nauc_ndcg_at_3_diff1": 0.30923,
        "nauc_ndcg_at_5_max": 0.583541,
        "nauc_ndcg_at_5_std": 0.477779,
        "nauc_ndcg_at_5_diff1": 0.336426,
        "nauc_ndcg_at_10_max": 0.477536,
        "nauc_ndcg_at_10_std": 0.475233,
        "nauc_ndcg_at_10_diff1": 0.31172,
        "nauc_ndcg_at_20_max": 0.384159,
        "nauc_ndcg_at_20_std": 0.407856,
        "nauc_ndcg_at_20_diff1": 0.284342,
        "nauc_ndcg_at_100_max": 0.35983,
        "nauc_ndcg_at_100_std": 0.445225,
        "nauc_ndcg_at_100_diff1": 0.144272,
        "nauc_ndcg_at_1000_max": 0.418347,
        "nauc_ndcg_at_1000_std": 0.456515,
        "nauc_ndcg_at_1000_diff1": 0.19535,
        "nauc_map_at_1_max": 0.830963,
        "nauc_map_at_1_std": 0.323853,
        "nauc_map_at_1_diff1": 0.549235,
        "nauc_map_at_3_max": 0.674776,
        "nauc_map_at_3_std": 0.515428,
        "nauc_map_at_3_diff1": 0.331366,
        "nauc_map_at_5_max": 0.622499,
        "nauc_map_at_5_std": 0.477469,
        "nauc_map_at_5_diff1": 0.348764,
        "nauc_map_at_10_max": 0.556412,
        "nauc_map_at_10_std": 0.481125,
        "nauc_map_at_10_diff1": 0.338738,
        "nauc_map_at_20_max": 0.513724,
        "nauc_map_at_20_std": 0.451151,
        "nauc_map_at_20_diff1": 0.3266,
        "nauc_map_at_100_max": 0.50244,
        "nauc_map_at_100_std": 0.461019,
        "nauc_map_at_100_diff1": 0.296746,
        "nauc_map_at_1000_max": 0.505339,
        "nauc_map_at_1000_std": 0.461833,
        "nauc_map_at_1000_diff1": 0.299932,
        "nauc_recall_at_1_max": 0.830963,
        "nauc_recall_at_1_std": 0.323853,
        "nauc_recall_at_1_diff1": 0.549235,
        "nauc_recall_at_3_max": 0.630151,
        "nauc_recall_at_3_std": 0.570164,
        "nauc_recall_at_3_diff1": 0.269117,
        "nauc_recall_at_5_max": 0.511571,
        "nauc_recall_at_5_std": 0.473169,
        "nauc_recall_at_5_diff1": 0.318218,
        "nauc_recall_at_10_max": 0.366052,
        "nauc_recall_at_10_std": 0.459813,
        "nauc_recall_at_10_diff1": 0.27215,
        "nauc_recall_at_20_max": 0.218666,
        "nauc_recall_at_20_std": 0.342745,
        "nauc_recall_at_20_diff1": 0.229543,
        "nauc_recall_at_100_max": 0.191729,
        "nauc_recall_at_100_std": 0.426961,
        "nauc_recall_at_100_diff1": -0.108137,
        "nauc_recall_at_1000_max": 0.435224,
        "nauc_recall_at_1000_std": 0.514006,
        "nauc_recall_at_1000_diff1": -0.662815,
        "nauc_precision_at_1_max": 0.830963,
        "nauc_precision_at_1_std": 0.323853,
        "nauc_precision_at_1_diff1": 0.549235,
        "nauc_precision_at_3_max": 0.630151,
        "nauc_precision_at_3_std": 0.570164,
        "nauc_precision_at_3_diff1": 0.269117,
        "nauc_precision_at_5_max": 0.511571,
        "nauc_precision_at_5_std": 0.473169,
        "nauc_precision_at_5_diff1": 0.318218,
        "nauc_precision_at_10_max": 0.366052,
        "nauc_precision_at_10_std": 0.459813,
        "nauc_precision_at_10_diff1": 0.27215,
        "nauc_precision_at_20_max": 0.218666,
        "nauc_precision_at_20_std": 0.342745,
        "nauc_precision_at_20_diff1": 0.229543,
        "nauc_precision_at_100_max": 0.191729,
        "nauc_precision_at_100_std": 0.426961,
        "nauc_precision_at_100_diff1": -0.108137,
        "nauc_precision_at_1000_max": 0.435224,
        "nauc_precision_at_1000_std": 0.514006,
        "nauc_precision_at_1000_diff1": -0.662815,
        "nauc_mrr_at_1_max": 0.830963,
        "nauc_mrr_at_1_std": 0.323853,
        "nauc_mrr_at_1_diff1": 0.549235,
        "nauc_mrr_at_3_max": 0.674776,
        "nauc_mrr_at_3_std": 0.515428,
        "nauc_mrr_at_3_diff1": 0.331366,
        "nauc_mrr_at_5_max": 0.622499,
        "nauc_mrr_at_5_std": 0.477469,
        "nauc_mrr_at_5_diff1": 0.348764,
        "nauc_mrr_at_10_max": 0.556412,
        "nauc_mrr_at_10_std": 0.481125,
        "nauc_mrr_at_10_diff1": 0.338738,
        "nauc_mrr_at_20_max": 0.513724,
        "nauc_mrr_at_20_std": 0.451151,
        "nauc_mrr_at_20_diff1": 0.3266,
        "nauc_mrr_at_100_max": 0.50244,
        "nauc_mrr_at_100_std": 0.461019,
        "nauc_mrr_at_100_diff1": 0.296746,
        "nauc_mrr_at_1000_max": 0.505339,
        "nauc_mrr_at_1000_std": 0.461833,
        "nauc_mrr_at_1000_diff1": 0.299932,
        "hit_rate_at_1": 0.02,
        "hit_rate_at_3": 0.07,
        "hit_rate_at_5": 0.08,
        "hit_rate_at_10": 0.15,
        "hit_rate_at_20": 0.22,
        "hit_rate_at_100": 0.55,
        "hit_rate_at_1000": 0.96,
        "main_score": 0.07808,
        "hf_subset": "default",
        "languages": [
          "eng-Latn"
        ]
      }
    ]
  },
  "evaluation_time": 18.64875888824463,
  "kg_co2_emissions": null,
  "date": 1774363365.548316
}