{
  "dataset_revision": "31f9b918c30ef94e15a168cb95ca4ebf291396eb",
  "task_name": "LLMTwitterHjerneRetrieval",
  "mteb_version": "2.11.6",
  "scores": {
    "train": [
      {
        "ndcg_at_1": 0.92208,
        "ndcg_at_3": 0.80487,
        "ndcg_at_5": 0.78882,
        "ndcg_at_10": 0.81681,
        "ndcg_at_20": 0.84518,
        "ndcg_at_100": 0.8622,
        "ndcg_at_1000": 0.87034,
        "map_at_1": 0.2987,
        "map_at_3": 0.62576,
        "map_at_5": 0.71541,
        "map_at_10": 0.74586,
        "map_at_20": 0.76126,
        "map_at_100": 0.76647,
        "map_at_1000": 0.76732,
        "recall_at_1": 0.2987,
        "recall_at_3": 0.63874,
        "recall_at_5": 0.74351,
        "recall_at_10": 0.81255,
        "recall_at_20": 0.89286,
        "recall_at_100": 0.95476,
        "recall_at_1000": 1.0,
        "accuracy": 0.2987,
        "precision_at_1": 0.92208,
        "precision_at_3": 0.70563,
        "precision_at_5": 0.51688,
        "precision_at_10": 0.28312,
        "precision_at_20": 0.1539,
        "precision_at_100": 0.03286,
        "precision_at_1000": 0.0034,
        "mrr_at_1": 0.922078,
        "mrr_at_3": 0.937229,
        "mrr_at_5": 0.937229,
        "mrr_at_10": 0.938528,
        "mrr_at_20": 0.93934,
        "mrr_at_100": 0.93934,
        "mrr_at_1000": 0.939395,
        "nauc_ndcg_at_1_max": 0.328598,
        "nauc_ndcg_at_1_std": 0.024176,
        "nauc_ndcg_at_1_diff1": 0.564798,
        "nauc_ndcg_at_3_max": 0.504835,
        "nauc_ndcg_at_3_std": 0.045213,
        "nauc_ndcg_at_3_diff1": 0.155799,
        "nauc_ndcg_at_5_max": 0.465905,
        "nauc_ndcg_at_5_std": 0.033754,
        "nauc_ndcg_at_5_diff1": 0.156714,
        "nauc_ndcg_at_10_max": 0.482532,
        "nauc_ndcg_at_10_std": 0.027319,
        "nauc_ndcg_at_10_diff1": 0.23521,
        "nauc_ndcg_at_20_max": 0.485962,
        "nauc_ndcg_at_20_std": 0.120978,
        "nauc_ndcg_at_20_diff1": 0.223104,
        "nauc_ndcg_at_100_max": 0.464447,
        "nauc_ndcg_at_100_std": 0.100436,
        "nauc_ndcg_at_100_diff1": 0.203019,
        "nauc_ndcg_at_1000_max": 0.480297,
        "nauc_ndcg_at_1000_std": 0.1011,
        "nauc_ndcg_at_1000_diff1": 0.221324,
        "nauc_map_at_1_max": -0.10106,
        "nauc_map_at_1_std": -0.253442,
        "nauc_map_at_1_diff1": 0.23903,
        "nauc_map_at_3_max": 0.271074,
        "nauc_map_at_3_std": -0.135952,
        "nauc_map_at_3_diff1": 0.147124,
        "nauc_map_at_5_max": 0.410648,
        "nauc_map_at_5_std": -0.042166,
        "nauc_map_at_5_diff1": 0.092149,
        "nauc_map_at_10_max": 0.440554,
        "nauc_map_at_10_std": -0.027214,
        "nauc_map_at_10_diff1": 0.135899,
        "nauc_map_at_20_max": 0.449495,
        "nauc_map_at_20_std": 0.022001,
        "nauc_map_at_20_diff1": 0.139551,
        "nauc_map_at_100_max": 0.444602,
        "nauc_map_at_100_std": 0.016939,
        "nauc_map_at_100_diff1": 0.132458,
        "nauc_map_at_1000_max": 0.44565,
        "nauc_map_at_1000_std": 0.017927,
        "nauc_map_at_1000_diff1": 0.133539,
        "nauc_recall_at_1_max": -0.10106,
        "nauc_recall_at_1_std": -0.253442,
        "nauc_recall_at_1_diff1": 0.23903,
        "nauc_recall_at_3_max": 0.301622,
        "nauc_recall_at_3_std": -0.09752,
        "nauc_recall_at_3_diff1": 0.137611,
        "nauc_recall_at_5_max": 0.439749,
        "nauc_recall_at_5_std": 0.022156,
        "nauc_recall_at_5_diff1": 0.104772,
        "nauc_recall_at_10_max": 0.506401,
        "nauc_recall_at_10_std": 0.02813,
        "nauc_recall_at_10_diff1": 0.266814,
        "nauc_recall_at_20_max": 0.455062,
        "nauc_recall_at_20_std": 0.252389,
        "nauc_recall_at_20_diff1": 0.18173,
        "nauc_recall_at_100_max": 0.240936,
        "nauc_recall_at_100_std": 0.199508,
        "nauc_recall_at_100_diff1": -0.006799,
        "nauc_recall_at_1000_max": NaN,
        "nauc_recall_at_1000_std": NaN,
        "nauc_recall_at_1000_diff1": NaN,
        "nauc_precision_at_1_max": 0.328598,
        "nauc_precision_at_1_std": 0.024176,
        "nauc_precision_at_1_diff1": 0.564798,
        "nauc_precision_at_3_max": 0.485961,
        "nauc_precision_at_3_std": 0.141781,
        "nauc_precision_at_3_diff1": 0.022127,
        "nauc_precision_at_5_max": 0.401845,
        "nauc_precision_at_5_std": 0.194223,
        "nauc_precision_at_5_diff1": -0.025852,
        "nauc_precision_at_10_max": 0.3786,
        "nauc_precision_at_10_std": 0.197448,
        "nauc_precision_at_10_diff1": 0.037799,
        "nauc_precision_at_20_max": 0.337228,
        "nauc_precision_at_20_std": 0.337884,
        "nauc_precision_at_20_diff1": -0.000863,
        "nauc_precision_at_100_max": 0.25865,
        "nauc_precision_at_100_std": 0.320507,
        "nauc_precision_at_100_diff1": -0.055493,
        "nauc_precision_at_1000_max": 0.238965,
        "nauc_precision_at_1000_std": 0.329362,
        "nauc_precision_at_1000_diff1": -0.051955,
        "nauc_mrr_at_1_max": 0.328598,
        "nauc_mrr_at_1_std": 0.024176,
        "nauc_mrr_at_1_diff1": 0.564798,
        "nauc_mrr_at_3_max": 0.529459,
        "nauc_mrr_at_3_std": 0.268469,
        "nauc_mrr_at_3_diff1": 0.649359,
        "nauc_mrr_at_5_max": 0.529459,
        "nauc_mrr_at_5_std": 0.268469,
        "nauc_mrr_at_5_diff1": 0.649359,
        "nauc_mrr_at_10_max": 0.519518,
        "nauc_mrr_at_10_std": 0.255788,
        "nauc_mrr_at_10_diff1": 0.655517,
        "nauc_mrr_at_20_max": 0.514846,
        "nauc_mrr_at_20_std": 0.247587,
        "nauc_mrr_at_20_diff1": 0.650907,
        "nauc_mrr_at_100_max": 0.514846,
        "nauc_mrr_at_100_std": 0.247587,
        "nauc_mrr_at_100_diff1": 0.650907,
        "nauc_mrr_at_1000_max": 0.514407,
        "nauc_mrr_at_1000_std": 0.246906,
        "nauc_mrr_at_1000_diff1": 0.650592,
        "hit_rate_at_1": 0.92208,
        "hit_rate_at_3": 0.96104,
        "hit_rate_at_5": 0.96104,
        "hit_rate_at_10": 0.97403,
        "hit_rate_at_20": 0.98701,
        "hit_rate_at_100": 0.98701,
        "hit_rate_at_1000": 1.0,
        "main_score": 0.81681,
        "hf_subset": "default",
        "languages": [
          "dan-Latn"
        ]
      }
    ]
  },
  "evaluation_time": 1.4950380325317383,
  "kg_co2_emissions": null,
  "date": 1774363398.983289
}