{
  "dataset_revision": "bc2a1e4c24771a6f3432578016cfb737732398fd",
  "task_name": "LLMWinoGrande",
  "mteb_version": "2.11.6",
  "scores": {
    "test": [
      {
        "ndcg_at_1": 0.305,
        "ndcg_at_3": 0.44648,
        "ndcg_at_5": 0.51966,
        "ndcg_at_10": 0.56891,
        "ndcg_at_20": 0.5852,
        "ndcg_at_100": 0.59365,
        "ndcg_at_1000": 0.59579,
        "map_at_1": 0.305,
        "map_at_3": 0.41083,
        "map_at_5": 0.45208,
        "map_at_10": 0.47285,
        "map_at_20": 0.47723,
        "map_at_100": 0.47842,
        "map_at_1000": 0.47854,
        "recall_at_1": 0.305,
        "recall_at_3": 0.55,
        "recall_at_5": 0.725,
        "recall_at_10": 0.875,
        "recall_at_20": 0.94,
        "recall_at_100": 0.985,
        "recall_at_1000": 1.0,
        "accuracy": 0.305,
        "precision_at_1": 0.305,
        "precision_at_3": 0.18333,
        "precision_at_5": 0.145,
        "precision_at_10": 0.0875,
        "precision_at_20": 0.047,
        "precision_at_100": 0.00985,
        "precision_at_1000": 0.001,
        "mrr_at_1": 0.305,
        "mrr_at_3": 0.410833,
        "mrr_at_5": 0.452083,
        "mrr_at_10": 0.472849,
        "mrr_at_20": 0.477228,
        "mrr_at_100": 0.478421,
        "mrr_at_1000": 0.478541,
        "nauc_ndcg_at_1_max": -0.078538,
        "nauc_ndcg_at_1_std": -0.077642,
        "nauc_ndcg_at_1_diff1": 0.175285,
        "nauc_ndcg_at_3_max": -0.102699,
        "nauc_ndcg_at_3_std": -0.177784,
        "nauc_ndcg_at_3_diff1": 0.216726,
        "nauc_ndcg_at_5_max": -0.168366,
        "nauc_ndcg_at_5_std": -0.239357,
        "nauc_ndcg_at_5_diff1": 0.171983,
        "nauc_ndcg_at_10_max": -0.16768,
        "nauc_ndcg_at_10_std": -0.243926,
        "nauc_ndcg_at_10_diff1": 0.168855,
        "nauc_ndcg_at_20_max": -0.162848,
        "nauc_ndcg_at_20_std": -0.222237,
        "nauc_ndcg_at_20_diff1": 0.15336,
        "nauc_ndcg_at_100_max": -0.141732,
        "nauc_ndcg_at_100_std": -0.200538,
        "nauc_ndcg_at_100_diff1": 0.172492,
        "nauc_ndcg_at_1000_max": -0.137996,
        "nauc_ndcg_at_1000_std": -0.194848,
        "nauc_ndcg_at_1000_diff1": 0.173733,
        "nauc_map_at_1_max": -0.078538,
        "nauc_map_at_1_std": -0.077642,
        "nauc_map_at_1_diff1": 0.175285,
        "nauc_map_at_3_max": -0.093411,
        "nauc_map_at_3_std": -0.149978,
        "nauc_map_at_3_diff1": 0.20658,
        "nauc_map_at_5_max": -0.126916,
        "nauc_map_at_5_std": -0.180529,
        "nauc_map_at_5_diff1": 0.182552,
        "nauc_map_at_10_max": -0.126049,
        "nauc_map_at_10_std": -0.180282,
        "nauc_map_at_10_diff1": 0.182019,
        "nauc_map_at_20_max": -0.124723,
        "nauc_map_at_20_std": -0.175417,
        "nauc_map_at_20_diff1": 0.178538,
        "nauc_map_at_100_max": -0.122562,
        "nauc_map_at_100_std": -0.173085,
        "nauc_map_at_100_diff1": 0.180346,
        "nauc_map_at_1000_max": -0.122352,
        "nauc_map_at_1000_std": -0.172747,
        "nauc_map_at_1000_diff1": 0.180409,
        "nauc_recall_at_1_max": -0.078538,
        "nauc_recall_at_1_std": -0.077642,
        "nauc_recall_at_1_diff1": 0.175285,
        "nauc_recall_at_3_max": -0.13184,
        "nauc_recall_at_3_std": -0.262143,
        "nauc_recall_at_3_diff1": 0.246999,
        "nauc_recall_at_5_max": -0.343835,
        "nauc_recall_at_5_std": -0.48035,
        "nauc_recall_at_5_diff1": 0.122177,
        "nauc_recall_at_10_max": -0.49093,
        "nauc_recall_at_10_std": -0.730988,
        "nauc_recall_at_10_diff1": 0.051237,
        "nauc_recall_at_20_max": -0.731793,
        "nauc_recall_at_20_std": -0.842904,
        "nauc_recall_at_20_diff1": -0.31641,
        "nauc_recall_at_100_max": -0.530812,
        "nauc_recall_at_100_std": -0.779178,
        "nauc_recall_at_100_diff1": 0.037815,
        "nauc_recall_at_1000_max": NaN,
        "nauc_recall_at_1000_std": NaN,
        "nauc_recall_at_1000_diff1": NaN,
        "nauc_precision_at_1_max": -0.078538,
        "nauc_precision_at_1_std": -0.077642,
        "nauc_precision_at_1_diff1": 0.175285,
        "nauc_precision_at_3_max": -0.13184,
        "nauc_precision_at_3_std": -0.262143,
        "nauc_precision_at_3_diff1": 0.246999,
        "nauc_precision_at_5_max": -0.343835,
        "nauc_precision_at_5_std": -0.48035,
        "nauc_precision_at_5_diff1": 0.122177,
        "nauc_precision_at_10_max": -0.49093,
        "nauc_precision_at_10_std": -0.730988,
        "nauc_precision_at_10_diff1": 0.051237,
        "nauc_precision_at_20_max": -0.731793,
        "nauc_precision_at_20_std": -0.842904,
        "nauc_precision_at_20_diff1": -0.31641,
        "nauc_precision_at_100_max": -0.530812,
        "nauc_precision_at_100_std": -0.779178,
        "nauc_precision_at_100_diff1": 0.037815,
        "nauc_precision_at_1000_max": 1.0,
        "nauc_precision_at_1000_std": 1.0,
        "nauc_precision_at_1000_diff1": 1.0,
        "nauc_mrr_at_1_max": -0.078538,
        "nauc_mrr_at_1_std": -0.077642,
        "nauc_mrr_at_1_diff1": 0.175285,
        "nauc_mrr_at_3_max": -0.093411,
        "nauc_mrr_at_3_std": -0.149978,
        "nauc_mrr_at_3_diff1": 0.20658,
        "nauc_mrr_at_5_max": -0.126916,
        "nauc_mrr_at_5_std": -0.180529,
        "nauc_mrr_at_5_diff1": 0.182552,
        "nauc_mrr_at_10_max": -0.126049,
        "nauc_mrr_at_10_std": -0.180282,
        "nauc_mrr_at_10_diff1": 0.182019,
        "nauc_mrr_at_20_max": -0.124723,
        "nauc_mrr_at_20_std": -0.175417,
        "nauc_mrr_at_20_diff1": 0.178538,
        "nauc_mrr_at_100_max": -0.122562,
        "nauc_mrr_at_100_std": -0.173085,
        "nauc_mrr_at_100_diff1": 0.180346,
        "nauc_mrr_at_1000_max": -0.122352,
        "nauc_mrr_at_1000_std": -0.172747,
        "nauc_mrr_at_1000_diff1": 0.180409,
        "hit_rate_at_1": 0.305,
        "hit_rate_at_3": 0.55,
        "hit_rate_at_5": 0.725,
        "hit_rate_at_10": 0.875,
        "hit_rate_at_20": 0.94,
        "hit_rate_at_100": 0.985,
        "hit_rate_at_1000": 1.0,
        "main_score": 0.56891,
        "hf_subset": "default",
        "languages": [
          "eng-Latn"
        ]
      }
    ]
  },
  "evaluation_time": 5.6906139850616455,
  "kg_co2_emissions": null,
  "date": 1774363406.782506
}