{
  "dataset_revision": "a2acf12d293ea934823ca26752a05c5bfab24dff",
  "task_name": "LLMAILAStatutes",
  "mteb_version": "2.11.6",
  "scores": {
    "test": [
      {
        "ndcg_at_1": 0.14,
        "ndcg_at_3": 0.16694,
        "ndcg_at_5": 0.16703,
        "ndcg_at_10": 0.22766,
        "ndcg_at_20": 0.28171,
        "ndcg_at_100": 0.45512,
        "ndcg_at_1000": 0.45512,
        "map_at_1": 0.033,
        "map_at_3": 0.08717,
        "map_at_5": 0.10415,
        "map_at_10": 0.13464,
        "map_at_20": 0.15122,
        "map_at_100": 0.1998,
        "map_at_1000": 0.1998,
        "recall_at_1": 0.033,
        "recall_at_3": 0.126,
        "recall_at_5": 0.17767,
        "recall_at_10": 0.29267,
        "recall_at_20": 0.42633,
        "recall_at_100": 1.0,
        "recall_at_1000": 1.0,
        "accuracy": 0.033,
        "precision_at_1": 0.14,
        "precision_at_3": 0.16667,
        "precision_at_5": 0.14,
        "precision_at_10": 0.122,
        "precision_at_20": 0.091,
        "precision_at_100": 0.0434,
        "precision_at_1000": 0.00434,
        "mrr_at_1": 0.14,
        "mrr_at_3": 0.236667,
        "mrr_at_5": 0.262667,
        "mrr_at_10": 0.292468,
        "mrr_at_20": 0.307732,
        "mrr_at_100": 0.310846,
        "mrr_at_1000": 0.310846,
        "nauc_ndcg_at_1_max": 0.146421,
        "nauc_ndcg_at_1_std": -0.108532,
        "nauc_ndcg_at_1_diff1": 0.025584,
        "nauc_ndcg_at_3_max": 0.146132,
        "nauc_ndcg_at_3_std": 0.095291,
        "nauc_ndcg_at_3_diff1": -0.030149,
        "nauc_ndcg_at_5_max": 0.151598,
        "nauc_ndcg_at_5_std": 0.274662,
        "nauc_ndcg_at_5_diff1": -0.066984,
        "nauc_ndcg_at_10_max": 0.094411,
        "nauc_ndcg_at_10_std": 0.206427,
        "nauc_ndcg_at_10_diff1": -0.135222,
        "nauc_ndcg_at_20_max": 0.074738,
        "nauc_ndcg_at_20_std": 0.159141,
        "nauc_ndcg_at_20_diff1": -0.113644,
        "nauc_ndcg_at_100_max": 0.110359,
        "nauc_ndcg_at_100_std": 0.142245,
        "nauc_ndcg_at_100_diff1": -0.071944,
        "nauc_ndcg_at_1000_max": 0.110359,
        "nauc_ndcg_at_1000_std": 0.142245,
        "nauc_ndcg_at_1000_diff1": -0.071944,
        "nauc_map_at_1_max": 0.148923,
        "nauc_map_at_1_std": -0.086271,
        "nauc_map_at_1_diff1": 0.062164,
        "nauc_map_at_3_max": 0.169478,
        "nauc_map_at_3_std": 0.068955,
        "nauc_map_at_3_diff1": -0.007982,
        "nauc_map_at_5_max": 0.162323,
        "nauc_map_at_5_std": 0.187738,
        "nauc_map_at_5_diff1": -0.049877,
        "nauc_map_at_10_max": 0.148041,
        "nauc_map_at_10_std": 0.171667,
        "nauc_map_at_10_diff1": -0.083673,
        "nauc_map_at_20_max": 0.133231,
        "nauc_map_at_20_std": 0.152342,
        "nauc_map_at_20_diff1": -0.081318,
        "nauc_map_at_100_max": 0.150875,
        "nauc_map_at_100_std": 0.158598,
        "nauc_map_at_100_diff1": -0.070822,
        "nauc_map_at_1000_max": 0.150875,
        "nauc_map_at_1000_std": 0.158598,
        "nauc_map_at_1000_diff1": -0.070822,
        "nauc_recall_at_1_max": 0.148923,
        "nauc_recall_at_1_std": -0.086271,
        "nauc_recall_at_1_diff1": 0.062164,
        "nauc_recall_at_3_max": 0.202517,
        "nauc_recall_at_3_std": 0.208742,
        "nauc_recall_at_3_diff1": -0.01053,
        "nauc_recall_at_5_max": 0.161649,
        "nauc_recall_at_5_std": 0.442514,
        "nauc_recall_at_5_diff1": -0.101967,
        "nauc_recall_at_10_max": 0.054956,
        "nauc_recall_at_10_std": 0.281674,
        "nauc_recall_at_10_diff1": -0.212324,
        "nauc_recall_at_20_max": -0.00297,
        "nauc_recall_at_20_std": 0.177489,
        "nauc_recall_at_20_diff1": -0.155308,
        "nauc_recall_at_100_max": NaN,
        "nauc_recall_at_100_std": NaN,
        "nauc_recall_at_100_diff1": NaN,
        "nauc_recall_at_1000_max": NaN,
        "nauc_recall_at_1000_std": NaN,
        "nauc_recall_at_1000_diff1": NaN,
        "nauc_precision_at_1_max": 0.146421,
        "nauc_precision_at_1_std": -0.108532,
        "nauc_precision_at_1_diff1": 0.025584,
        "nauc_precision_at_3_max": 0.134706,
        "nauc_precision_at_3_std": 0.151569,
        "nauc_precision_at_3_diff1": -0.016473,
        "nauc_precision_at_5_max": 0.107222,
        "nauc_precision_at_5_std": 0.401518,
        "nauc_precision_at_5_diff1": -0.104504,
        "nauc_precision_at_10_max": 0.019609,
        "nauc_precision_at_10_std": 0.221144,
        "nauc_precision_at_10_diff1": -0.220827,
        "nauc_precision_at_20_max": -0.056027,
        "nauc_precision_at_20_std": 0.075011,
        "nauc_precision_at_20_diff1": -0.149847,
        "nauc_precision_at_100_max": -0.183348,
        "nauc_precision_at_100_std": -0.327857,
        "nauc_precision_at_100_diff1": 0.120214,
        "nauc_precision_at_1000_max": -0.183348,
        "nauc_precision_at_1000_std": -0.327857,
        "nauc_precision_at_1000_diff1": 0.120214,
        "nauc_mrr_at_1_max": 0.146421,
        "nauc_mrr_at_1_std": -0.108532,
        "nauc_mrr_at_1_diff1": 0.025584,
        "nauc_mrr_at_3_max": 0.132971,
        "nauc_mrr_at_3_std": 0.097178,
        "nauc_mrr_at_3_diff1": -0.020069,
        "nauc_mrr_at_5_max": 0.117049,
        "nauc_mrr_at_5_std": 0.166228,
        "nauc_mrr_at_5_diff1": -0.052009,
        "nauc_mrr_at_10_max": 0.073672,
        "nauc_mrr_at_10_std": 0.107993,
        "nauc_mrr_at_10_diff1": -0.091106,
        "nauc_mrr_at_20_max": 0.083797,
        "nauc_mrr_at_20_std": 0.093528,
        "nauc_mrr_at_20_diff1": -0.075672,
        "nauc_mrr_at_100_max": 0.089941,
        "nauc_mrr_at_100_std": 0.09584,
        "nauc_mrr_at_100_diff1": -0.071071,
        "nauc_mrr_at_1000_max": 0.089941,
        "nauc_mrr_at_1000_std": 0.09584,
        "nauc_mrr_at_1000_diff1": -0.071071,
        "hit_rate_at_1": 0.14,
        "hit_rate_at_3": 0.36,
        "hit_rate_at_5": 0.48,
        "hit_rate_at_10": 0.7,
        "hit_rate_at_20": 0.92,
        "hit_rate_at_100": 1.0,
        "hit_rate_at_1000": 1.0,
        "main_score": 0.22766,
        "hf_subset": "default",
        "languages": [
          "eng-Latn"
        ]
      }
    ]
  },
  "evaluation_time": 7.064989328384399,
  "kg_co2_emissions": null,
  "date": 1774450414.944715
}