{
  "dataset_revision": "d6628df131c3279007b88fe3e057e809dac056af",
  "task_name": "LLMSpartQA",
  "mteb_version": "2.11.6",
  "scores": {
    "test": [
      {
        "ndcg_at_1": 0.025,
        "ndcg_at_3": 0.02902,
        "ndcg_at_5": 0.04465,
        "ndcg_at_10": 0.05439,
        "ndcg_at_20": 0.07324,
        "ndcg_at_100": 0.10448,
        "ndcg_at_1000": 0.13382,
        "map_at_1": 0.01833,
        "map_at_3": 0.02472,
        "map_at_5": 0.03314,
        "map_at_10": 0.03699,
        "map_at_20": 0.04182,
        "map_at_100": 0.04622,
        "map_at_1000": 0.047,
        "recall_at_1": 0.01833,
        "recall_at_3": 0.035,
        "recall_at_5": 0.07,
        "recall_at_10": 0.095,
        "recall_at_20": 0.16167,
        "recall_at_100": 0.31333,
        "recall_at_1000": 0.51833,
        "accuracy": 0.01833,
        "precision_at_1": 0.025,
        "precision_at_3": 0.015,
        "precision_at_5": 0.018,
        "precision_at_10": 0.0135,
        "precision_at_20": 0.01225,
        "precision_at_100": 0.0046,
        "precision_at_1000": 0.00089,
        "mrr_at_1": 0.025,
        "mrr_at_3": 0.0325,
        "mrr_at_5": 0.04325,
        "mrr_at_10": 0.049103,
        "mrr_at_20": 0.055308,
        "mrr_at_100": 0.060673,
        "mrr_at_1000": 0.061615,
        "nauc_ndcg_at_1_max": -0.440301,
        "nauc_ndcg_at_1_std": 0.312584,
        "nauc_ndcg_at_1_diff1": -0.444594,
        "nauc_ndcg_at_3_max": -0.413705,
        "nauc_ndcg_at_3_std": 0.408373,
        "nauc_ndcg_at_3_diff1": -0.323099,
        "nauc_ndcg_at_5_max": -0.30416,
        "nauc_ndcg_at_5_std": 0.457439,
        "nauc_ndcg_at_5_diff1": -0.241392,
        "nauc_ndcg_at_10_max": -0.320334,
        "nauc_ndcg_at_10_std": 0.45762,
        "nauc_ndcg_at_10_diff1": -0.273091,
        "nauc_ndcg_at_20_max": -0.21566,
        "nauc_ndcg_at_20_std": 0.371879,
        "nauc_ndcg_at_20_diff1": -0.131518,
        "nauc_ndcg_at_100_max": -0.134151,
        "nauc_ndcg_at_100_std": 0.238684,
        "nauc_ndcg_at_100_diff1": -0.074291,
        "nauc_ndcg_at_1000_max": -0.159811,
        "nauc_ndcg_at_1000_std": 0.309955,
        "nauc_ndcg_at_1000_diff1": -0.101908,
        "nauc_map_at_1_max": -0.438008,
        "nauc_map_at_1_std": 0.380199,
        "nauc_map_at_1_diff1": -0.443862,
        "nauc_map_at_3_max": -0.413692,
        "nauc_map_at_3_std": 0.401724,
        "nauc_map_at_3_diff1": -0.339349,
        "nauc_map_at_5_max": -0.332411,
        "nauc_map_at_5_std": 0.445342,
        "nauc_map_at_5_diff1": -0.27834,
        "nauc_map_at_10_max": -0.338801,
        "nauc_map_at_10_std": 0.452012,
        "nauc_map_at_10_diff1": -0.295327,
        "nauc_map_at_20_max": -0.295398,
        "nauc_map_at_20_std": 0.413218,
        "nauc_map_at_20_diff1": -0.234087,
        "nauc_map_at_100_max": -0.277616,
        "nauc_map_at_100_std": 0.376633,
        "nauc_map_at_100_diff1": -0.219429,
        "nauc_map_at_1000_max": -0.278036,
        "nauc_map_at_1000_std": 0.379654,
        "nauc_map_at_1000_diff1": -0.220588,
        "nauc_recall_at_1_max": -0.438008,
        "nauc_recall_at_1_std": 0.380199,
        "nauc_recall_at_1_diff1": -0.443862,
        "nauc_recall_at_3_max": -0.403069,
        "nauc_recall_at_3_std": 0.458009,
        "nauc_recall_at_3_diff1": -0.261132,
        "nauc_recall_at_5_max": -0.252111,
        "nauc_recall_at_5_std": 0.519031,
        "nauc_recall_at_5_diff1": -0.17959,
        "nauc_recall_at_10_max": -0.28407,
        "nauc_recall_at_10_std": 0.504678,
        "nauc_recall_at_10_diff1": -0.244359,
        "nauc_recall_at_20_max": -0.111528,
        "nauc_recall_at_20_std": 0.333484,
        "nauc_recall_at_20_diff1": -0.011857,
        "nauc_recall_at_100_max": 0.023525,
        "nauc_recall_at_100_std": 0.076541,
        "nauc_recall_at_100_diff1": 0.071054,
        "nauc_recall_at_1000_max": -0.038625,
        "nauc_recall_at_1000_std": 0.268855,
        "nauc_recall_at_1000_diff1": -0.006217,
        "nauc_precision_at_1_max": -0.440301,
        "nauc_precision_at_1_std": 0.312584,
        "nauc_precision_at_1_diff1": -0.444594,
        "nauc_precision_at_3_max": -0.422234,
        "nauc_precision_at_3_std": 0.424023,
        "nauc_precision_at_3_diff1": -0.311839,
        "nauc_precision_at_5_max": -0.268312,
        "nauc_precision_at_5_std": 0.447456,
        "nauc_precision_at_5_diff1": -0.187282,
        "nauc_precision_at_10_max": -0.32174,
        "nauc_precision_at_10_std": 0.433098,
        "nauc_precision_at_10_diff1": -0.253296,
        "nauc_precision_at_20_max": -0.123684,
        "nauc_precision_at_20_std": 0.283196,
        "nauc_precision_at_20_diff1": 0.01185,
        "nauc_precision_at_100_max": 0.05896,
        "nauc_precision_at_100_std": 0.043004,
        "nauc_precision_at_100_diff1": 0.125236,
        "nauc_precision_at_1000_max": -0.02568,
        "nauc_precision_at_1000_std": 0.195792,
        "nauc_precision_at_1000_diff1": 0.047237,
        "nauc_mrr_at_1_max": -0.440301,
        "nauc_mrr_at_1_std": 0.312584,
        "nauc_mrr_at_1_diff1": -0.444594,
        "nauc_mrr_at_3_max": -0.425949,
        "nauc_mrr_at_3_std": 0.354193,
        "nauc_mrr_at_3_diff1": -0.369397,
        "nauc_mrr_at_5_max": -0.346802,
        "nauc_mrr_at_5_std": 0.379035,
        "nauc_mrr_at_5_diff1": -0.293082,
        "nauc_mrr_at_10_max": -0.354256,
        "nauc_mrr_at_10_std": 0.378491,
        "nauc_mrr_at_10_diff1": -0.303366,
        "nauc_mrr_at_20_max": -0.304814,
        "nauc_mrr_at_20_std": 0.354173,
        "nauc_mrr_at_20_diff1": -0.242301,
        "nauc_mrr_at_100_max": -0.277984,
        "nauc_mrr_at_100_std": 0.323035,
        "nauc_mrr_at_100_diff1": -0.227209,
        "nauc_mrr_at_1000_max": -0.278462,
        "nauc_mrr_at_1000_std": 0.32408,
        "nauc_mrr_at_1000_diff1": -0.228331,
        "hit_rate_at_1": 0.025,
        "hit_rate_at_3": 0.045,
        "hit_rate_at_5": 0.09,
        "hit_rate_at_10": 0.13,
        "hit_rate_at_20": 0.22,
        "hit_rate_at_100": 0.42,
        "hit_rate_at_1000": 0.695,
        "main_score": 0.05439,
        "hf_subset": "default",
        "languages": [
          "eng-Latn"
        ]
      }
    ]
  },
  "evaluation_time": 1.4735808372497559,
  "kg_co2_emissions": null,
  "date": 1774450425.543586
}