{
  "dataset_revision": "31f9b918c30ef94e15a168cb95ca4ebf291396eb",
  "task_name": "LLMTwitterHjerneRetrieval",
  "mteb_version": "2.11.6",
  "scores": {
    "train": [
      {
        "ndcg_at_1": 0.80519,
        "ndcg_at_3": 0.71697,
        "ndcg_at_5": 0.71098,
        "ndcg_at_10": 0.76301,
        "ndcg_at_20": 0.78629,
        "ndcg_at_100": 0.81405,
        "ndcg_at_1000": 0.81863,
        "map_at_1": 0.26104,
        "map_at_3": 0.54102,
        "map_at_5": 0.61876,
        "map_at_10": 0.66399,
        "map_at_20": 0.6774,
        "map_at_100": 0.68558,
        "map_at_1000": 0.68604,
        "recall_at_1": 0.26104,
        "recall_at_3": 0.58203,
        "recall_at_5": 0.68723,
        "recall_at_10": 0.80909,
        "recall_at_20": 0.87424,
        "recall_at_100": 0.97684,
        "recall_at_1000": 1.0,
        "accuracy": 0.26104,
        "precision_at_1": 0.80519,
        "precision_at_3": 0.63636,
        "precision_at_5": 0.47273,
        "precision_at_10": 0.27662,
        "precision_at_20": 0.1487,
        "precision_at_100": 0.03325,
        "precision_at_1000": 0.0034,
        "mrr_at_1": 0.805195,
        "mrr_at_3": 0.87013,
        "mrr_at_5": 0.87013,
        "mrr_at_10": 0.875216,
        "mrr_at_20": 0.876397,
        "mrr_at_100": 0.876397,
        "mrr_at_1000": 0.876397,
        "nauc_ndcg_at_1_max": 0.68623,
        "nauc_ndcg_at_1_std": 0.180622,
        "nauc_ndcg_at_1_diff1": 0.649881,
        "nauc_ndcg_at_3_max": 0.634809,
        "nauc_ndcg_at_3_std": 0.160022,
        "nauc_ndcg_at_3_diff1": 0.404931,
        "nauc_ndcg_at_5_max": 0.584499,
        "nauc_ndcg_at_5_std": 0.129225,
        "nauc_ndcg_at_5_diff1": 0.421322,
        "nauc_ndcg_at_10_max": 0.583178,
        "nauc_ndcg_at_10_std": 0.159883,
        "nauc_ndcg_at_10_diff1": 0.395691,
        "nauc_ndcg_at_20_max": 0.615772,
        "nauc_ndcg_at_20_std": 0.168737,
        "nauc_ndcg_at_20_diff1": 0.396092,
        "nauc_ndcg_at_100_max": 0.628494,
        "nauc_ndcg_at_100_std": 0.172831,
        "nauc_ndcg_at_100_diff1": 0.428843,
        "nauc_ndcg_at_1000_max": 0.621327,
        "nauc_ndcg_at_1000_std": 0.165667,
        "nauc_ndcg_at_1000_diff1": 0.423618,
        "nauc_map_at_1_max": 0.043741,
        "nauc_map_at_1_std": -0.24083,
        "nauc_map_at_1_diff1": 0.313355,
        "nauc_map_at_3_max": 0.378848,
        "nauc_map_at_3_std": -0.054207,
        "nauc_map_at_3_diff1": 0.362367,
        "nauc_map_at_5_max": 0.526479,
        "nauc_map_at_5_std": 0.067375,
        "nauc_map_at_5_diff1": 0.368103,
        "nauc_map_at_10_max": 0.544064,
        "nauc_map_at_10_std": 0.101189,
        "nauc_map_at_10_diff1": 0.35814,
        "nauc_map_at_20_max": 0.563447,
        "nauc_map_at_20_std": 0.108114,
        "nauc_map_at_20_diff1": 0.358002,
        "nauc_map_at_100_max": 0.56405,
        "nauc_map_at_100_std": 0.111443,
        "nauc_map_at_100_diff1": 0.36033,
        "nauc_map_at_1000_max": 0.563372,
        "nauc_map_at_1000_std": 0.110789,
        "nauc_map_at_1000_diff1": 0.359775,
        "nauc_recall_at_1_max": 0.043741,
        "nauc_recall_at_1_std": -0.24083,
        "nauc_recall_at_1_diff1": 0.313355,
        "nauc_recall_at_3_max": 0.340135,
        "nauc_recall_at_3_std": -0.070916,
        "nauc_recall_at_3_diff1": 0.375075,
        "nauc_recall_at_5_max": 0.52519,
        "nauc_recall_at_5_std": 0.114598,
        "nauc_recall_at_5_diff1": 0.373551,
        "nauc_recall_at_10_max": 0.470418,
        "nauc_recall_at_10_std": 0.200629,
        "nauc_recall_at_10_diff1": 0.251154,
        "nauc_recall_at_20_max": 0.525232,
        "nauc_recall_at_20_std": 0.215291,
        "nauc_recall_at_20_diff1": 0.198754,
        "nauc_recall_at_100_max": 0.70163,
        "nauc_recall_at_100_std": 0.327138,
        "nauc_recall_at_100_diff1": 0.489958,
        "nauc_recall_at_1000_max": NaN,
        "nauc_recall_at_1000_std": NaN,
        "nauc_recall_at_1000_diff1": NaN,
        "nauc_precision_at_1_max": 0.68623,
        "nauc_precision_at_1_std": 0.180622,
        "nauc_precision_at_1_diff1": 0.649881,
        "nauc_precision_at_3_max": 0.649896,
        "nauc_precision_at_3_std": 0.283722,
        "nauc_precision_at_3_diff1": 0.306085,
        "nauc_precision_at_5_max": 0.591752,
        "nauc_precision_at_5_std": 0.358112,
        "nauc_precision_at_5_diff1": 0.186274,
        "nauc_precision_at_10_max": 0.522519,
        "nauc_precision_at_10_std": 0.420941,
        "nauc_precision_at_10_diff1": 0.087315,
        "nauc_precision_at_20_max": 0.510419,
        "nauc_precision_at_20_std": 0.426607,
        "nauc_precision_at_20_diff1": 0.048402,
        "nauc_precision_at_100_max": 0.422607,
        "nauc_precision_at_100_std": 0.43942,
        "nauc_precision_at_100_diff1": 0.005875,
        "nauc_precision_at_1000_max": 0.375209,
        "nauc_precision_at_1000_std": 0.421702,
        "nauc_precision_at_1000_diff1": -0.032016,
        "nauc_mrr_at_1_max": 0.68623,
        "nauc_mrr_at_1_std": 0.180622,
        "nauc_mrr_at_1_diff1": 0.649881,
        "nauc_mrr_at_3_max": 0.731229,
        "nauc_mrr_at_3_std": 0.269345,
        "nauc_mrr_at_3_diff1": 0.671912,
        "nauc_mrr_at_5_max": 0.731229,
        "nauc_mrr_at_5_std": 0.269345,
        "nauc_mrr_at_5_diff1": 0.671912,
        "nauc_mrr_at_10_max": 0.726211,
        "nauc_mrr_at_10_std": 0.264143,
        "nauc_mrr_at_10_diff1": 0.66698,
        "nauc_mrr_at_20_max": 0.723463,
        "nauc_mrr_at_20_std": 0.256757,
        "nauc_mrr_at_20_diff1": 0.664956,
        "nauc_mrr_at_100_max": 0.723463,
        "nauc_mrr_at_100_std": 0.256757,
        "nauc_mrr_at_100_diff1": 0.664956,
        "nauc_mrr_at_1000_max": 0.723463,
        "nauc_mrr_at_1000_std": 0.256757,
        "nauc_mrr_at_1000_diff1": 0.664956,
        "hit_rate_at_1": 0.80519,
        "hit_rate_at_3": 0.94805,
        "hit_rate_at_5": 0.94805,
        "hit_rate_at_10": 0.98701,
        "hit_rate_at_20": 1.0,
        "hit_rate_at_100": 1.0,
        "hit_rate_at_1000": 1.0,
        "main_score": 0.76301,
        "hf_subset": "default",
        "languages": [
          "dan-Latn"
        ]
      }
    ]
  },
  "evaluation_time": 0.39864373207092285,
  "kg_co2_emissions": null,
  "date": 1774450428.863538
}