{
  "dataset_revision": "1c61e95df3d70835785db4d70f17d3a16a7bd4ce",
  "task_name": "LLMTempReasonL1",
  "mteb_version": "2.11.6",
  "scores": {
    "test": [
      {
        "ndcg_at_1": 0.0,
        "ndcg_at_3": 0.005,
        "ndcg_at_5": 0.005,
        "ndcg_at_10": 0.00801,
        "ndcg_at_20": 0.01553,
        "ndcg_at_100": 0.03069,
        "ndcg_at_1000": 0.08539,
        "map_at_1": 0.0,
        "map_at_3": 0.00333,
        "map_at_5": 0.00333,
        "map_at_10": 0.00444,
        "map_at_20": 0.00647,
        "map_at_100": 0.00801,
        "map_at_1000": 0.00946,
        "recall_at_1": 0.0,
        "recall_at_3": 0.01,
        "recall_at_5": 0.01,
        "recall_at_10": 0.02,
        "recall_at_20": 0.05,
        "recall_at_100": 0.14,
        "recall_at_1000": 0.61,
        "accuracy": 0.0,
        "precision_at_1": 0.0,
        "precision_at_3": 0.00333,
        "precision_at_5": 0.002,
        "precision_at_10": 0.002,
        "precision_at_20": 0.0025,
        "precision_at_100": 0.0014,
        "precision_at_1000": 0.00061,
        "mrr_at_1": 0.0,
        "mrr_at_3": 0.003333,
        "mrr_at_5": 0.003333,
        "mrr_at_10": 0.004444,
        "mrr_at_20": 0.006471,
        "mrr_at_100": 0.008008,
        "mrr_at_1000": 0.009462,
        "nauc_ndcg_at_1_max": NaN,
        "nauc_ndcg_at_1_std": NaN,
        "nauc_ndcg_at_1_diff1": NaN,
        "nauc_ndcg_at_3_max": 1.0,
        "nauc_ndcg_at_3_std": -0.415079,
        "nauc_ndcg_at_3_diff1": 0.323853,
        "nauc_ndcg_at_5_max": 1.0,
        "nauc_ndcg_at_5_std": -0.415079,
        "nauc_ndcg_at_5_diff1": 0.323853,
        "nauc_ndcg_at_10_max": 0.468208,
        "nauc_ndcg_at_10_std": -0.137386,
        "nauc_ndcg_at_10_diff1": 0.450902,
        "nauc_ndcg_at_20_max": 0.330289,
        "nauc_ndcg_at_20_std": -0.062195,
        "nauc_ndcg_at_20_diff1": 0.455708,
        "nauc_ndcg_at_100_max": 0.032462,
        "nauc_ndcg_at_100_std": -0.155963,
        "nauc_ndcg_at_100_diff1": 0.20077,
        "nauc_ndcg_at_1000_max": 0.052068,
        "nauc_ndcg_at_1000_std": -0.141563,
        "nauc_ndcg_at_1000_diff1": 0.093752,
        "nauc_map_at_1_max": NaN,
        "nauc_map_at_1_std": NaN,
        "nauc_map_at_1_diff1": NaN,
        "nauc_map_at_3_max": 1.0,
        "nauc_map_at_3_std": -0.415079,
        "nauc_map_at_3_diff1": 0.323853,
        "nauc_map_at_5_max": 1.0,
        "nauc_map_at_5_std": -0.415079,
        "nauc_map_at_5_diff1": 0.323853,
        "nauc_map_at_10_max": 0.64623,
        "nauc_map_at_10_std": -0.230346,
        "nauc_map_at_10_diff1": 0.408371,
        "nauc_map_at_20_max": 0.49056,
        "nauc_map_at_20_std": -0.162743,
        "nauc_map_at_20_diff1": 0.400515,
        "nauc_map_at_100_max": 0.355846,
        "nauc_map_at_100_std": -0.177054,
        "nauc_map_at_100_diff1": 0.309476,
        "nauc_map_at_1000_max": 0.327913,
        "nauc_map_at_1000_std": -0.162955,
        "nauc_map_at_1000_diff1": 0.294617,
        "nauc_recall_at_1_max": NaN,
        "nauc_recall_at_1_std": NaN,
        "nauc_recall_at_1_diff1": NaN,
        "nauc_recall_at_3_max": 1.0,
        "nauc_recall_at_3_std": -0.415079,
        "nauc_recall_at_3_diff1": 0.323853,
        "nauc_recall_at_5_max": 1.0,
        "nauc_recall_at_5_std": -0.415079,
        "nauc_recall_at_5_diff1": 0.323853,
        "nauc_recall_at_10_max": 0.29246,
        "nauc_recall_at_10_std": -0.045613,
        "nauc_recall_at_10_diff1": 0.49289,
        "nauc_recall_at_20_max": 0.236759,
        "nauc_recall_at_20_std": 0.002522,
        "nauc_recall_at_20_diff1": 0.497236,
        "nauc_recall_at_100_max": -0.110272,
        "nauc_recall_at_100_std": -0.16545,
        "nauc_recall_at_100_diff1": 0.138063,
        "nauc_recall_at_1000_max": -0.011723,
        "nauc_recall_at_1000_std": -0.170637,
        "nauc_recall_at_1000_diff1": -0.039868,
        "nauc_precision_at_1_max": NaN,
        "nauc_precision_at_1_std": NaN,
        "nauc_precision_at_1_diff1": NaN,
        "nauc_precision_at_3_max": 1.0,
        "nauc_precision_at_3_std": -0.415079,
        "nauc_precision_at_3_diff1": 0.323853,
        "nauc_precision_at_5_max": 1.0,
        "nauc_precision_at_5_std": -0.415079,
        "nauc_precision_at_5_diff1": 0.323853,
        "nauc_precision_at_10_max": 0.29246,
        "nauc_precision_at_10_std": -0.045613,
        "nauc_precision_at_10_diff1": 0.49289,
        "nauc_precision_at_20_max": 0.236759,
        "nauc_precision_at_20_std": 0.002522,
        "nauc_precision_at_20_diff1": 0.497236,
        "nauc_precision_at_100_max": -0.110272,
        "nauc_precision_at_100_std": -0.16545,
        "nauc_precision_at_100_diff1": 0.138063,
        "nauc_precision_at_1000_max": -0.011723,
        "nauc_precision_at_1000_std": -0.170637,
        "nauc_precision_at_1000_diff1": -0.039868,
        "nauc_mrr_at_1_max": NaN,
        "nauc_mrr_at_1_std": NaN,
        "nauc_mrr_at_1_diff1": NaN,
        "nauc_mrr_at_3_max": 1.0,
        "nauc_mrr_at_3_std": -0.415079,
        "nauc_mrr_at_3_diff1": 0.323853,
        "nauc_mrr_at_5_max": 1.0,
        "nauc_mrr_at_5_std": -0.415079,
        "nauc_mrr_at_5_diff1": 0.323853,
        "nauc_mrr_at_10_max": 0.64623,
        "nauc_mrr_at_10_std": -0.230346,
        "nauc_mrr_at_10_diff1": 0.408371,
        "nauc_mrr_at_20_max": 0.49056,
        "nauc_mrr_at_20_std": -0.162743,
        "nauc_mrr_at_20_diff1": 0.400515,
        "nauc_mrr_at_100_max": 0.355846,
        "nauc_mrr_at_100_std": -0.177054,
        "nauc_mrr_at_100_diff1": 0.309476,
        "nauc_mrr_at_1000_max": 0.327913,
        "nauc_mrr_at_1000_std": -0.162955,
        "nauc_mrr_at_1000_diff1": 0.294617,
        "hit_rate_at_1": 0.0,
        "hit_rate_at_3": 0.01,
        "hit_rate_at_5": 0.01,
        "hit_rate_at_10": 0.02,
        "hit_rate_at_20": 0.05,
        "hit_rate_at_100": 0.14,
        "hit_rate_at_1000": 0.61,
        "main_score": 0.00801,
        "hf_subset": "default",
        "languages": [
          "eng-Latn"
        ]
      }
    ]
  },
  "evaluation_time": 5.581714868545532,
  "kg_co2_emissions": null,
  "date": 1774450404.554856
}