{
  "dataset_revision": "bc2a1e4c24771a6f3432578016cfb737732398fd",
  "task_name": "LLMWinoGrande",
  "mteb_version": "2.11.6",
  "scores": {
    "test": [
      {
        "ndcg_at_1": 0.275,
        "ndcg_at_3": 0.45,
        "ndcg_at_5": 0.50529,
        "ndcg_at_10": 0.54357,
        "ndcg_at_20": 0.56416,
        "ndcg_at_100": 0.57996,
        "ndcg_at_1000": 0.58207,
        "map_at_1": 0.275,
        "map_at_3": 0.40833,
        "map_at_5": 0.43883,
        "map_at_10": 0.45434,
        "map_at_20": 0.46018,
        "map_at_100": 0.46273,
        "map_at_1000": 0.46284,
        "recall_at_1": 0.275,
        "recall_at_3": 0.57,
        "recall_at_5": 0.705,
        "recall_at_10": 0.825,
        "recall_at_20": 0.905,
        "recall_at_100": 0.985,
        "recall_at_1000": 1.0,
        "accuracy": 0.275,
        "precision_at_1": 0.275,
        "precision_at_3": 0.19,
        "precision_at_5": 0.141,
        "precision_at_10": 0.0825,
        "precision_at_20": 0.04525,
        "precision_at_100": 0.00985,
        "precision_at_1000": 0.001,
        "mrr_at_1": 0.275,
        "mrr_at_3": 0.408333,
        "mrr_at_5": 0.438833,
        "mrr_at_10": 0.454343,
        "mrr_at_20": 0.460185,
        "mrr_at_100": 0.462728,
        "mrr_at_1000": 0.462839,
        "nauc_ndcg_at_1_max": 0.045315,
        "nauc_ndcg_at_1_std": 0.013227,
        "nauc_ndcg_at_1_diff1": 0.142367,
        "nauc_ndcg_at_3_max": 0.218966,
        "nauc_ndcg_at_3_std": 0.102054,
        "nauc_ndcg_at_3_diff1": 0.258188,
        "nauc_ndcg_at_5_max": 0.192068,
        "nauc_ndcg_at_5_std": 0.073248,
        "nauc_ndcg_at_5_diff1": 0.258188,
        "nauc_ndcg_at_10_max": 0.174889,
        "nauc_ndcg_at_10_std": 0.096755,
        "nauc_ndcg_at_10_diff1": 0.234848,
        "nauc_ndcg_at_20_max": 0.16871,
        "nauc_ndcg_at_20_std": 0.077769,
        "nauc_ndcg_at_20_diff1": 0.23408,
        "nauc_ndcg_at_100_max": 0.166344,
        "nauc_ndcg_at_100_std": 0.079472,
        "nauc_ndcg_at_100_diff1": 0.235747,
        "nauc_ndcg_at_1000_max": 0.165349,
        "nauc_ndcg_at_1000_std": 0.073982,
        "nauc_ndcg_at_1000_diff1": 0.231586,
        "nauc_map_at_1_max": 0.045315,
        "nauc_map_at_1_std": 0.013227,
        "nauc_map_at_1_diff1": 0.142367,
        "nauc_map_at_3_max": 0.181394,
        "nauc_map_at_3_std": 0.081982,
        "nauc_map_at_3_diff1": 0.231939,
        "nauc_map_at_5_max": 0.164921,
        "nauc_map_at_5_std": 0.06508,
        "nauc_map_at_5_diff1": 0.23089,
        "nauc_map_at_10_max": 0.15847,
        "nauc_map_at_10_std": 0.072715,
        "nauc_map_at_10_diff1": 0.222128,
        "nauc_map_at_20_max": 0.157037,
        "nauc_map_at_20_std": 0.066967,
        "nauc_map_at_20_diff1": 0.222161,
        "nauc_map_at_100_max": 0.156456,
        "nauc_map_at_100_std": 0.067201,
        "nauc_map_at_100_diff1": 0.222456,
        "nauc_map_at_1000_max": 0.156355,
        "nauc_map_at_1000_std": 0.066965,
        "nauc_map_at_1000_diff1": 0.22226,
        "nauc_recall_at_1_max": 0.045315,
        "nauc_recall_at_1_std": 0.013227,
        "nauc_recall_at_1_diff1": 0.142367,
        "nauc_recall_at_3_max": 0.32816,
        "nauc_recall_at_3_std": 0.16079,
        "nauc_recall_at_3_diff1": 0.335034,
        "nauc_recall_at_5_max": 0.282618,
        "nauc_recall_at_5_std": 0.097412,
        "nauc_recall_at_5_diff1": 0.354772,
        "nauc_recall_at_10_max": 0.23476,
        "nauc_recall_at_10_std": 0.23835,
        "nauc_recall_at_10_diff1": 0.27937,
        "nauc_recall_at_20_max": 0.205833,
        "nauc_recall_at_20_std": 0.16158,
        "nauc_recall_at_20_diff1": 0.293749,
        "nauc_recall_at_100_max": 0.239185,
        "nauc_recall_at_100_std": 0.69888,
        "nauc_recall_at_100_diff1": 0.693433,
        "nauc_recall_at_1000_max": NaN,
        "nauc_recall_at_1000_std": NaN,
        "nauc_recall_at_1000_diff1": NaN,
        "nauc_precision_at_1_max": 0.045315,
        "nauc_precision_at_1_std": 0.013227,
        "nauc_precision_at_1_diff1": 0.142367,
        "nauc_precision_at_3_max": 0.32816,
        "nauc_precision_at_3_std": 0.16079,
        "nauc_precision_at_3_diff1": 0.335034,
        "nauc_precision_at_5_max": 0.282618,
        "nauc_precision_at_5_std": 0.097412,
        "nauc_precision_at_5_diff1": 0.354772,
        "nauc_precision_at_10_max": 0.23476,
        "nauc_precision_at_10_std": 0.23835,
        "nauc_precision_at_10_diff1": 0.27937,
        "nauc_precision_at_20_max": 0.205833,
        "nauc_precision_at_20_std": 0.16158,
        "nauc_precision_at_20_diff1": 0.293749,
        "nauc_precision_at_100_max": 0.239185,
        "nauc_precision_at_100_std": 0.69888,
        "nauc_precision_at_100_diff1": 0.693433,
        "nauc_precision_at_1000_max": 1.0,
        "nauc_precision_at_1000_std": 1.0,
        "nauc_precision_at_1000_diff1": 1.0,
        "nauc_mrr_at_1_max": 0.045315,
        "nauc_mrr_at_1_std": 0.013227,
        "nauc_mrr_at_1_diff1": 0.142367,
        "nauc_mrr_at_3_max": 0.181394,
        "nauc_mrr_at_3_std": 0.081982,
        "nauc_mrr_at_3_diff1": 0.231939,
        "nauc_mrr_at_5_max": 0.164921,
        "nauc_mrr_at_5_std": 0.06508,
        "nauc_mrr_at_5_diff1": 0.23089,
        "nauc_mrr_at_10_max": 0.15847,
        "nauc_mrr_at_10_std": 0.072715,
        "nauc_mrr_at_10_diff1": 0.222128,
        "nauc_mrr_at_20_max": 0.157037,
        "nauc_mrr_at_20_std": 0.066967,
        "nauc_mrr_at_20_diff1": 0.222161,
        "nauc_mrr_at_100_max": 0.156456,
        "nauc_mrr_at_100_std": 0.067201,
        "nauc_mrr_at_100_diff1": 0.222456,
        "nauc_mrr_at_1000_max": 0.156355,
        "nauc_mrr_at_1000_std": 0.066965,
        "nauc_mrr_at_1000_diff1": 0.22226,
        "hit_rate_at_1": 0.275,
        "hit_rate_at_3": 0.57,
        "hit_rate_at_5": 0.705,
        "hit_rate_at_10": 0.825,
        "hit_rate_at_20": 0.905,
        "hit_rate_at_100": 0.985,
        "hit_rate_at_1000": 1.0,
        "main_score": 0.54357,
        "hf_subset": "default",
        "languages": [
          "eng-Latn"
        ]
      }
    ]
  },
  "evaluation_time": 2.7226691246032715,
  "kg_co2_emissions": null,
  "date": 1774450434.578586
}