{
  "dataset_revision": "a2acf12d293ea934823ca26752a05c5bfab24dff",
  "task_name": "LLMAILAStatutes",
  "mteb_version": "2.11.6",
  "scores": {
    "test": [
      {
        "ndcg_at_1": 0.14,
        "ndcg_at_3": 0.15691,
        "ndcg_at_5": 0.16244,
        "ndcg_at_10": 0.2045,
        "ndcg_at_20": 0.24341,
        "ndcg_at_100": 0.43016,
        "ndcg_at_1000": 0.43016,
        "map_at_1": 0.032,
        "map_at_3": 0.077,
        "map_at_5": 0.09672,
        "map_at_10": 0.11504,
        "map_at_20": 0.12846,
        "map_at_100": 0.17065,
        "map_at_1000": 0.17065,
        "recall_at_1": 0.032,
        "recall_at_3": 0.121,
        "recall_at_5": 0.17267,
        "recall_at_10": 0.25633,
        "recall_at_20": 0.35233,
        "recall_at_100": 1.0,
        "recall_at_1000": 1.0,
        "accuracy": 0.032,
        "precision_at_1": 0.14,
        "precision_at_3": 0.15333,
        "precision_at_5": 0.136,
        "precision_at_10": 0.104,
        "precision_at_20": 0.074,
        "precision_at_100": 0.0434,
        "precision_at_1000": 0.00434,
        "mrr_at_1": 0.14,
        "mrr_at_3": 0.246667,
        "mrr_at_5": 0.275667,
        "mrr_at_10": 0.295603,
        "mrr_at_20": 0.301862,
        "mrr_at_100": 0.309597,
        "mrr_at_1000": 0.309597,
        "nauc_ndcg_at_1_max": 0.265264,
        "nauc_ndcg_at_1_std": 0.254869,
        "nauc_ndcg_at_1_diff1": 0.215834,
        "nauc_ndcg_at_3_max": 0.369677,
        "nauc_ndcg_at_3_std": 0.178141,
        "nauc_ndcg_at_3_diff1": 0.274925,
        "nauc_ndcg_at_5_max": 0.402861,
        "nauc_ndcg_at_5_std": 0.26714,
        "nauc_ndcg_at_5_diff1": 0.380234,
        "nauc_ndcg_at_10_max": 0.368499,
        "nauc_ndcg_at_10_std": 0.292774,
        "nauc_ndcg_at_10_diff1": 0.296657,
        "nauc_ndcg_at_20_max": 0.327515,
        "nauc_ndcg_at_20_std": 0.298096,
        "nauc_ndcg_at_20_diff1": 0.247861,
        "nauc_ndcg_at_100_max": 0.358175,
        "nauc_ndcg_at_100_std": 0.276729,
        "nauc_ndcg_at_100_diff1": 0.293563,
        "nauc_ndcg_at_1000_max": 0.358175,
        "nauc_ndcg_at_1000_std": 0.276729,
        "nauc_ndcg_at_1000_diff1": 0.293563,
        "nauc_map_at_1_max": 0.263528,
        "nauc_map_at_1_std": 0.207301,
        "nauc_map_at_1_diff1": 0.220847,
        "nauc_map_at_3_max": 0.398277,
        "nauc_map_at_3_std": 0.163482,
        "nauc_map_at_3_diff1": 0.309474,
        "nauc_map_at_5_max": 0.412449,
        "nauc_map_at_5_std": 0.229094,
        "nauc_map_at_5_diff1": 0.399016,
        "nauc_map_at_10_max": 0.393445,
        "nauc_map_at_10_std": 0.237113,
        "nauc_map_at_10_diff1": 0.349081,
        "nauc_map_at_20_max": 0.376257,
        "nauc_map_at_20_std": 0.253949,
        "nauc_map_at_20_diff1": 0.314724,
        "nauc_map_at_100_max": 0.390614,
        "nauc_map_at_100_std": 0.253752,
        "nauc_map_at_100_diff1": 0.338122,
        "nauc_map_at_1000_max": 0.390614,
        "nauc_map_at_1000_std": 0.253752,
        "nauc_map_at_1000_diff1": 0.338122,
        "nauc_recall_at_1_max": 0.263528,
        "nauc_recall_at_1_std": 0.207301,
        "nauc_recall_at_1_diff1": 0.220847,
        "nauc_recall_at_3_max": 0.372665,
        "nauc_recall_at_3_std": 0.134039,
        "nauc_recall_at_3_diff1": 0.254412,
        "nauc_recall_at_5_max": 0.417997,
        "nauc_recall_at_5_std": 0.283557,
        "nauc_recall_at_5_diff1": 0.42695,
        "nauc_recall_at_10_max": 0.360557,
        "nauc_recall_at_10_std": 0.335705,
        "nauc_recall_at_10_diff1": 0.271661,
        "nauc_recall_at_20_max": 0.266215,
        "nauc_recall_at_20_std": 0.339526,
        "nauc_recall_at_20_diff1": 0.161404,
        "nauc_recall_at_100_max": NaN,
        "nauc_recall_at_100_std": NaN,
        "nauc_recall_at_100_diff1": NaN,
        "nauc_recall_at_1000_max": NaN,
        "nauc_recall_at_1000_std": NaN,
        "nauc_recall_at_1000_diff1": NaN,
        "nauc_precision_at_1_max": 0.265264,
        "nauc_precision_at_1_std": 0.254869,
        "nauc_precision_at_1_diff1": 0.215834,
        "nauc_precision_at_3_max": 0.411907,
        "nauc_precision_at_3_std": 0.147824,
        "nauc_precision_at_3_diff1": 0.334632,
        "nauc_precision_at_5_max": 0.438131,
        "nauc_precision_at_5_std": 0.312438,
        "nauc_precision_at_5_diff1": 0.488592,
        "nauc_precision_at_10_max": 0.344162,
        "nauc_precision_at_10_std": 0.346326,
        "nauc_precision_at_10_diff1": 0.300265,
        "nauc_precision_at_20_max": 0.235616,
        "nauc_precision_at_20_std": 0.34095,
        "nauc_precision_at_20_diff1": 0.180061,
        "nauc_precision_at_100_max": -0.21487,
        "nauc_precision_at_100_std": -0.094674,
        "nauc_precision_at_100_diff1": -0.050896,
        "nauc_precision_at_1000_max": -0.21487,
        "nauc_precision_at_1000_std": -0.094674,
        "nauc_precision_at_1000_diff1": -0.050896,
        "nauc_mrr_at_1_max": 0.265264,
        "nauc_mrr_at_1_std": 0.254869,
        "nauc_mrr_at_1_diff1": 0.215834,
        "nauc_mrr_at_3_max": 0.278147,
        "nauc_mrr_at_3_std": 0.203593,
        "nauc_mrr_at_3_diff1": 0.14842,
        "nauc_mrr_at_5_max": 0.310603,
        "nauc_mrr_at_5_std": 0.261818,
        "nauc_mrr_at_5_diff1": 0.219163,
        "nauc_mrr_at_10_max": 0.305244,
        "nauc_mrr_at_10_std": 0.275929,
        "nauc_mrr_at_10_diff1": 0.200179,
        "nauc_mrr_at_20_max": 0.29998,
        "nauc_mrr_at_20_std": 0.271537,
        "nauc_mrr_at_20_diff1": 0.205857,
        "nauc_mrr_at_100_max": 0.302677,
        "nauc_mrr_at_100_std": 0.268997,
        "nauc_mrr_at_100_diff1": 0.202017,
        "nauc_mrr_at_1000_max": 0.302677,
        "nauc_mrr_at_1000_std": 0.268997,
        "nauc_mrr_at_1000_diff1": 0.202017,
        "hit_rate_at_1": 0.14,
        "hit_rate_at_3": 0.38,
        "hit_rate_at_5": 0.5,
        "hit_rate_at_10": 0.66,
        "hit_rate_at_20": 0.76,
        "hit_rate_at_100": 1.0,
        "hit_rate_at_1000": 1.0,
        "main_score": 0.2045,
        "hf_subset": "default",
        "languages": [
          "eng-Latn"
        ]
      }
    ]
  },
  "evaluation_time": 0.8083515167236328,
  "kg_co2_emissions": null,
  "date": 1774451750.047389
}