{
  "dataset_revision": "300cb175d1b608cfc3fdb94fd06b3ceb937f9b6a",
  "task_name": "LLMLegalBenchCorporateLobbying",
  "mteb_version": "2.11.6",
  "scores": {
    "test": [
      {
        "ndcg_at_1": 0.79118,
        "ndcg_at_3": 0.87006,
        "ndcg_at_5": 0.88575,
        "ndcg_at_10": 0.89049,
        "ndcg_at_20": 0.89339,
        "ndcg_at_100": 0.89565,
        "ndcg_at_1000": 0.89565,
        "map_at_1": 0.79118,
        "map_at_3": 0.85147,
        "map_at_5": 0.86015,
        "map_at_10": 0.86209,
        "map_at_20": 0.86284,
        "map_at_100": 0.86318,
        "map_at_1000": 0.86318,
        "recall_at_1": 0.79118,
        "recall_at_3": 0.92353,
        "recall_at_5": 0.96176,
        "recall_at_10": 0.97647,
        "recall_at_20": 0.98824,
        "recall_at_100": 1.0,
        "recall_at_1000": 1.0,
        "accuracy": 0.79118,
        "precision_at_1": 0.79118,
        "precision_at_3": 0.30784,
        "precision_at_5": 0.19235,
        "precision_at_10": 0.09765,
        "precision_at_20": 0.04941,
        "precision_at_100": 0.01,
        "precision_at_1000": 0.001,
        "mrr_at_1": 0.791176,
        "mrr_at_3": 0.851471,
        "mrr_at_5": 0.860147,
        "mrr_at_10": 0.862087,
        "mrr_at_20": 0.862843,
        "mrr_at_100": 0.86318,
        "mrr_at_1000": 0.86318,
        "nauc_ndcg_at_1_max": 0.379536,
        "nauc_ndcg_at_1_std": -0.020913,
        "nauc_ndcg_at_1_diff1": 0.816327,
        "nauc_ndcg_at_3_max": 0.495856,
        "nauc_ndcg_at_3_std": 0.014596,
        "nauc_ndcg_at_3_diff1": 0.812985,
        "nauc_ndcg_at_5_max": 0.482953,
        "nauc_ndcg_at_5_std": 0.038719,
        "nauc_ndcg_at_5_diff1": 0.814928,
        "nauc_ndcg_at_10_max": 0.470644,
        "nauc_ndcg_at_10_std": 0.049655,
        "nauc_ndcg_at_10_diff1": 0.81595,
        "nauc_ndcg_at_20_max": 0.456398,
        "nauc_ndcg_at_20_std": 0.023282,
        "nauc_ndcg_at_20_diff1": 0.812495,
        "nauc_ndcg_at_100_max": 0.453905,
        "nauc_ndcg_at_100_std": 0.020032,
        "nauc_ndcg_at_100_diff1": 0.814616,
        "nauc_ndcg_at_1000_max": 0.453905,
        "nauc_ndcg_at_1000_std": 0.020032,
        "nauc_ndcg_at_1000_diff1": 0.814616,
        "nauc_map_at_1_max": 0.379536,
        "nauc_map_at_1_std": -0.020913,
        "nauc_map_at_1_diff1": 0.816327,
        "nauc_map_at_3_max": 0.461494,
        "nauc_map_at_3_std": 0.004785,
        "nauc_map_at_3_diff1": 0.81395,
        "nauc_map_at_5_max": 0.453295,
        "nauc_map_at_5_std": 0.014674,
        "nauc_map_at_5_diff1": 0.81485,
        "nauc_map_at_10_max": 0.448724,
        "nauc_map_at_10_std": 0.017655,
        "nauc_map_at_10_diff1": 0.815406,
        "nauc_map_at_20_max": 0.445724,
        "nauc_map_at_20_std": 0.01213,
        "nauc_map_at_20_diff1": 0.814687,
        "nauc_map_at_100_max": 0.445582,
        "nauc_map_at_100_std": 0.012243,
        "nauc_map_at_100_diff1": 0.814914,
        "nauc_map_at_1000_max": 0.445582,
        "nauc_map_at_1000_std": 0.012243,
        "nauc_map_at_1000_diff1": 0.814914,
        "nauc_recall_at_1_max": 0.379536,
        "nauc_recall_at_1_std": -0.020913,
        "nauc_recall_at_1_diff1": 0.816327,
        "nauc_recall_at_3_max": 0.674855,
        "nauc_recall_at_3_std": 0.065126,
        "nauc_recall_at_3_diff1": 0.80798,
        "nauc_recall_at_5_max": 0.765891,
        "nauc_recall_at_5_std": 0.288192,
        "nauc_recall_at_5_diff1": 0.817029,
        "nauc_recall_at_10_max": 0.777428,
        "nauc_recall_at_10_std": 0.599732,
        "nauc_recall_at_10_diff1": 0.825805,
        "nauc_recall_at_20_max": 0.587535,
        "nauc_recall_at_20_std": 0.232143,
        "nauc_recall_at_20_diff1": 0.71697,
        "nauc_recall_at_100_max": NaN,
        "nauc_recall_at_100_std": NaN,
        "nauc_recall_at_100_diff1": NaN,
        "nauc_recall_at_1000_max": NaN,
        "nauc_recall_at_1000_std": NaN,
        "nauc_recall_at_1000_diff1": NaN,
        "nauc_precision_at_1_max": 0.379536,
        "nauc_precision_at_1_std": -0.020913,
        "nauc_precision_at_1_diff1": 0.816327,
        "nauc_precision_at_3_max": 0.674855,
        "nauc_precision_at_3_std": 0.065126,
        "nauc_precision_at_3_diff1": 0.80798,
        "nauc_precision_at_5_max": 0.765891,
        "nauc_precision_at_5_std": 0.288192,
        "nauc_precision_at_5_diff1": 0.817029,
        "nauc_precision_at_10_max": 0.777428,
        "nauc_precision_at_10_std": 0.599732,
        "nauc_precision_at_10_diff1": 0.825805,
        "nauc_precision_at_20_max": 0.587535,
        "nauc_precision_at_20_std": 0.232143,
        "nauc_precision_at_20_diff1": 0.71697,
        "nauc_precision_at_100_max": NaN,
        "nauc_precision_at_100_std": NaN,
        "nauc_precision_at_100_diff1": NaN,
        "nauc_precision_at_1000_max": 1.0,
        "nauc_precision_at_1000_std": 1.0,
        "nauc_precision_at_1000_diff1": 1.0,
        "nauc_mrr_at_1_max": 0.379536,
        "nauc_mrr_at_1_std": -0.020913,
        "nauc_mrr_at_1_diff1": 0.816327,
        "nauc_mrr_at_3_max": 0.461494,
        "nauc_mrr_at_3_std": 0.004785,
        "nauc_mrr_at_3_diff1": 0.81395,
        "nauc_mrr_at_5_max": 0.453295,
        "nauc_mrr_at_5_std": 0.014674,
        "nauc_mrr_at_5_diff1": 0.81485,
        "nauc_mrr_at_10_max": 0.448724,
        "nauc_mrr_at_10_std": 0.017655,
        "nauc_mrr_at_10_diff1": 0.815406,
        "nauc_mrr_at_20_max": 0.445724,
        "nauc_mrr_at_20_std": 0.01213,
        "nauc_mrr_at_20_diff1": 0.814687,
        "nauc_mrr_at_100_max": 0.445582,
        "nauc_mrr_at_100_std": 0.012243,
        "nauc_mrr_at_100_diff1": 0.814914,
        "nauc_mrr_at_1000_max": 0.445582,
        "nauc_mrr_at_1000_std": 0.012243,
        "nauc_mrr_at_1000_diff1": 0.814914,
        "hit_rate_at_1": 0.79118,
        "hit_rate_at_3": 0.92353,
        "hit_rate_at_5": 0.96176,
        "hit_rate_at_10": 0.97647,
        "hit_rate_at_20": 0.98824,
        "hit_rate_at_100": 1.0,
        "hit_rate_at_1000": 1.0,
        "main_score": 0.89049,
        "hf_subset": "default",
        "languages": [
          "eng-Latn"
        ]
      }
    ]
  },
  "evaluation_time": 2.888564109802246,
  "kg_co2_emissions": null,
  "date": 1774451755.921299
}