{
  "dataset_revision": "d6628df131c3279007b88fe3e057e809dac056af",
  "task_name": "LLMSpartQA",
  "mteb_version": "2.11.6",
  "scores": {
    "test": [
      {
        "ndcg_at_1": 0.03,
        "ndcg_at_3": 0.06749,
        "ndcg_at_5": 0.07642,
        "ndcg_at_10": 0.09167,
        "ndcg_at_20": 0.10911,
        "ndcg_at_100": 0.13443,
        "ndcg_at_1000": 0.18377,
        "map_at_1": 0.02333,
        "map_at_3": 0.05389,
        "map_at_5": 0.05847,
        "map_at_10": 0.06459,
        "map_at_20": 0.06929,
        "map_at_100": 0.07238,
        "map_at_1000": 0.0738,
        "recall_at_1": 0.02333,
        "recall_at_3": 0.09,
        "recall_at_5": 0.10833,
        "recall_at_10": 0.14833,
        "recall_at_20": 0.21167,
        "recall_at_100": 0.335,
        "recall_at_1000": 0.695,
        "accuracy": 0.02333,
        "precision_at_1": 0.03,
        "precision_at_3": 0.04,
        "precision_at_5": 0.031,
        "precision_at_10": 0.0225,
        "precision_at_20": 0.01575,
        "precision_at_100": 0.00525,
        "precision_at_1000": 0.00117,
        "mrr_at_1": 0.03,
        "mrr_at_3": 0.071667,
        "mrr_at_5": 0.078417,
        "mrr_at_10": 0.086867,
        "mrr_at_20": 0.092371,
        "mrr_at_100": 0.096111,
        "mrr_at_1000": 0.097574,
        "nauc_ndcg_at_1_max": -0.166354,
        "nauc_ndcg_at_1_std": 0.134156,
        "nauc_ndcg_at_1_diff1": -0.301091,
        "nauc_ndcg_at_3_max": 0.106368,
        "nauc_ndcg_at_3_std": 0.348632,
        "nauc_ndcg_at_3_diff1": -0.18457,
        "nauc_ndcg_at_5_max": 0.102985,
        "nauc_ndcg_at_5_std": 0.351842,
        "nauc_ndcg_at_5_diff1": -0.208158,
        "nauc_ndcg_at_10_max": 0.10641,
        "nauc_ndcg_at_10_std": 0.340216,
        "nauc_ndcg_at_10_diff1": -0.23605,
        "nauc_ndcg_at_20_max": 0.111276,
        "nauc_ndcg_at_20_std": 0.369728,
        "nauc_ndcg_at_20_diff1": -0.262918,
        "nauc_ndcg_at_100_max": 0.096335,
        "nauc_ndcg_at_100_std": 0.320809,
        "nauc_ndcg_at_100_diff1": -0.231957,
        "nauc_ndcg_at_1000_max": 0.117495,
        "nauc_ndcg_at_1000_std": 0.359907,
        "nauc_ndcg_at_1000_diff1": -0.227035,
        "nauc_map_at_1_max": -0.158304,
        "nauc_map_at_1_std": 0.231285,
        "nauc_map_at_1_diff1": -0.296121,
        "nauc_map_at_3_max": 0.073144,
        "nauc_map_at_3_std": 0.325563,
        "nauc_map_at_3_diff1": -0.194123,
        "nauc_map_at_5_max": 0.072128,
        "nauc_map_at_5_std": 0.328158,
        "nauc_map_at_5_diff1": -0.210764,
        "nauc_map_at_10_max": 0.073084,
        "nauc_map_at_10_std": 0.32158,
        "nauc_map_at_10_diff1": -0.226501,
        "nauc_map_at_20_max": 0.075094,
        "nauc_map_at_20_std": 0.333124,
        "nauc_map_at_20_diff1": -0.236634,
        "nauc_map_at_100_max": 0.070753,
        "nauc_map_at_100_std": 0.324697,
        "nauc_map_at_100_diff1": -0.233314,
        "nauc_map_at_1000_max": 0.071799,
        "nauc_map_at_1000_std": 0.326691,
        "nauc_map_at_1000_diff1": -0.233088,
        "nauc_recall_at_1_max": -0.158304,
        "nauc_recall_at_1_std": 0.231285,
        "nauc_recall_at_1_diff1": -0.296121,
        "nauc_recall_at_3_max": 0.161422,
        "nauc_recall_at_3_std": 0.360426,
        "nauc_recall_at_3_diff1": -0.166636,
        "nauc_recall_at_5_max": 0.145488,
        "nauc_recall_at_5_std": 0.358446,
        "nauc_recall_at_5_diff1": -0.205613,
        "nauc_recall_at_10_max": 0.141972,
        "nauc_recall_at_10_std": 0.337401,
        "nauc_recall_at_10_diff1": -0.252711,
        "nauc_recall_at_20_max": 0.133725,
        "nauc_recall_at_20_std": 0.385933,
        "nauc_recall_at_20_diff1": -0.295225,
        "nauc_recall_at_100_max": 0.102961,
        "nauc_recall_at_100_std": 0.237251,
        "nauc_recall_at_100_diff1": -0.188525,
        "nauc_recall_at_1000_max": 0.137801,
        "nauc_recall_at_1000_std": 0.310504,
        "nauc_recall_at_1000_diff1": -0.12559,
        "nauc_precision_at_1_max": -0.166354,
        "nauc_precision_at_1_std": 0.134156,
        "nauc_precision_at_1_diff1": -0.301091,
        "nauc_precision_at_3_max": 0.170742,
        "nauc_precision_at_3_std": 0.421808,
        "nauc_precision_at_3_diff1": -0.16194,
        "nauc_precision_at_5_max": 0.148343,
        "nauc_precision_at_5_std": 0.409192,
        "nauc_precision_at_5_diff1": -0.196081,
        "nauc_precision_at_10_max": 0.146448,
        "nauc_precision_at_10_std": 0.37198,
        "nauc_precision_at_10_diff1": -0.250998,
        "nauc_precision_at_20_max": 0.164575,
        "nauc_precision_at_20_std": 0.420991,
        "nauc_precision_at_20_diff1": -0.312261,
        "nauc_precision_at_100_max": 0.107309,
        "nauc_precision_at_100_std": 0.272971,
        "nauc_precision_at_100_diff1": -0.197533,
        "nauc_precision_at_1000_max": 0.190805,
        "nauc_precision_at_1000_std": 0.253921,
        "nauc_precision_at_1000_diff1": -0.036009,
        "nauc_mrr_at_1_max": -0.166354,
        "nauc_mrr_at_1_std": 0.134156,
        "nauc_mrr_at_1_diff1": -0.301091,
        "nauc_mrr_at_3_max": 0.075595,
        "nauc_mrr_at_3_std": 0.351686,
        "nauc_mrr_at_3_diff1": -0.197886,
        "nauc_mrr_at_5_max": 0.080709,
        "nauc_mrr_at_5_std": 0.359967,
        "nauc_mrr_at_5_diff1": -0.211761,
        "nauc_mrr_at_10_max": 0.087647,
        "nauc_mrr_at_10_std": 0.347479,
        "nauc_mrr_at_10_diff1": -0.220988,
        "nauc_mrr_at_20_max": 0.096016,
        "nauc_mrr_at_20_std": 0.364424,
        "nauc_mrr_at_20_diff1": -0.232705,
        "nauc_mrr_at_100_max": 0.090109,
        "nauc_mrr_at_100_std": 0.353947,
        "nauc_mrr_at_100_diff1": -0.227916,
        "nauc_mrr_at_1000_max": 0.09146,
        "nauc_mrr_at_1000_std": 0.35355,
        "nauc_mrr_at_1000_diff1": -0.22675,
        "hit_rate_at_1": 0.03,
        "hit_rate_at_3": 0.12,
        "hit_rate_at_5": 0.15,
        "hit_rate_at_10": 0.21,
        "hit_rate_at_20": 0.29,
        "hit_rate_at_100": 0.46,
        "hit_rate_at_1000": 0.865,
        "main_score": 0.09167,
        "hf_subset": "default",
        "languages": [
          "eng-Latn"
        ]
      }
    ]
  },
  "evaluation_time": 6.178036212921143,
  "kg_co2_emissions": null,
  "date": 1774451765.12957
}