{
  "dataset_revision": "31f9b918c30ef94e15a168cb95ca4ebf291396eb",
  "task_name": "LLMTwitterHjerneRetrieval",
  "mteb_version": "2.11.6",
  "scores": {
    "train": [
      {
        "ndcg_at_1": 0.71429,
        "ndcg_at_3": 0.62634,
        "ndcg_at_5": 0.62082,
        "ndcg_at_10": 0.6637,
        "ndcg_at_20": 0.68806,
        "ndcg_at_100": 0.74029,
        "ndcg_at_1000": 0.74856,
        "map_at_1": 0.23463,
        "map_at_3": 0.45808,
        "map_at_5": 0.52358,
        "map_at_10": 0.5622,
        "map_at_20": 0.57449,
        "map_at_100": 0.58834,
        "map_at_1000": 0.58913,
        "recall_at_1": 0.23463,
        "recall_at_3": 0.49524,
        "recall_at_5": 0.59632,
        "recall_at_10": 0.69481,
        "recall_at_20": 0.75693,
        "recall_at_100": 0.95368,
        "recall_at_1000": 1.0,
        "accuracy": 0.23463,
        "precision_at_1": 0.71429,
        "precision_at_3": 0.54978,
        "precision_at_5": 0.40519,
        "precision_at_10": 0.23766,
        "precision_at_20": 0.13117,
        "precision_at_100": 0.03286,
        "precision_at_1000": 0.0034,
        "mrr_at_1": 0.714286,
        "mrr_at_3": 0.78355,
        "mrr_at_5": 0.790043,
        "mrr_at_10": 0.792785,
        "mrr_at_20": 0.795342,
        "mrr_at_100": 0.795984,
        "mrr_at_1000": 0.796048,
        "nauc_ndcg_at_1_max": 0.811844,
        "nauc_ndcg_at_1_std": 0.568466,
        "nauc_ndcg_at_1_diff1": 0.513187,
        "nauc_ndcg_at_3_max": 0.615173,
        "nauc_ndcg_at_3_std": 0.351288,
        "nauc_ndcg_at_3_diff1": 0.278503,
        "nauc_ndcg_at_5_max": 0.612646,
        "nauc_ndcg_at_5_std": 0.386026,
        "nauc_ndcg_at_5_diff1": 0.260853,
        "nauc_ndcg_at_10_max": 0.637605,
        "nauc_ndcg_at_10_std": 0.412032,
        "nauc_ndcg_at_10_diff1": 0.255259,
        "nauc_ndcg_at_20_max": 0.622222,
        "nauc_ndcg_at_20_std": 0.43903,
        "nauc_ndcg_at_20_diff1": 0.235843,
        "nauc_ndcg_at_100_max": 0.642799,
        "nauc_ndcg_at_100_std": 0.432636,
        "nauc_ndcg_at_100_diff1": 0.277439,
        "nauc_ndcg_at_1000_max": 0.643241,
        "nauc_ndcg_at_1000_std": 0.430193,
        "nauc_ndcg_at_1000_diff1": 0.273909,
        "nauc_map_at_1_max": 0.433598,
        "nauc_map_at_1_std": 0.284797,
        "nauc_map_at_1_diff1": 0.415988,
        "nauc_map_at_3_max": 0.559162,
        "nauc_map_at_3_std": 0.29016,
        "nauc_map_at_3_diff1": 0.251869,
        "nauc_map_at_5_max": 0.572415,
        "nauc_map_at_5_std": 0.336803,
        "nauc_map_at_5_diff1": 0.219121,
        "nauc_map_at_10_max": 0.590136,
        "nauc_map_at_10_std": 0.349692,
        "nauc_map_at_10_diff1": 0.213701,
        "nauc_map_at_20_max": 0.584588,
        "nauc_map_at_20_std": 0.368286,
        "nauc_map_at_20_diff1": 0.208621,
        "nauc_map_at_100_max": 0.583513,
        "nauc_map_at_100_std": 0.362094,
        "nauc_map_at_100_diff1": 0.212089,
        "nauc_map_at_1000_max": 0.583607,
        "nauc_map_at_1000_std": 0.362147,
        "nauc_map_at_1000_diff1": 0.211542,
        "nauc_recall_at_1_max": 0.433598,
        "nauc_recall_at_1_std": 0.284797,
        "nauc_recall_at_1_diff1": 0.415988,
        "nauc_recall_at_3_max": 0.542014,
        "nauc_recall_at_3_std": 0.263098,
        "nauc_recall_at_3_diff1": 0.251559,
        "nauc_recall_at_5_max": 0.543379,
        "nauc_recall_at_5_std": 0.326464,
        "nauc_recall_at_5_diff1": 0.196589,
        "nauc_recall_at_10_max": 0.569366,
        "nauc_recall_at_10_std": 0.375099,
        "nauc_recall_at_10_diff1": 0.141408,
        "nauc_recall_at_20_max": 0.503403,
        "nauc_recall_at_20_std": 0.431337,
        "nauc_recall_at_20_diff1": 0.053899,
        "nauc_recall_at_100_max": 0.603831,
        "nauc_recall_at_100_std": 0.49659,
        "nauc_recall_at_100_diff1": 0.28318,
        "nauc_recall_at_1000_max": NaN,
        "nauc_recall_at_1000_std": NaN,
        "nauc_recall_at_1000_diff1": NaN,
        "nauc_precision_at_1_max": 0.811844,
        "nauc_precision_at_1_std": 0.568466,
        "nauc_precision_at_1_diff1": 0.513187,
        "nauc_precision_at_3_max": 0.519646,
        "nauc_precision_at_3_std": 0.271399,
        "nauc_precision_at_3_diff1": 0.15209,
        "nauc_precision_at_5_max": 0.440344,
        "nauc_precision_at_5_std": 0.289757,
        "nauc_precision_at_5_diff1": 0.065142,
        "nauc_precision_at_10_max": 0.394695,
        "nauc_precision_at_10_std": 0.272114,
        "nauc_precision_at_10_diff1": 0.020553,
        "nauc_precision_at_20_max": 0.282633,
        "nauc_precision_at_20_std": 0.284352,
        "nauc_precision_at_20_diff1": -0.048806,
        "nauc_precision_at_100_max": 0.089462,
        "nauc_precision_at_100_std": 0.070625,
        "nauc_precision_at_100_diff1": -0.070888,
        "nauc_precision_at_1000_max": 0.041624,
        "nauc_precision_at_1000_std": 0.037927,
        "nauc_precision_at_1000_diff1": -0.112184,
        "nauc_mrr_at_1_max": 0.811844,
        "nauc_mrr_at_1_std": 0.568466,
        "nauc_mrr_at_1_diff1": 0.513187,
        "nauc_mrr_at_3_max": 0.817343,
        "nauc_mrr_at_3_std": 0.586334,
        "nauc_mrr_at_3_diff1": 0.549444,
        "nauc_mrr_at_5_max": 0.817283,
        "nauc_mrr_at_5_std": 0.591527,
        "nauc_mrr_at_5_diff1": 0.541405,
        "nauc_mrr_at_10_max": 0.818711,
        "nauc_mrr_at_10_std": 0.590769,
        "nauc_mrr_at_10_diff1": 0.537766,
        "nauc_mrr_at_20_max": 0.816811,
        "nauc_mrr_at_20_std": 0.589741,
        "nauc_mrr_at_20_diff1": 0.534645,
        "nauc_mrr_at_100_max": 0.816649,
        "nauc_mrr_at_100_std": 0.589863,
        "nauc_mrr_at_100_diff1": 0.53476,
        "nauc_mrr_at_1000_max": 0.816631,
        "nauc_mrr_at_1000_std": 0.589765,
        "nauc_mrr_at_1000_diff1": 0.535004,
        "hit_rate_at_1": 0.71429,
        "hit_rate_at_3": 0.87013,
        "hit_rate_at_5": 0.8961,
        "hit_rate_at_10": 0.92208,
        "hit_rate_at_20": 0.96104,
        "hit_rate_at_100": 0.98701,
        "hit_rate_at_1000": 1.0,
        "main_score": 0.6637,
        "hf_subset": "default",
        "languages": [
          "dan-Latn"
        ]
      }
    ]
  },
  "evaluation_time": 1.361677646636963,
  "kg_co2_emissions": null,
  "date": 1774451769.769442
}