{
  "dataset_revision": "1c61e95df3d70835785db4d70f17d3a16a7bd4ce",
  "task_name": "LLMTempReasonL1",
  "mteb_version": "2.11.6",
  "scores": {
    "test": [
      {
        "ndcg_at_1": 0.0,
        "ndcg_at_3": 0.00631,
        "ndcg_at_5": 0.01062,
        "ndcg_at_10": 0.01377,
        "ndcg_at_20": 0.01377,
        "ndcg_at_100": 0.02091,
        "ndcg_at_1000": 0.06258,
        "map_at_1": 0.0,
        "map_at_3": 0.005,
        "map_at_5": 0.0075,
        "map_at_10": 0.00875,
        "map_at_20": 0.00875,
        "map_at_100": 0.00962,
        "map_at_1000": 0.01096,
        "recall_at_1": 0.0,
        "recall_at_3": 0.01,
        "recall_at_5": 0.02,
        "recall_at_10": 0.03,
        "recall_at_20": 0.03,
        "recall_at_100": 0.07,
        "recall_at_1000": 0.41,
        "accuracy": 0.0,
        "precision_at_1": 0.0,
        "precision_at_3": 0.00333,
        "precision_at_5": 0.004,
        "precision_at_10": 0.003,
        "precision_at_20": 0.0015,
        "precision_at_100": 0.0007,
        "precision_at_1000": 0.00041,
        "mrr_at_1": 0.0,
        "mrr_at_3": 0.005,
        "mrr_at_5": 0.0075,
        "mrr_at_10": 0.00875,
        "mrr_at_20": 0.00875,
        "mrr_at_100": 0.009617,
        "mrr_at_1000": 0.010965,
        "nauc_ndcg_at_1_max": NaN,
        "nauc_ndcg_at_1_std": NaN,
        "nauc_ndcg_at_1_diff1": NaN,
        "nauc_ndcg_at_3_max": -0.499598,
        "nauc_ndcg_at_3_std": -0.499598,
        "nauc_ndcg_at_3_diff1": 1.0,
        "nauc_ndcg_at_5_max": -0.028386,
        "nauc_ndcg_at_5_std": -0.380407,
        "nauc_ndcg_at_5_diff1": 1.0,
        "nauc_ndcg_at_10_max": 0.207201,
        "nauc_ndcg_at_10_std": -0.141625,
        "nauc_ndcg_at_10_diff1": 0.922553,
        "nauc_ndcg_at_20_max": 0.207201,
        "nauc_ndcg_at_20_std": -0.141625,
        "nauc_ndcg_at_20_diff1": 0.922553,
        "nauc_ndcg_at_100_max": 0.177923,
        "nauc_ndcg_at_100_std": -0.087493,
        "nauc_ndcg_at_100_diff1": 0.7985,
        "nauc_ndcg_at_1000_max": 0.107942,
        "nauc_ndcg_at_1000_std": -0.030895,
        "nauc_ndcg_at_1000_diff1": 0.392013,
        "nauc_map_at_1_max": NaN,
        "nauc_map_at_1_std": NaN,
        "nauc_map_at_1_diff1": NaN,
        "nauc_map_at_3_max": -0.499598,
        "nauc_map_at_3_std": -0.499598,
        "nauc_map_at_3_diff1": 1.0,
        "nauc_map_at_5_max": -0.112423,
        "nauc_map_at_5_std": -0.401664,
        "nauc_map_at_5_diff1": 1.0,
        "nauc_map_at_10_max": 0.046495,
        "nauc_map_at_10_std": -0.249722,
        "nauc_map_at_10_diff1": 0.951704,
        "nauc_map_at_20_max": 0.046495,
        "nauc_map_at_20_std": -0.249722,
        "nauc_map_at_20_diff1": 0.951704,
        "nauc_map_at_100_max": 0.054443,
        "nauc_map_at_100_std": -0.220246,
        "nauc_map_at_100_diff1": 0.90992,
        "nauc_map_at_1000_max": 0.055327,
        "nauc_map_at_1000_std": -0.192676,
        "nauc_map_at_1000_diff1": 0.840719,
        "nauc_recall_at_1_max": NaN,
        "nauc_recall_at_1_std": NaN,
        "nauc_recall_at_1_diff1": NaN,
        "nauc_recall_at_3_max": -0.499598,
        "nauc_recall_at_3_std": -0.499598,
        "nauc_recall_at_3_diff1": 1.0,
        "nauc_recall_at_5_max": 0.081164,
        "nauc_recall_at_5_std": -0.352697,
        "nauc_recall_at_5_diff1": 1.0,
        "nauc_recall_at_10_max": 0.387443,
        "nauc_recall_at_10_std": -0.014489,
        "nauc_recall_at_10_diff1": 0.887309,
        "nauc_recall_at_20_max": 0.387443,
        "nauc_recall_at_20_std": -0.014489,
        "nauc_recall_at_20_diff1": 0.887309,
        "nauc_recall_at_100_max": 0.231975,
        "nauc_recall_at_100_std": -0.009621,
        "nauc_recall_at_100_diff1": 0.715052,
        "nauc_recall_at_1000_max": 0.097227,
        "nauc_recall_at_1000_std": -0.002325,
        "nauc_recall_at_1000_diff1": 0.182131,
        "nauc_precision_at_1_max": NaN,
        "nauc_precision_at_1_std": NaN,
        "nauc_precision_at_1_diff1": NaN,
        "nauc_precision_at_3_max": -0.499598,
        "nauc_precision_at_3_std": -0.499598,
        "nauc_precision_at_3_diff1": 1.0,
        "nauc_precision_at_5_max": 0.081164,
        "nauc_precision_at_5_std": -0.352697,
        "nauc_precision_at_5_diff1": 1.0,
        "nauc_precision_at_10_max": 0.387443,
        "nauc_precision_at_10_std": -0.014489,
        "nauc_precision_at_10_diff1": 0.887309,
        "nauc_precision_at_20_max": 0.387443,
        "nauc_precision_at_20_std": -0.014489,
        "nauc_precision_at_20_diff1": 0.887309,
        "nauc_precision_at_100_max": 0.231975,
        "nauc_precision_at_100_std": -0.009621,
        "nauc_precision_at_100_diff1": 0.715052,
        "nauc_precision_at_1000_max": 0.097227,
        "nauc_precision_at_1000_std": -0.002325,
        "nauc_precision_at_1000_diff1": 0.182131,
        "nauc_mrr_at_1_max": NaN,
        "nauc_mrr_at_1_std": NaN,
        "nauc_mrr_at_1_diff1": NaN,
        "nauc_mrr_at_3_max": -0.499598,
        "nauc_mrr_at_3_std": -0.499598,
        "nauc_mrr_at_3_diff1": 1.0,
        "nauc_mrr_at_5_max": -0.112423,
        "nauc_mrr_at_5_std": -0.401664,
        "nauc_mrr_at_5_diff1": 1.0,
        "nauc_mrr_at_10_max": 0.046495,
        "nauc_mrr_at_10_std": -0.249722,
        "nauc_mrr_at_10_diff1": 0.951704,
        "nauc_mrr_at_20_max": 0.046495,
        "nauc_mrr_at_20_std": -0.249722,
        "nauc_mrr_at_20_diff1": 0.951704,
        "nauc_mrr_at_100_max": 0.054443,
        "nauc_mrr_at_100_std": -0.220246,
        "nauc_mrr_at_100_diff1": 0.90992,
        "nauc_mrr_at_1000_max": 0.055327,
        "nauc_mrr_at_1000_std": -0.192676,
        "nauc_mrr_at_1000_diff1": 0.840719,
        "hit_rate_at_1": 0.0,
        "hit_rate_at_3": 0.01,
        "hit_rate_at_5": 0.02,
        "hit_rate_at_10": 0.03,
        "hit_rate_at_20": 0.03,
        "hit_rate_at_100": 0.07,
        "hit_rate_at_1000": 0.41,
        "main_score": 0.01377,
        "hf_subset": "default",
        "languages": [
          "eng-Latn"
        ]
      }
    ]
  },
  "evaluation_time": 37.602612257003784,
  "kg_co2_emissions": null,
  "date": 1774451746.10695
}