{
  "dataset_revision": "bc2a1e4c24771a6f3432578016cfb737732398fd",
  "task_name": "LLMWinoGrande",
  "mteb_version": "2.11.6",
  "scores": {
    "test": [
      {
        "ndcg_at_1": 0.285,
        "ndcg_at_3": 0.46791,
        "ndcg_at_5": 0.52602,
        "ndcg_at_10": 0.5639,
        "ndcg_at_20": 0.58537,
        "ndcg_at_100": 0.59515,
        "ndcg_at_1000": 0.59515,
        "map_at_1": 0.285,
        "map_at_3": 0.42083,
        "map_at_5": 0.45333,
        "map_at_10": 0.46937,
        "map_at_20": 0.47526,
        "map_at_100": 0.47642,
        "map_at_1000": 0.47642,
        "recall_at_1": 0.285,
        "recall_at_3": 0.605,
        "recall_at_5": 0.745,
        "recall_at_10": 0.86,
        "recall_at_20": 0.945,
        "recall_at_100": 1.0,
        "recall_at_1000": 1.0,
        "accuracy": 0.285,
        "precision_at_1": 0.285,
        "precision_at_3": 0.20167,
        "precision_at_5": 0.149,
        "precision_at_10": 0.086,
        "precision_at_20": 0.04725,
        "precision_at_100": 0.01,
        "precision_at_1000": 0.001,
        "mrr_at_1": 0.285,
        "mrr_at_3": 0.420833,
        "mrr_at_5": 0.453333,
        "mrr_at_10": 0.469367,
        "mrr_at_20": 0.475259,
        "mrr_at_100": 0.476415,
        "mrr_at_1000": 0.476415,
        "nauc_ndcg_at_1_max": -0.148097,
        "nauc_ndcg_at_1_std": -0.174877,
        "nauc_ndcg_at_1_diff1": -0.098276,
        "nauc_ndcg_at_3_max": -0.145794,
        "nauc_ndcg_at_3_std": -0.229882,
        "nauc_ndcg_at_3_diff1": -0.028339,
        "nauc_ndcg_at_5_max": -0.118141,
        "nauc_ndcg_at_5_std": -0.271395,
        "nauc_ndcg_at_5_diff1": -0.017046,
        "nauc_ndcg_at_10_max": -0.158677,
        "nauc_ndcg_at_10_std": -0.248649,
        "nauc_ndcg_at_10_diff1": -0.048185,
        "nauc_ndcg_at_20_max": -0.159074,
        "nauc_ndcg_at_20_std": -0.250826,
        "nauc_ndcg_at_20_diff1": -0.064444,
        "nauc_ndcg_at_100_max": -0.153638,
        "nauc_ndcg_at_100_std": -0.240189,
        "nauc_ndcg_at_100_diff1": -0.056307,
        "nauc_ndcg_at_1000_max": -0.153638,
        "nauc_ndcg_at_1000_std": -0.240189,
        "nauc_ndcg_at_1000_diff1": -0.056307,
        "nauc_map_at_1_max": -0.148097,
        "nauc_map_at_1_std": -0.174877,
        "nauc_map_at_1_diff1": -0.098276,
        "nauc_map_at_3_max": -0.15005,
        "nauc_map_at_3_std": -0.222114,
        "nauc_map_at_3_diff1": -0.042368,
        "nauc_map_at_5_max": -0.136524,
        "nauc_map_at_5_std": -0.243944,
        "nauc_map_at_5_diff1": -0.03962,
        "nauc_map_at_10_max": -0.152416,
        "nauc_map_at_10_std": -0.233001,
        "nauc_map_at_10_diff1": -0.052237,
        "nauc_map_at_20_max": -0.152626,
        "nauc_map_at_20_std": -0.233921,
        "nauc_map_at_20_diff1": -0.056427,
        "nauc_map_at_100_max": -0.152215,
        "nauc_map_at_100_std": -0.232658,
        "nauc_map_at_100_diff1": -0.056066,
        "nauc_map_at_1000_max": -0.152215,
        "nauc_map_at_1000_std": -0.232658,
        "nauc_map_at_1000_diff1": -0.056066,
        "nauc_recall_at_1_max": -0.148097,
        "nauc_recall_at_1_std": -0.174877,
        "nauc_recall_at_1_diff1": -0.098276,
        "nauc_recall_at_3_max": -0.131104,
        "nauc_recall_at_3_std": -0.251218,
        "nauc_recall_at_3_diff1": 0.013363,
        "nauc_recall_at_5_max": -0.036067,
        "nauc_recall_at_5_std": -0.38444,
        "nauc_recall_at_5_diff1": 0.077036,
        "nauc_recall_at_10_max": -0.217317,
        "nauc_recall_at_10_std": -0.343062,
        "nauc_recall_at_10_diff1": -0.040928,
        "nauc_recall_at_20_max": -0.300314,
        "nauc_recall_at_20_std": -0.488541,
        "nauc_recall_at_20_diff1": -0.294966,
        "nauc_recall_at_100_max": NaN,
        "nauc_recall_at_100_std": NaN,
        "nauc_recall_at_100_diff1": NaN,
        "nauc_recall_at_1000_max": NaN,
        "nauc_recall_at_1000_std": NaN,
        "nauc_recall_at_1000_diff1": NaN,
        "nauc_precision_at_1_max": -0.148097,
        "nauc_precision_at_1_std": -0.174877,
        "nauc_precision_at_1_diff1": -0.098276,
        "nauc_precision_at_3_max": -0.131104,
        "nauc_precision_at_3_std": -0.251218,
        "nauc_precision_at_3_diff1": 0.013363,
        "nauc_precision_at_5_max": -0.036067,
        "nauc_precision_at_5_std": -0.38444,
        "nauc_precision_at_5_diff1": 0.077036,
        "nauc_precision_at_10_max": -0.217317,
        "nauc_precision_at_10_std": -0.343062,
        "nauc_precision_at_10_diff1": -0.040928,
        "nauc_precision_at_20_max": -0.300314,
        "nauc_precision_at_20_std": -0.488541,
        "nauc_precision_at_20_diff1": -0.294966,
        "nauc_precision_at_100_max": 1.0,
        "nauc_precision_at_100_std": 1.0,
        "nauc_precision_at_100_diff1": 1.0,
        "nauc_precision_at_1000_max": 1.0,
        "nauc_precision_at_1000_std": 1.0,
        "nauc_precision_at_1000_diff1": 1.0,
        "nauc_mrr_at_1_max": -0.148097,
        "nauc_mrr_at_1_std": -0.174877,
        "nauc_mrr_at_1_diff1": -0.098276,
        "nauc_mrr_at_3_max": -0.15005,
        "nauc_mrr_at_3_std": -0.222114,
        "nauc_mrr_at_3_diff1": -0.042368,
        "nauc_mrr_at_5_max": -0.136524,
        "nauc_mrr_at_5_std": -0.243944,
        "nauc_mrr_at_5_diff1": -0.03962,
        "nauc_mrr_at_10_max": -0.152416,
        "nauc_mrr_at_10_std": -0.233001,
        "nauc_mrr_at_10_diff1": -0.052237,
        "nauc_mrr_at_20_max": -0.152626,
        "nauc_mrr_at_20_std": -0.233921,
        "nauc_mrr_at_20_diff1": -0.056427,
        "nauc_mrr_at_100_max": -0.152215,
        "nauc_mrr_at_100_std": -0.232658,
        "nauc_mrr_at_100_diff1": -0.056066,
        "nauc_mrr_at_1000_max": -0.152215,
        "nauc_mrr_at_1000_std": -0.232658,
        "nauc_mrr_at_1000_diff1": -0.056066,
        "hit_rate_at_1": 0.285,
        "hit_rate_at_3": 0.605,
        "hit_rate_at_5": 0.745,
        "hit_rate_at_10": 0.86,
        "hit_rate_at_20": 0.945,
        "hit_rate_at_100": 1.0,
        "hit_rate_at_1000": 1.0,
        "main_score": 0.5639,
        "hf_subset": "default",
        "languages": [
          "eng-Latn"
        ]
      }
    ]
  },
  "evaluation_time": 16.97044014930725,
  "kg_co2_emissions": null,
  "date": 1774451789.88886
}