{
  "dataset_revision": "a2acf12d293ea934823ca26752a05c5bfab24dff",
  "task_name": "LLMAILAStatutes",
  "mteb_version": "2.11.6",
  "scores": {
    "test": [
      {
        "ndcg_at_1": 0.4,
        "ndcg_at_3": 0.32372,
        "ndcg_at_5": 0.30239,
        "ndcg_at_10": 0.36908,
        "ndcg_at_20": 0.43502,
        "ndcg_at_100": 0.56797,
        "ndcg_at_1000": 0.56797,
        "map_at_1": 0.106,
        "map_at_3": 0.17817,
        "map_at_5": 0.21165,
        "map_at_10": 0.25087,
        "map_at_20": 0.28066,
        "map_at_100": 0.32135,
        "map_at_1000": 0.32135,
        "recall_at_1": 0.106,
        "recall_at_3": 0.212,
        "recall_at_5": 0.27867,
        "recall_at_10": 0.40333,
        "recall_at_20": 0.56433,
        "recall_at_100": 1.0,
        "recall_at_1000": 1.0,
        "accuracy": 0.106,
        "precision_at_1": 0.4,
        "precision_at_3": 0.29333,
        "precision_at_5": 0.236,
        "precision_at_10": 0.174,
        "precision_at_20": 0.123,
        "precision_at_100": 0.0434,
        "precision_at_1000": 0.00434,
        "mrr_at_1": 0.4,
        "mrr_at_3": 0.493333,
        "mrr_at_5": 0.512333,
        "mrr_at_10": 0.531079,
        "mrr_at_20": 0.539175,
        "mrr_at_100": 0.541465,
        "mrr_at_1000": 0.541465,
        "nauc_ndcg_at_1_max": 0.581977,
        "nauc_ndcg_at_1_std": 0.204506,
        "nauc_ndcg_at_1_diff1": 0.31277,
        "nauc_ndcg_at_3_max": 0.533674,
        "nauc_ndcg_at_3_std": 0.220366,
        "nauc_ndcg_at_3_diff1": 0.371884,
        "nauc_ndcg_at_5_max": 0.528842,
        "nauc_ndcg_at_5_std": 0.232496,
        "nauc_ndcg_at_5_diff1": 0.284945,
        "nauc_ndcg_at_10_max": 0.48444,
        "nauc_ndcg_at_10_std": 0.292792,
        "nauc_ndcg_at_10_diff1": 0.215755,
        "nauc_ndcg_at_20_max": 0.498417,
        "nauc_ndcg_at_20_std": 0.288463,
        "nauc_ndcg_at_20_diff1": 0.217933,
        "nauc_ndcg_at_100_max": 0.49934,
        "nauc_ndcg_at_100_std": 0.259415,
        "nauc_ndcg_at_100_diff1": 0.244438,
        "nauc_ndcg_at_1000_max": 0.49934,
        "nauc_ndcg_at_1000_std": 0.259415,
        "nauc_ndcg_at_1000_diff1": 0.244438,
        "nauc_map_at_1_max": 0.435274,
        "nauc_map_at_1_std": 0.251731,
        "nauc_map_at_1_diff1": 0.131156,
        "nauc_map_at_3_max": 0.474333,
        "nauc_map_at_3_std": 0.236447,
        "nauc_map_at_3_diff1": 0.312882,
        "nauc_map_at_5_max": 0.504662,
        "nauc_map_at_5_std": 0.252929,
        "nauc_map_at_5_diff1": 0.264339,
        "nauc_map_at_10_max": 0.493414,
        "nauc_map_at_10_std": 0.268801,
        "nauc_map_at_10_diff1": 0.232121,
        "nauc_map_at_20_max": 0.512158,
        "nauc_map_at_20_std": 0.285098,
        "nauc_map_at_20_diff1": 0.230271,
        "nauc_map_at_100_max": 0.496583,
        "nauc_map_at_100_std": 0.269326,
        "nauc_map_at_100_diff1": 0.226274,
        "nauc_map_at_1000_max": 0.496583,
        "nauc_map_at_1000_std": 0.269326,
        "nauc_map_at_1000_diff1": 0.226274,
        "nauc_recall_at_1_max": 0.435274,
        "nauc_recall_at_1_std": 0.251731,
        "nauc_recall_at_1_diff1": 0.131156,
        "nauc_recall_at_3_max": 0.509125,
        "nauc_recall_at_3_std": 0.262393,
        "nauc_recall_at_3_diff1": 0.32902,
        "nauc_recall_at_5_max": 0.515392,
        "nauc_recall_at_5_std": 0.22421,
        "nauc_recall_at_5_diff1": 0.250695,
        "nauc_recall_at_10_max": 0.398,
        "nauc_recall_at_10_std": 0.327703,
        "nauc_recall_at_10_diff1": 0.108466,
        "nauc_recall_at_20_max": 0.384817,
        "nauc_recall_at_20_std": 0.288881,
        "nauc_recall_at_20_diff1": 0.078145,
        "nauc_recall_at_100_max": NaN,
        "nauc_recall_at_100_std": NaN,
        "nauc_recall_at_100_diff1": NaN,
        "nauc_recall_at_1000_max": NaN,
        "nauc_recall_at_1000_std": NaN,
        "nauc_recall_at_1000_diff1": NaN,
        "nauc_precision_at_1_max": 0.581977,
        "nauc_precision_at_1_std": 0.204506,
        "nauc_precision_at_1_diff1": 0.31277,
        "nauc_precision_at_3_max": 0.548995,
        "nauc_precision_at_3_std": 0.196644,
        "nauc_precision_at_3_diff1": 0.431964,
        "nauc_precision_at_5_max": 0.50466,
        "nauc_precision_at_5_std": 0.148599,
        "nauc_precision_at_5_diff1": 0.304623,
        "nauc_precision_at_10_max": 0.367921,
        "nauc_precision_at_10_std": 0.216465,
        "nauc_precision_at_10_diff1": 0.142267,
        "nauc_precision_at_20_max": 0.32528,
        "nauc_precision_at_20_std": 0.156828,
        "nauc_precision_at_20_diff1": 0.123377,
        "nauc_precision_at_100_max": -0.063665,
        "nauc_precision_at_100_std": -0.284517,
        "nauc_precision_at_100_diff1": 0.097345,
        "nauc_precision_at_1000_max": -0.063665,
        "nauc_precision_at_1000_std": -0.284517,
        "nauc_precision_at_1000_diff1": 0.097345,
        "nauc_mrr_at_1_max": 0.581977,
        "nauc_mrr_at_1_std": 0.204506,
        "nauc_mrr_at_1_diff1": 0.31277,
        "nauc_mrr_at_3_max": 0.561112,
        "nauc_mrr_at_3_std": 0.245167,
        "nauc_mrr_at_3_diff1": 0.324656,
        "nauc_mrr_at_5_max": 0.559229,
        "nauc_mrr_at_5_std": 0.225391,
        "nauc_mrr_at_5_diff1": 0.317466,
        "nauc_mrr_at_10_max": 0.542753,
        "nauc_mrr_at_10_std": 0.253258,
        "nauc_mrr_at_10_diff1": 0.307257,
        "nauc_mrr_at_20_max": 0.54097,
        "nauc_mrr_at_20_std": 0.241775,
        "nauc_mrr_at_20_diff1": 0.315995,
        "nauc_mrr_at_100_max": 0.543534,
        "nauc_mrr_at_100_std": 0.243965,
        "nauc_mrr_at_100_diff1": 0.312255,
        "nauc_mrr_at_1000_max": 0.543534,
        "nauc_mrr_at_1000_std": 0.243965,
        "nauc_mrr_at_1000_diff1": 0.312255,
        "hit_rate_at_1": 0.4,
        "hit_rate_at_3": 0.6,
        "hit_rate_at_5": 0.68,
        "hit_rate_at_10": 0.82,
        "hit_rate_at_20": 0.94,
        "hit_rate_at_100": 1.0,
        "hit_rate_at_1000": 1.0,
        "main_score": 0.36908,
        "hf_subset": "default",
        "languages": [
          "eng-Latn"
        ]
      }
    ]
  },
  "evaluation_time": 5.7944886684417725,
  "kg_co2_emissions": null,
  "date": 1774402964.194323
}