{
  "dataset_revision": "300cb175d1b608cfc3fdb94fd06b3ceb937f9b6a",
  "task_name": "LLMLegalBenchCorporateLobbying",
  "mteb_version": "2.11.6",
  "scores": {
    "test": [
      {
        "ndcg_at_1": 0.90588,
        "ndcg_at_3": 0.95336,
        "ndcg_at_5": 0.95576,
        "ndcg_at_10": 0.95763,
        "ndcg_at_20": 0.95763,
        "ndcg_at_100": 0.95821,
        "ndcg_at_1000": 0.95858,
        "map_at_1": 0.90588,
        "map_at_3": 0.94314,
        "map_at_5": 0.94446,
        "map_at_10": 0.94521,
        "map_at_20": 0.94521,
        "map_at_100": 0.9453,
        "map_at_1000": 0.94531,
        "recall_at_1": 0.90588,
        "recall_at_3": 0.98235,
        "recall_at_5": 0.98824,
        "recall_at_10": 0.99412,
        "recall_at_20": 0.99412,
        "recall_at_100": 0.99706,
        "recall_at_1000": 1.0,
        "accuracy": 0.90588,
        "precision_at_1": 0.90588,
        "precision_at_3": 0.32745,
        "precision_at_5": 0.19765,
        "precision_at_10": 0.09941,
        "precision_at_20": 0.04971,
        "precision_at_100": 0.00997,
        "precision_at_1000": 0.001,
        "mrr_at_1": 0.905882,
        "mrr_at_3": 0.943137,
        "mrr_at_5": 0.944461,
        "mrr_at_10": 0.945208,
        "mrr_at_20": 0.945208,
        "mrr_at_100": 0.945297,
        "mrr_at_1000": 0.945309,
        "nauc_ndcg_at_1_max": 0.290033,
        "nauc_ndcg_at_1_std": -0.297138,
        "nauc_ndcg_at_1_diff1": 0.875336,
        "nauc_ndcg_at_3_max": 0.370028,
        "nauc_ndcg_at_3_std": -0.340792,
        "nauc_ndcg_at_3_diff1": 0.870133,
        "nauc_ndcg_at_5_max": 0.34289,
        "nauc_ndcg_at_5_std": -0.298426,
        "nauc_ndcg_at_5_diff1": 0.866817,
        "nauc_ndcg_at_10_max": 0.316979,
        "nauc_ndcg_at_10_std": -0.303083,
        "nauc_ndcg_at_10_diff1": 0.863977,
        "nauc_ndcg_at_20_max": 0.316979,
        "nauc_ndcg_at_20_std": -0.303083,
        "nauc_ndcg_at_20_diff1": 0.863977,
        "nauc_ndcg_at_100_max": 0.337296,
        "nauc_ndcg_at_100_std": -0.283206,
        "nauc_ndcg_at_100_diff1": 0.870975,
        "nauc_ndcg_at_1000_max": 0.331402,
        "nauc_ndcg_at_1000_std": -0.294619,
        "nauc_ndcg_at_1000_diff1": 0.869828,
        "nauc_map_at_1_max": 0.290033,
        "nauc_map_at_1_std": -0.297138,
        "nauc_map_at_1_diff1": 0.875336,
        "nauc_map_at_3_max": 0.346651,
        "nauc_map_at_3_std": -0.318523,
        "nauc_map_at_3_diff1": 0.87234,
        "nauc_map_at_5_max": 0.334196,
        "nauc_map_at_5_std": -0.300225,
        "nauc_map_at_5_diff1": 0.871028,
        "nauc_map_at_10_max": 0.326122,
        "nauc_map_at_10_std": -0.30067,
        "nauc_map_at_10_diff1": 0.870272,
        "nauc_map_at_20_max": 0.326122,
        "nauc_map_at_20_std": -0.30067,
        "nauc_map_at_20_diff1": 0.870272,
        "nauc_map_at_100_max": 0.32853,
        "nauc_map_at_100_std": -0.298325,
        "nauc_map_at_100_diff1": 0.871107,
        "nauc_map_at_1000_max": 0.328386,
        "nauc_map_at_1000_std": -0.298602,
        "nauc_map_at_1000_diff1": 0.871079,
        "nauc_recall_at_1_max": 0.290033,
        "nauc_recall_at_1_std": -0.297138,
        "nauc_recall_at_1_diff1": 0.875336,
        "nauc_recall_at_3_max": 0.576019,
        "nauc_recall_at_3_std": -0.554311,
        "nauc_recall_at_3_diff1": 0.84944,
        "nauc_recall_at_5_max": 0.429388,
        "nauc_recall_at_5_std": -0.255602,
        "nauc_recall_at_5_diff1": 0.806839,
        "nauc_recall_at_10_max": -0.075864,
        "nauc_recall_at_10_std": -0.369981,
        "nauc_recall_at_10_diff1": 0.679038,
        "nauc_recall_at_20_max": -0.075864,
        "nauc_recall_at_20_std": -0.369981,
        "nauc_recall_at_20_diff1": 0.679038,
        "nauc_recall_at_100_max": 1.0,
        "nauc_recall_at_100_std": 1.0,
        "nauc_recall_at_100_diff1": 1.0,
        "nauc_recall_at_1000_max": NaN,
        "nauc_recall_at_1000_std": NaN,
        "nauc_recall_at_1000_diff1": NaN,
        "nauc_precision_at_1_max": 0.290033,
        "nauc_precision_at_1_std": -0.297138,
        "nauc_precision_at_1_diff1": 0.875336,
        "nauc_precision_at_3_max": 0.576019,
        "nauc_precision_at_3_std": -0.554311,
        "nauc_precision_at_3_diff1": 0.84944,
        "nauc_precision_at_5_max": 0.429388,
        "nauc_precision_at_5_std": -0.255602,
        "nauc_precision_at_5_diff1": 0.806839,
        "nauc_precision_at_10_max": -0.075864,
        "nauc_precision_at_10_std": -0.369981,
        "nauc_precision_at_10_diff1": 0.679038,
        "nauc_precision_at_20_max": -0.075864,
        "nauc_precision_at_20_std": -0.369981,
        "nauc_precision_at_20_diff1": 0.679038,
        "nauc_precision_at_100_max": 1.0,
        "nauc_precision_at_100_std": 1.0,
        "nauc_precision_at_100_diff1": 1.0,
        "nauc_precision_at_1000_max": 1.0,
        "nauc_precision_at_1000_std": 1.0,
        "nauc_precision_at_1000_diff1": 1.0,
        "nauc_mrr_at_1_max": 0.290033,
        "nauc_mrr_at_1_std": -0.297138,
        "nauc_mrr_at_1_diff1": 0.875336,
        "nauc_mrr_at_3_max": 0.346651,
        "nauc_mrr_at_3_std": -0.318523,
        "nauc_mrr_at_3_diff1": 0.87234,
        "nauc_mrr_at_5_max": 0.334196,
        "nauc_mrr_at_5_std": -0.300225,
        "nauc_mrr_at_5_diff1": 0.871028,
        "nauc_mrr_at_10_max": 0.326122,
        "nauc_mrr_at_10_std": -0.30067,
        "nauc_mrr_at_10_diff1": 0.870272,
        "nauc_mrr_at_20_max": 0.326122,
        "nauc_mrr_at_20_std": -0.30067,
        "nauc_mrr_at_20_diff1": 0.870272,
        "nauc_mrr_at_100_max": 0.32853,
        "nauc_mrr_at_100_std": -0.298325,
        "nauc_mrr_at_100_diff1": 0.871107,
        "nauc_mrr_at_1000_max": 0.328386,
        "nauc_mrr_at_1000_std": -0.298602,
        "nauc_mrr_at_1000_diff1": 0.871079,
        "hit_rate_at_1": 0.90588,
        "hit_rate_at_3": 0.98235,
        "hit_rate_at_5": 0.98824,
        "hit_rate_at_10": 0.99412,
        "hit_rate_at_20": 0.99412,
        "hit_rate_at_100": 0.99706,
        "hit_rate_at_1000": 1.0,
        "main_score": 0.95763,
        "hf_subset": "default",
        "languages": [
          "eng-Latn"
        ]
      }
    ]
  },
  "evaluation_time": 5.30084490776062,
  "kg_co2_emissions": null,
  "date": 1774402971.49298
}