{
  "dataset_revision": "d6628df131c3279007b88fe3e057e809dac056af",
  "task_name": "LLMSpartQA",
  "mteb_version": "2.11.6",
  "scores": {
    "test": [
      {
        "ndcg_at_1": 0.005,
        "ndcg_at_3": 0.01337,
        "ndcg_at_5": 0.03477,
        "ndcg_at_10": 0.07217,
        "ndcg_at_20": 0.09701,
        "ndcg_at_100": 0.13367,
        "ndcg_at_1000": 0.1761,
        "map_at_1": 0.005,
        "map_at_3": 0.00944,
        "map_at_5": 0.02036,
        "map_at_10": 0.03476,
        "map_at_20": 0.0415,
        "map_at_100": 0.04614,
        "map_at_1000": 0.04744,
        "recall_at_1": 0.005,
        "recall_at_3": 0.01833,
        "recall_at_5": 0.065,
        "recall_at_10": 0.17167,
        "recall_at_20": 0.25833,
        "recall_at_100": 0.43,
        "recall_at_1000": 0.74167,
        "accuracy": 0.005,
        "precision_at_1": 0.005,
        "precision_at_3": 0.01167,
        "precision_at_5": 0.021,
        "precision_at_10": 0.0265,
        "precision_at_20": 0.02025,
        "precision_at_100": 0.0074,
        "precision_at_1000": 0.00126,
        "mrr_at_1": 0.005,
        "mrr_at_3": 0.015,
        "mrr_at_5": 0.03125,
        "mrr_at_10": 0.049579,
        "mrr_at_20": 0.057682,
        "mrr_at_100": 0.062797,
        "mrr_at_1000": 0.064084,
        "nauc_ndcg_at_1_max": -0.205796,
        "nauc_ndcg_at_1_std": 1.0,
        "nauc_ndcg_at_1_diff1": -0.415079,
        "nauc_ndcg_at_3_max": -0.171906,
        "nauc_ndcg_at_3_std": 0.719083,
        "nauc_ndcg_at_3_diff1": -0.26699,
        "nauc_ndcg_at_5_max": -0.248087,
        "nauc_ndcg_at_5_std": 0.427448,
        "nauc_ndcg_at_5_diff1": -0.15755,
        "nauc_ndcg_at_10_max": -0.197361,
        "nauc_ndcg_at_10_std": 0.438155,
        "nauc_ndcg_at_10_diff1": -0.095191,
        "nauc_ndcg_at_20_max": -0.119431,
        "nauc_ndcg_at_20_std": 0.502499,
        "nauc_ndcg_at_20_diff1": -0.098695,
        "nauc_ndcg_at_100_max": -0.17528,
        "nauc_ndcg_at_100_std": 0.495653,
        "nauc_ndcg_at_100_diff1": -0.07792,
        "nauc_ndcg_at_1000_max": -0.132033,
        "nauc_ndcg_at_1000_std": 0.513456,
        "nauc_ndcg_at_1000_diff1": -0.083271,
        "nauc_map_at_1_max": -0.205796,
        "nauc_map_at_1_std": 1.0,
        "nauc_map_at_1_diff1": -0.415079,
        "nauc_map_at_3_max": -0.183084,
        "nauc_map_at_3_std": 0.811739,
        "nauc_map_at_3_diff1": -0.315835,
        "nauc_map_at_5_max": -0.240004,
        "nauc_map_at_5_std": 0.509889,
        "nauc_map_at_5_diff1": -0.18849,
        "nauc_map_at_10_max": -0.209122,
        "nauc_map_at_10_std": 0.491955,
        "nauc_map_at_10_diff1": -0.136572,
        "nauc_map_at_20_max": -0.162901,
        "nauc_map_at_20_std": 0.531993,
        "nauc_map_at_20_diff1": -0.140948,
        "nauc_map_at_100_max": -0.178653,
        "nauc_map_at_100_std": 0.527274,
        "nauc_map_at_100_diff1": -0.136148,
        "nauc_map_at_1000_max": -0.174226,
        "nauc_map_at_1000_std": 0.531136,
        "nauc_map_at_1000_diff1": -0.135672,
        "nauc_recall_at_1_max": -0.205796,
        "nauc_recall_at_1_std": 1.0,
        "nauc_recall_at_1_diff1": -0.415079,
        "nauc_recall_at_3_max": -0.170695,
        "nauc_recall_at_3_std": 0.709052,
        "nauc_recall_at_3_diff1": -0.261702,
        "nauc_recall_at_5_max": -0.263878,
        "nauc_recall_at_5_std": 0.36441,
        "nauc_recall_at_5_diff1": -0.126057,
        "nauc_recall_at_10_max": -0.191986,
        "nauc_recall_at_10_std": 0.419075,
        "nauc_recall_at_10_diff1": -0.070759,
        "nauc_recall_at_20_max": -0.071988,
        "nauc_recall_at_20_std": 0.487615,
        "nauc_recall_at_20_diff1": -0.067376,
        "nauc_recall_at_100_max": -0.153038,
        "nauc_recall_at_100_std": 0.46348,
        "nauc_recall_at_100_diff1": -0.028736,
        "nauc_recall_at_1000_max": -0.013513,
        "nauc_recall_at_1000_std": 0.361462,
        "nauc_recall_at_1000_diff1": -0.008437,
        "nauc_precision_at_1_max": -0.205796,
        "nauc_precision_at_1_std": 1.0,
        "nauc_precision_at_1_diff1": -0.415079,
        "nauc_precision_at_3_max": -0.150638,
        "nauc_precision_at_3_std": 0.542796,
        "nauc_precision_at_3_diff1": -0.174058,
        "nauc_precision_at_5_max": -0.253548,
        "nauc_precision_at_5_std": 0.349566,
        "nauc_precision_at_5_diff1": -0.13965,
        "nauc_precision_at_10_max": -0.181883,
        "nauc_precision_at_10_std": 0.334772,
        "nauc_precision_at_10_diff1": -0.070584,
        "nauc_precision_at_20_max": -0.104207,
        "nauc_precision_at_20_std": 0.434701,
        "nauc_precision_at_20_diff1": -0.078777,
        "nauc_precision_at_100_max": -0.214842,
        "nauc_precision_at_100_std": 0.281266,
        "nauc_precision_at_100_diff1": -0.011361,
        "nauc_precision_at_1000_max": -0.033344,
        "nauc_precision_at_1000_std": 0.015209,
        "nauc_precision_at_1000_diff1": -0.011321,
        "nauc_mrr_at_1_max": -0.205796,
        "nauc_mrr_at_1_std": 1.0,
        "nauc_mrr_at_1_diff1": -0.415079,
        "nauc_mrr_at_3_max": -0.162895,
        "nauc_mrr_at_3_std": 0.644397,
        "nauc_mrr_at_3_diff1": -0.227618,
        "nauc_mrr_at_5_max": -0.228882,
        "nauc_mrr_at_5_std": 0.450285,
        "nauc_mrr_at_5_diff1": -0.175481,
        "nauc_mrr_at_10_max": -0.179832,
        "nauc_mrr_at_10_std": 0.445881,
        "nauc_mrr_at_10_diff1": -0.100461,
        "nauc_mrr_at_20_max": -0.141445,
        "nauc_mrr_at_20_std": 0.470836,
        "nauc_mrr_at_20_diff1": -0.106466,
        "nauc_mrr_at_100_max": -0.139564,
        "nauc_mrr_at_100_std": 0.462516,
        "nauc_mrr_at_100_diff1": -0.107324,
        "nauc_mrr_at_1000_max": -0.135858,
        "nauc_mrr_at_1000_std": 0.464934,
        "nauc_mrr_at_1000_diff1": -0.10663,
        "hit_rate_at_1": 0.005,
        "hit_rate_at_3": 0.035,
        "hit_rate_at_5": 0.105,
        "hit_rate_at_10": 0.245,
        "hit_rate_at_20": 0.36,
        "hit_rate_at_100": 0.56,
        "hit_rate_at_1000": 0.905,
        "main_score": 0.07217,
        "hf_subset": "default",
        "languages": [
          "eng-Latn"
        ]
      }
    ]
  },
  "evaluation_time": 6.473814249038696,
  "kg_co2_emissions": null,
  "date": 1774402980.115723
}