{
  "dataset_revision": "1c61e95df3d70835785db4d70f17d3a16a7bd4ce",
  "task_name": "LLMTempReasonL1",
  "mteb_version": "2.11.6",
  "scores": {
    "test": [
      {
        "ndcg_at_1": 0.02,
        "ndcg_at_3": 0.02631,
        "ndcg_at_5": 0.03018,
        "ndcg_at_10": 0.04636,
        "ndcg_at_20": 0.06479,
        "ndcg_at_100": 0.09305,
        "ndcg_at_1000": 0.15812,
        "map_at_1": 0.02,
        "map_at_3": 0.025,
        "map_at_5": 0.027,
        "map_at_10": 0.03369,
        "map_at_20": 0.03914,
        "map_at_100": 0.04244,
        "map_at_1000": 0.04444,
        "recall_at_1": 0.02,
        "recall_at_3": 0.03,
        "recall_at_5": 0.04,
        "recall_at_10": 0.09,
        "recall_at_20": 0.16,
        "recall_at_100": 0.32,
        "recall_at_1000": 0.86,
        "accuracy": 0.02,
        "precision_at_1": 0.02,
        "precision_at_3": 0.01,
        "precision_at_5": 0.008,
        "precision_at_10": 0.009,
        "precision_at_20": 0.008,
        "precision_at_100": 0.0032,
        "precision_at_1000": 0.00086,
        "mrr_at_1": 0.02,
        "mrr_at_3": 0.025,
        "mrr_at_5": 0.027,
        "mrr_at_10": 0.033694,
        "mrr_at_20": 0.039139,
        "mrr_at_100": 0.042444,
        "mrr_at_1000": 0.044444,
        "nauc_ndcg_at_1_max": 0.397102,
        "nauc_ndcg_at_1_std": 0.661926,
        "nauc_ndcg_at_1_diff1": 0.397102,
        "nauc_ndcg_at_3_max": 0.164046,
        "nauc_ndcg_at_3_std": 0.526803,
        "nauc_ndcg_at_3_diff1": 0.379536,
        "nauc_ndcg_at_5_max": 0.22787,
        "nauc_ndcg_at_5_std": 0.587462,
        "nauc_ndcg_at_5_diff1": 0.459074,
        "nauc_ndcg_at_10_max": 0.272647,
        "nauc_ndcg_at_10_std": 0.475536,
        "nauc_ndcg_at_10_diff1": 0.314297,
        "nauc_ndcg_at_20_max": 0.185919,
        "nauc_ndcg_at_20_std": 0.419099,
        "nauc_ndcg_at_20_diff1": 0.237193,
        "nauc_ndcg_at_100_max": 0.083834,
        "nauc_ndcg_at_100_std": 0.418278,
        "nauc_ndcg_at_100_diff1": 0.201571,
        "nauc_ndcg_at_1000_max": 0.157625,
        "nauc_ndcg_at_1000_std": 0.478309,
        "nauc_ndcg_at_1000_diff1": 0.209645,
        "nauc_map_at_1_max": 0.397102,
        "nauc_map_at_1_std": 0.661926,
        "nauc_map_at_1_diff1": 0.397102,
        "nauc_map_at_3_max": 0.202737,
        "nauc_map_at_3_std": 0.549235,
        "nauc_map_at_3_diff1": 0.382452,
        "nauc_map_at_5_max": 0.236751,
        "nauc_map_at_5_std": 0.582625,
        "nauc_map_at_5_diff1": 0.428197,
        "nauc_map_at_10_max": 0.2665,
        "nauc_map_at_10_std": 0.517962,
        "nauc_map_at_10_diff1": 0.345453,
        "nauc_map_at_20_max": 0.225252,
        "nauc_map_at_20_std": 0.489921,
        "nauc_map_at_20_diff1": 0.307958,
        "nauc_map_at_100_max": 0.203865,
        "nauc_map_at_100_std": 0.489502,
        "nauc_map_at_100_diff1": 0.296846,
        "nauc_map_at_1000_max": 0.206705,
        "nauc_map_at_1000_std": 0.495989,
        "nauc_map_at_1000_diff1": 0.296583,
        "nauc_recall_at_1_max": 0.397102,
        "nauc_recall_at_1_std": 0.661926,
        "nauc_recall_at_1_diff1": 0.397102,
        "nauc_recall_at_3_max": 0.07316,
        "nauc_recall_at_3_std": 0.474108,
        "nauc_recall_at_3_diff1": 0.372686,
        "nauc_recall_at_5_max": 0.220351,
        "nauc_recall_at_5_std": 0.605581,
        "nauc_recall_at_5_diff1": 0.529514,
        "nauc_recall_at_10_max": 0.283397,
        "nauc_recall_at_10_std": 0.420803,
        "nauc_recall_at_10_diff1": 0.272516,
        "nauc_recall_at_20_max": 0.141784,
        "nauc_recall_at_20_std": 0.343678,
        "nauc_recall_at_20_diff1": 0.158972,
        "nauc_recall_at_100_max": -0.052446,
        "nauc_recall_at_100_std": 0.35833,
        "nauc_recall_at_100_diff1": 0.114016,
        "nauc_recall_at_1000_max": 0.216433,
        "nauc_recall_at_1000_std": 0.544236,
        "nauc_recall_at_1000_diff1": 0.052065,
        "nauc_precision_at_1_max": 0.397102,
        "nauc_precision_at_1_std": 0.661926,
        "nauc_precision_at_1_diff1": 0.397102,
        "nauc_precision_at_3_max": 0.07316,
        "nauc_precision_at_3_std": 0.474108,
        "nauc_precision_at_3_diff1": 0.372686,
        "nauc_precision_at_5_max": 0.220351,
        "nauc_precision_at_5_std": 0.605581,
        "nauc_precision_at_5_diff1": 0.529514,
        "nauc_precision_at_10_max": 0.283397,
        "nauc_precision_at_10_std": 0.420803,
        "nauc_precision_at_10_diff1": 0.272516,
        "nauc_precision_at_20_max": 0.141784,
        "nauc_precision_at_20_std": 0.343678,
        "nauc_precision_at_20_diff1": 0.158972,
        "nauc_precision_at_100_max": -0.052446,
        "nauc_precision_at_100_std": 0.35833,
        "nauc_precision_at_100_diff1": 0.114016,
        "nauc_precision_at_1000_max": 0.216433,
        "nauc_precision_at_1000_std": 0.544236,
        "nauc_precision_at_1000_diff1": 0.052065,
        "nauc_mrr_at_1_max": 0.397102,
        "nauc_mrr_at_1_std": 0.661926,
        "nauc_mrr_at_1_diff1": 0.397102,
        "nauc_mrr_at_3_max": 0.202737,
        "nauc_mrr_at_3_std": 0.549235,
        "nauc_mrr_at_3_diff1": 0.382452,
        "nauc_mrr_at_5_max": 0.236751,
        "nauc_mrr_at_5_std": 0.582625,
        "nauc_mrr_at_5_diff1": 0.428197,
        "nauc_mrr_at_10_max": 0.2665,
        "nauc_mrr_at_10_std": 0.517962,
        "nauc_mrr_at_10_diff1": 0.345453,
        "nauc_mrr_at_20_max": 0.225252,
        "nauc_mrr_at_20_std": 0.489921,
        "nauc_mrr_at_20_diff1": 0.307958,
        "nauc_mrr_at_100_max": 0.203865,
        "nauc_mrr_at_100_std": 0.489502,
        "nauc_mrr_at_100_diff1": 0.296846,
        "nauc_mrr_at_1000_max": 0.206705,
        "nauc_mrr_at_1000_std": 0.495989,
        "nauc_mrr_at_1000_diff1": 0.296583,
        "hit_rate_at_1": 0.02,
        "hit_rate_at_3": 0.03,
        "hit_rate_at_5": 0.04,
        "hit_rate_at_10": 0.09,
        "hit_rate_at_20": 0.16,
        "hit_rate_at_100": 0.32,
        "hit_rate_at_1000": 0.86,
        "main_score": 0.04636,
        "hf_subset": "default",
        "languages": [
          "eng-Latn"
        ]
      }
    ]
  },
  "evaluation_time": 46.52944612503052,
  "kg_co2_emissions": null,
  "date": 1774402956.353269
}