{
  "dataset_revision": "31f9b918c30ef94e15a168cb95ca4ebf291396eb",
  "task_name": "LLMTwitterHjerneRetrieval",
  "mteb_version": "2.11.6",
  "scores": {
    "train": [
      {
        "ndcg_at_1": 0.90909,
        "ndcg_at_3": 0.7916,
        "ndcg_at_5": 0.77775,
        "ndcg_at_10": 0.80625,
        "ndcg_at_20": 0.82273,
        "ndcg_at_100": 0.85432,
        "ndcg_at_1000": 0.85918,
        "map_at_1": 0.29113,
        "map_at_3": 0.61378,
        "map_at_5": 0.70531,
        "map_at_10": 0.73245,
        "map_at_20": 0.74174,
        "map_at_100": 0.7513,
        "map_at_1000": 0.75174,
        "recall_at_1": 0.29113,
        "recall_at_3": 0.62511,
        "recall_at_5": 0.73831,
        "recall_at_10": 0.80996,
        "recall_at_20": 0.85411,
        "recall_at_100": 0.97143,
        "recall_at_1000": 1.0,
        "accuracy": 0.29113,
        "precision_at_1": 0.90909,
        "precision_at_3": 0.7013,
        "precision_at_5": 0.51429,
        "precision_at_10": 0.28052,
        "precision_at_20": 0.1474,
        "precision_at_100": 0.03338,
        "precision_at_1000": 0.0034,
        "mrr_at_1": 0.909091,
        "mrr_at_3": 0.915584,
        "mrr_at_5": 0.922078,
        "mrr_at_10": 0.925541,
        "mrr_at_20": 0.925541,
        "mrr_at_100": 0.925947,
        "mrr_at_1000": 0.92602,
        "nauc_ndcg_at_1_max": 0.737451,
        "nauc_ndcg_at_1_std": 0.396219,
        "nauc_ndcg_at_1_diff1": 0.734359,
        "nauc_ndcg_at_3_max": 0.709247,
        "nauc_ndcg_at_3_std": 0.217464,
        "nauc_ndcg_at_3_diff1": 0.383326,
        "nauc_ndcg_at_5_max": 0.606499,
        "nauc_ndcg_at_5_std": 0.110579,
        "nauc_ndcg_at_5_diff1": 0.348114,
        "nauc_ndcg_at_10_max": 0.614216,
        "nauc_ndcg_at_10_std": 0.093184,
        "nauc_ndcg_at_10_diff1": 0.365137,
        "nauc_ndcg_at_20_max": 0.630634,
        "nauc_ndcg_at_20_std": 0.146038,
        "nauc_ndcg_at_20_diff1": 0.387227,
        "nauc_ndcg_at_100_max": 0.662323,
        "nauc_ndcg_at_100_std": 0.20377,
        "nauc_ndcg_at_100_diff1": 0.420545,
        "nauc_ndcg_at_1000_max": 0.660986,
        "nauc_ndcg_at_1000_std": 0.186991,
        "nauc_ndcg_at_1000_diff1": 0.413282,
        "nauc_map_at_1_max": -0.057209,
        "nauc_map_at_1_std": -0.255059,
        "nauc_map_at_1_diff1": 0.336207,
        "nauc_map_at_3_max": 0.441736,
        "nauc_map_at_3_std": -0.041334,
        "nauc_map_at_3_diff1": 0.426721,
        "nauc_map_at_5_max": 0.541214,
        "nauc_map_at_5_std": 0.026763,
        "nauc_map_at_5_diff1": 0.312155,
        "nauc_map_at_10_max": 0.581355,
        "nauc_map_at_10_std": 0.044679,
        "nauc_map_at_10_diff1": 0.316133,
        "nauc_map_at_20_max": 0.589446,
        "nauc_map_at_20_std": 0.064428,
        "nauc_map_at_20_diff1": 0.322285,
        "nauc_map_at_100_max": 0.599297,
        "nauc_map_at_100_std": 0.078489,
        "nauc_map_at_100_diff1": 0.331081,
        "nauc_map_at_1000_max": 0.599369,
        "nauc_map_at_1000_std": 0.07773,
        "nauc_map_at_1000_diff1": 0.330757,
        "nauc_recall_at_1_max": -0.057209,
        "nauc_recall_at_1_std": -0.255059,
        "nauc_recall_at_1_diff1": 0.336207,
        "nauc_recall_at_3_max": 0.442763,
        "nauc_recall_at_3_std": -0.016553,
        "nauc_recall_at_3_diff1": 0.447719,
        "nauc_recall_at_5_max": 0.528537,
        "nauc_recall_at_5_std": 0.037479,
        "nauc_recall_at_5_diff1": 0.32152,
        "nauc_recall_at_10_max": 0.539222,
        "nauc_recall_at_10_std": 0.004599,
        "nauc_recall_at_10_diff1": 0.298896,
        "nauc_recall_at_20_max": 0.534734,
        "nauc_recall_at_20_std": 0.114594,
        "nauc_recall_at_20_diff1": 0.325014,
        "nauc_recall_at_100_max": 0.692921,
        "nauc_recall_at_100_std": 0.659096,
        "nauc_recall_at_100_diff1": 0.604027,
        "nauc_recall_at_1000_max": NaN,
        "nauc_recall_at_1000_std": NaN,
        "nauc_recall_at_1000_diff1": NaN,
        "nauc_precision_at_1_max": 0.737451,
        "nauc_precision_at_1_std": 0.396219,
        "nauc_precision_at_1_diff1": 0.734359,
        "nauc_precision_at_3_max": 0.698463,
        "nauc_precision_at_3_std": 0.311188,
        "nauc_precision_at_3_diff1": 0.24537,
        "nauc_precision_at_5_max": 0.53455,
        "nauc_precision_at_5_std": 0.277421,
        "nauc_precision_at_5_diff1": 0.0235,
        "nauc_precision_at_10_max": 0.512287,
        "nauc_precision_at_10_std": 0.290945,
        "nauc_precision_at_10_diff1": -0.031131,
        "nauc_precision_at_20_max": 0.483756,
        "nauc_precision_at_20_std": 0.351217,
        "nauc_precision_at_20_diff1": -0.041351,
        "nauc_precision_at_100_max": 0.379651,
        "nauc_precision_at_100_std": 0.447486,
        "nauc_precision_at_100_diff1": -0.105706,
        "nauc_precision_at_1000_max": 0.35102,
        "nauc_precision_at_1000_std": 0.421806,
        "nauc_precision_at_1000_diff1": -0.136929,
        "nauc_mrr_at_1_max": 0.737451,
        "nauc_mrr_at_1_std": 0.396219,
        "nauc_mrr_at_1_diff1": 0.734359,
        "nauc_mrr_at_3_max": 0.806992,
        "nauc_mrr_at_3_std": 0.559816,
        "nauc_mrr_at_3_diff1": 0.724024,
        "nauc_mrr_at_5_max": 0.801849,
        "nauc_mrr_at_5_std": 0.549888,
        "nauc_mrr_at_5_diff1": 0.742928,
        "nauc_mrr_at_10_max": 0.802986,
        "nauc_mrr_at_10_std": 0.544183,
        "nauc_mrr_at_10_diff1": 0.74875,
        "nauc_mrr_at_20_max": 0.802986,
        "nauc_mrr_at_20_std": 0.544183,
        "nauc_mrr_at_20_diff1": 0.74875,
        "nauc_mrr_at_100_max": 0.801907,
        "nauc_mrr_at_100_std": 0.543205,
        "nauc_mrr_at_100_diff1": 0.747373,
        "nauc_mrr_at_1000_max": 0.801711,
        "nauc_mrr_at_1000_std": 0.542755,
        "nauc_mrr_at_1000_diff1": 0.747124,
        "hit_rate_at_1": 0.90909,
        "hit_rate_at_3": 0.92208,
        "hit_rate_at_5": 0.94805,
        "hit_rate_at_10": 0.97403,
        "hit_rate_at_20": 0.97403,
        "hit_rate_at_100": 0.98701,
        "hit_rate_at_1000": 1.0,
        "main_score": 0.80625,
        "hf_subset": "default",
        "languages": [
          "dan-Latn"
        ]
      }
    ]
  },
  "evaluation_time": 1.497882604598999,
  "kg_co2_emissions": null,
  "date": 1774402983.788695
}