{
  "dataset_revision": "bc2a1e4c24771a6f3432578016cfb737732398fd",
  "task_name": "LLMWinoGrande",
  "mteb_version": "2.11.6",
  "scores": {
    "test": [
      {
        "ndcg_at_1": 0.29,
        "ndcg_at_3": 0.47369,
        "ndcg_at_5": 0.50876,
        "ndcg_at_10": 0.55353,
        "ndcg_at_20": 0.57735,
        "ndcg_at_100": 0.59108,
        "ndcg_at_1000": 0.59236,
        "map_at_1": 0.29,
        "map_at_3": 0.42833,
        "map_at_5": 0.44783,
        "map_at_10": 0.46694,
        "map_at_20": 0.47337,
        "map_at_100": 0.47555,
        "map_at_1000": 0.47559,
        "recall_at_1": 0.29,
        "recall_at_3": 0.605,
        "recall_at_5": 0.69,
        "recall_at_10": 0.825,
        "recall_at_20": 0.92,
        "recall_at_100": 0.99,
        "recall_at_1000": 1.0,
        "accuracy": 0.29,
        "precision_at_1": 0.29,
        "precision_at_3": 0.20167,
        "precision_at_5": 0.138,
        "precision_at_10": 0.0825,
        "precision_at_20": 0.046,
        "precision_at_100": 0.0099,
        "precision_at_1000": 0.001,
        "mrr_at_1": 0.29,
        "mrr_at_3": 0.428333,
        "mrr_at_5": 0.447833,
        "mrr_at_10": 0.466944,
        "mrr_at_20": 0.473368,
        "mrr_at_100": 0.475549,
        "mrr_at_1000": 0.475594,
        "nauc_ndcg_at_1_max": 0.055183,
        "nauc_ndcg_at_1_std": -0.005419,
        "nauc_ndcg_at_1_diff1": 0.213357,
        "nauc_ndcg_at_3_max": 0.041717,
        "nauc_ndcg_at_3_std": -0.04527,
        "nauc_ndcg_at_3_diff1": 0.119258,
        "nauc_ndcg_at_5_max": 0.036846,
        "nauc_ndcg_at_5_std": -0.058811,
        "nauc_ndcg_at_5_diff1": 0.123486,
        "nauc_ndcg_at_10_max": 0.011275,
        "nauc_ndcg_at_10_std": -0.075054,
        "nauc_ndcg_at_10_diff1": 0.120885,
        "nauc_ndcg_at_20_max": 0.030554,
        "nauc_ndcg_at_20_std": -0.056846,
        "nauc_ndcg_at_20_diff1": 0.137139,
        "nauc_ndcg_at_100_max": 0.032407,
        "nauc_ndcg_at_100_std": -0.045324,
        "nauc_ndcg_at_100_diff1": 0.142229,
        "nauc_ndcg_at_1000_max": 0.0367,
        "nauc_ndcg_at_1000_std": -0.042956,
        "nauc_ndcg_at_1000_diff1": 0.143147,
        "nauc_map_at_1_max": 0.055183,
        "nauc_map_at_1_std": -0.005419,
        "nauc_map_at_1_diff1": 0.213357,
        "nauc_map_at_3_max": 0.047356,
        "nauc_map_at_3_std": -0.033968,
        "nauc_map_at_3_diff1": 0.142505,
        "nauc_map_at_5_max": 0.046157,
        "nauc_map_at_5_std": -0.040232,
        "nauc_map_at_5_diff1": 0.146703,
        "nauc_map_at_10_max": 0.035649,
        "nauc_map_at_10_std": -0.045821,
        "nauc_map_at_10_diff1": 0.14681,
        "nauc_map_at_20_max": 0.040673,
        "nauc_map_at_20_std": -0.040518,
        "nauc_map_at_20_diff1": 0.151166,
        "nauc_map_at_100_max": 0.041902,
        "nauc_map_at_100_std": -0.03757,
        "nauc_map_at_100_diff1": 0.151628,
        "nauc_map_at_1000_max": 0.041998,
        "nauc_map_at_1000_std": -0.03752,
        "nauc_map_at_1000_diff1": 0.151672,
        "nauc_recall_at_1_max": 0.055183,
        "nauc_recall_at_1_std": -0.005419,
        "nauc_recall_at_1_diff1": 0.213357,
        "nauc_recall_at_3_max": 0.023343,
        "nauc_recall_at_3_std": -0.080697,
        "nauc_recall_at_3_diff1": 0.047704,
        "nauc_recall_at_5_max": 0.000282,
        "nauc_recall_at_5_std": -0.128014,
        "nauc_recall_at_5_diff1": 0.041016,
        "nauc_recall_at_10_max": -0.138759,
        "nauc_recall_at_10_std": -0.249216,
        "nauc_recall_at_10_diff1": -0.022128,
        "nauc_recall_at_20_max": -0.060195,
        "nauc_recall_at_20_std": -0.22196,
        "nauc_recall_at_20_diff1": 0.025998,
        "nauc_recall_at_100_max": -0.80859,
        "nauc_recall_at_100_std": -0.514472,
        "nauc_recall_at_100_diff1": -0.004669,
        "nauc_recall_at_1000_max": NaN,
        "nauc_recall_at_1000_std": NaN,
        "nauc_recall_at_1000_diff1": NaN,
        "nauc_precision_at_1_max": 0.055183,
        "nauc_precision_at_1_std": -0.005419,
        "nauc_precision_at_1_diff1": 0.213357,
        "nauc_precision_at_3_max": 0.023343,
        "nauc_precision_at_3_std": -0.080697,
        "nauc_precision_at_3_diff1": 0.047704,
        "nauc_precision_at_5_max": 0.000282,
        "nauc_precision_at_5_std": -0.128014,
        "nauc_precision_at_5_diff1": 0.041016,
        "nauc_precision_at_10_max": -0.138759,
        "nauc_precision_at_10_std": -0.249216,
        "nauc_precision_at_10_diff1": -0.022128,
        "nauc_precision_at_20_max": -0.060195,
        "nauc_precision_at_20_std": -0.22196,
        "nauc_precision_at_20_diff1": 0.025998,
        "nauc_precision_at_100_max": -0.80859,
        "nauc_precision_at_100_std": -0.514472,
        "nauc_precision_at_100_diff1": -0.004669,
        "nauc_precision_at_1000_max": 1.0,
        "nauc_precision_at_1000_std": 1.0,
        "nauc_precision_at_1000_diff1": 1.0,
        "nauc_mrr_at_1_max": 0.055183,
        "nauc_mrr_at_1_std": -0.005419,
        "nauc_mrr_at_1_diff1": 0.213357,
        "nauc_mrr_at_3_max": 0.047356,
        "nauc_mrr_at_3_std": -0.033968,
        "nauc_mrr_at_3_diff1": 0.142505,
        "nauc_mrr_at_5_max": 0.046157,
        "nauc_mrr_at_5_std": -0.040232,
        "nauc_mrr_at_5_diff1": 0.146703,
        "nauc_mrr_at_10_max": 0.035649,
        "nauc_mrr_at_10_std": -0.045821,
        "nauc_mrr_at_10_diff1": 0.14681,
        "nauc_mrr_at_20_max": 0.040673,
        "nauc_mrr_at_20_std": -0.040518,
        "nauc_mrr_at_20_diff1": 0.151166,
        "nauc_mrr_at_100_max": 0.041902,
        "nauc_mrr_at_100_std": -0.03757,
        "nauc_mrr_at_100_diff1": 0.151628,
        "nauc_mrr_at_1000_max": 0.041998,
        "nauc_mrr_at_1000_std": -0.03752,
        "nauc_mrr_at_1000_diff1": 0.151672,
        "hit_rate_at_1": 0.29,
        "hit_rate_at_3": 0.605,
        "hit_rate_at_5": 0.69,
        "hit_rate_at_10": 0.825,
        "hit_rate_at_20": 0.92,
        "hit_rate_at_100": 0.99,
        "hit_rate_at_1000": 1.0,
        "main_score": 0.55353,
        "hf_subset": "default",
        "languages": [
          "eng-Latn"
        ]
      }
    ]
  },
  "evaluation_time": 16.687182903289795,
  "kg_co2_emissions": null,
  "date": 1774403002.488182
}