{
  "dataset_revision": "a2acf12d293ea934823ca26752a05c5bfab24dff",
  "task_name": "LLMAILAStatutes",
  "mteb_version": "2.11.6",
  "scores": {
    "test": [
      {
        "ndcg_at_1": 0.24,
        "ndcg_at_3": 0.2806,
        "ndcg_at_5": 0.27027,
        "ndcg_at_10": 0.32943,
        "ndcg_at_20": 0.38288,
        "ndcg_at_100": 0.52714,
        "ndcg_at_1000": 0.52714,
        "map_at_1": 0.053,
        "map_at_3": 0.14383,
        "map_at_5": 0.17557,
        "map_at_10": 0.20931,
        "map_at_20": 0.23424,
        "map_at_100": 0.2755,
        "map_at_1000": 0.2755,
        "recall_at_1": 0.053,
        "recall_at_3": 0.20667,
        "recall_at_5": 0.27933,
        "recall_at_10": 0.39233,
        "recall_at_20": 0.521,
        "recall_at_100": 1.0,
        "recall_at_1000": 1.0,
        "accuracy": 0.053,
        "precision_at_1": 0.24,
        "precision_at_3": 0.28,
        "precision_at_5": 0.232,
        "precision_at_10": 0.166,
        "precision_at_20": 0.113,
        "precision_at_100": 0.0434,
        "precision_at_1000": 0.00434,
        "mrr_at_1": 0.24,
        "mrr_at_3": 0.403333,
        "mrr_at_5": 0.423333,
        "mrr_at_10": 0.442357,
        "mrr_at_20": 0.446249,
        "mrr_at_100": 0.45021,
        "mrr_at_1000": 0.45021,
        "nauc_ndcg_at_1_max": 0.250869,
        "nauc_ndcg_at_1_std": 0.034867,
        "nauc_ndcg_at_1_diff1": -0.011982,
        "nauc_ndcg_at_3_max": 0.480657,
        "nauc_ndcg_at_3_std": 0.266975,
        "nauc_ndcg_at_3_diff1": 0.086702,
        "nauc_ndcg_at_5_max": 0.54754,
        "nauc_ndcg_at_5_std": 0.335547,
        "nauc_ndcg_at_5_diff1": 0.078512,
        "nauc_ndcg_at_10_max": 0.566448,
        "nauc_ndcg_at_10_std": 0.369805,
        "nauc_ndcg_at_10_diff1": 0.080048,
        "nauc_ndcg_at_20_max": 0.52939,
        "nauc_ndcg_at_20_std": 0.410825,
        "nauc_ndcg_at_20_diff1": 0.145653,
        "nauc_ndcg_at_100_max": 0.479023,
        "nauc_ndcg_at_100_std": 0.310042,
        "nauc_ndcg_at_100_diff1": 0.127178,
        "nauc_ndcg_at_1000_max": 0.479023,
        "nauc_ndcg_at_1000_std": 0.310042,
        "nauc_ndcg_at_1000_diff1": 0.127178,
        "nauc_map_at_1_max": 0.274507,
        "nauc_map_at_1_std": 0.047072,
        "nauc_map_at_1_diff1": -0.020089,
        "nauc_map_at_3_max": 0.516839,
        "nauc_map_at_3_std": 0.235789,
        "nauc_map_at_3_diff1": 0.049683,
        "nauc_map_at_5_max": 0.571781,
        "nauc_map_at_5_std": 0.291885,
        "nauc_map_at_5_diff1": 0.072856,
        "nauc_map_at_10_max": 0.598224,
        "nauc_map_at_10_std": 0.329606,
        "nauc_map_at_10_diff1": 0.09108,
        "nauc_map_at_20_max": 0.581635,
        "nauc_map_at_20_std": 0.365457,
        "nauc_map_at_20_diff1": 0.120623,
        "nauc_map_at_100_max": 0.557368,
        "nauc_map_at_100_std": 0.332933,
        "nauc_map_at_100_diff1": 0.125548,
        "nauc_map_at_1000_max": 0.557368,
        "nauc_map_at_1000_std": 0.332933,
        "nauc_map_at_1000_diff1": 0.125548,
        "nauc_recall_at_1_max": 0.274507,
        "nauc_recall_at_1_std": 0.047072,
        "nauc_recall_at_1_diff1": -0.020089,
        "nauc_recall_at_3_max": 0.569876,
        "nauc_recall_at_3_std": 0.334033,
        "nauc_recall_at_3_diff1": 0.092983,
        "nauc_recall_at_5_max": 0.618291,
        "nauc_recall_at_5_std": 0.432064,
        "nauc_recall_at_5_diff1": 0.081242,
        "nauc_recall_at_10_max": 0.626546,
        "nauc_recall_at_10_std": 0.481717,
        "nauc_recall_at_10_diff1": 0.072617,
        "nauc_recall_at_20_max": 0.476729,
        "nauc_recall_at_20_std": 0.521603,
        "nauc_recall_at_20_diff1": 0.196881,
        "nauc_recall_at_100_max": NaN,
        "nauc_recall_at_100_std": NaN,
        "nauc_recall_at_100_diff1": NaN,
        "nauc_recall_at_1000_max": NaN,
        "nauc_recall_at_1000_std": NaN,
        "nauc_recall_at_1000_diff1": NaN,
        "nauc_precision_at_1_max": 0.250869,
        "nauc_precision_at_1_std": 0.034867,
        "nauc_precision_at_1_diff1": -0.011982,
        "nauc_precision_at_3_max": 0.544166,
        "nauc_precision_at_3_std": 0.345495,
        "nauc_precision_at_3_diff1": 0.122958,
        "nauc_precision_at_5_max": 0.550059,
        "nauc_precision_at_5_std": 0.413825,
        "nauc_precision_at_5_diff1": 0.117476,
        "nauc_precision_at_10_max": 0.522833,
        "nauc_precision_at_10_std": 0.435194,
        "nauc_precision_at_10_diff1": 0.118114,
        "nauc_precision_at_20_max": 0.332124,
        "nauc_precision_at_20_std": 0.444248,
        "nauc_precision_at_20_diff1": 0.249809,
        "nauc_precision_at_100_max": -0.348329,
        "nauc_precision_at_100_std": -0.120836,
        "nauc_precision_at_100_diff1": 0.299244,
        "nauc_precision_at_1000_max": -0.348329,
        "nauc_precision_at_1000_std": -0.120836,
        "nauc_precision_at_1000_diff1": 0.299244,
        "nauc_mrr_at_1_max": 0.250869,
        "nauc_mrr_at_1_std": 0.034867,
        "nauc_mrr_at_1_diff1": -0.011982,
        "nauc_mrr_at_3_max": 0.378558,
        "nauc_mrr_at_3_std": 0.230238,
        "nauc_mrr_at_3_diff1": 0.077476,
        "nauc_mrr_at_5_max": 0.360557,
        "nauc_mrr_at_5_std": 0.220414,
        "nauc_mrr_at_5_diff1": 0.05006,
        "nauc_mrr_at_10_max": 0.343775,
        "nauc_mrr_at_10_std": 0.203588,
        "nauc_mrr_at_10_diff1": 0.036037,
        "nauc_mrr_at_20_max": 0.340594,
        "nauc_mrr_at_20_std": 0.196282,
        "nauc_mrr_at_20_diff1": 0.044984,
        "nauc_mrr_at_100_max": 0.342841,
        "nauc_mrr_at_100_std": 0.193799,
        "nauc_mrr_at_100_diff1": 0.045998,
        "nauc_mrr_at_1000_max": 0.342841,
        "nauc_mrr_at_1000_std": 0.193799,
        "nauc_mrr_at_1000_diff1": 0.045998,
        "hit_rate_at_1": 0.24,
        "hit_rate_at_3": 0.6,
        "hit_rate_at_5": 0.7,
        "hit_rate_at_10": 0.84,
        "hit_rate_at_20": 0.9,
        "hit_rate_at_100": 1.0,
        "hit_rate_at_1000": 1.0,
        "main_score": 0.32943,
        "hf_subset": "default",
        "languages": [
          "eng-Latn"
        ]
      }
    ]
  },
  "evaluation_time": 3.0297346115112305,
  "kg_co2_emissions": null,
  "date": 1774448103.615127
}