{
  "dataset_revision": "300cb175d1b608cfc3fdb94fd06b3ceb937f9b6a",
  "task_name": "LLMLegalBenchCorporateLobbying",
  "mteb_version": "2.11.6",
  "scores": {
    "test": [
      {
        "ndcg_at_1": 0.87059,
        "ndcg_at_3": 0.93354,
        "ndcg_at_5": 0.93721,
        "ndcg_at_10": 0.93931,
        "ndcg_at_20": 0.94073,
        "ndcg_at_100": 0.94073,
        "ndcg_at_1000": 0.9411,
        "map_at_1": 0.87059,
        "map_at_3": 0.91863,
        "map_at_5": 0.92069,
        "map_at_10": 0.92167,
        "map_at_20": 0.92202,
        "map_at_100": 0.92202,
        "map_at_1000": 0.92204,
        "recall_at_1": 0.87059,
        "recall_at_3": 0.97647,
        "recall_at_5": 0.98529,
        "recall_at_10": 0.99118,
        "recall_at_20": 0.99706,
        "recall_at_100": 0.99706,
        "recall_at_1000": 1.0,
        "accuracy": 0.87059,
        "precision_at_1": 0.87059,
        "precision_at_3": 0.32549,
        "precision_at_5": 0.19706,
        "precision_at_10": 0.09912,
        "precision_at_20": 0.04985,
        "precision_at_100": 0.00997,
        "precision_at_1000": 0.001,
        "mrr_at_1": 0.870588,
        "mrr_at_3": 0.918627,
        "mrr_at_5": 0.920686,
        "mrr_at_10": 0.921667,
        "mrr_at_20": 0.922024,
        "mrr_at_100": 0.922024,
        "mrr_at_1000": 0.922036,
        "nauc_ndcg_at_1_max": 0.40412,
        "nauc_ndcg_at_1_std": -0.044441,
        "nauc_ndcg_at_1_diff1": 0.913448,
        "nauc_ndcg_at_3_max": 0.520416,
        "nauc_ndcg_at_3_std": -0.052601,
        "nauc_ndcg_at_3_diff1": 0.906548,
        "nauc_ndcg_at_5_max": 0.494425,
        "nauc_ndcg_at_5_std": -0.040237,
        "nauc_ndcg_at_5_diff1": 0.903656,
        "nauc_ndcg_at_10_max": 0.478863,
        "nauc_ndcg_at_10_std": -0.048426,
        "nauc_ndcg_at_10_diff1": 0.90516,
        "nauc_ndcg_at_20_max": 0.476722,
        "nauc_ndcg_at_20_std": -0.032858,
        "nauc_ndcg_at_20_diff1": 0.907873,
        "nauc_ndcg_at_100_max": 0.476722,
        "nauc_ndcg_at_100_std": -0.032858,
        "nauc_ndcg_at_100_diff1": 0.907873,
        "nauc_ndcg_at_1000_max": 0.473348,
        "nauc_ndcg_at_1000_std": -0.039517,
        "nauc_ndcg_at_1000_diff1": 0.908122,
        "nauc_map_at_1_max": 0.40412,
        "nauc_map_at_1_std": -0.044441,
        "nauc_map_at_1_diff1": 0.913448,
        "nauc_map_at_3_max": 0.48459,
        "nauc_map_at_3_std": -0.048316,
        "nauc_map_at_3_diff1": 0.909123,
        "nauc_map_at_5_max": 0.47212,
        "nauc_map_at_5_std": -0.042622,
        "nauc_map_at_5_diff1": 0.907947,
        "nauc_map_at_10_max": 0.466186,
        "nauc_map_at_10_std": -0.045624,
        "nauc_map_at_10_diff1": 0.908548,
        "nauc_map_at_20_max": 0.465677,
        "nauc_map_at_20_std": -0.042746,
        "nauc_map_at_20_diff1": 0.909088,
        "nauc_map_at_100_max": 0.465677,
        "nauc_map_at_100_std": -0.042746,
        "nauc_map_at_100_diff1": 0.909088,
        "nauc_map_at_1000_max": 0.465592,
        "nauc_map_at_1000_std": -0.042911,
        "nauc_map_at_1000_diff1": 0.909094,
        "nauc_recall_at_1_max": 0.40412,
        "nauc_recall_at_1_std": -0.044441,
        "nauc_recall_at_1_diff1": 0.913448,
        "nauc_recall_at_3_max": 0.857668,
        "nauc_recall_at_3_std": -0.095997,
        "nauc_recall_at_3_diff1": 0.881536,
        "nauc_recall_at_5_max": 0.798413,
        "nauc_recall_at_5_std": 0.000187,
        "nauc_recall_at_5_diff1": 0.836601,
        "nauc_recall_at_10_max": 0.707594,
        "nauc_recall_at_10_std": -0.127295,
        "nauc_recall_at_10_diff1": 0.820261,
        "nauc_recall_at_20_max": 1.0,
        "nauc_recall_at_20_std": 1.0,
        "nauc_recall_at_20_diff1": 0.869281,
        "nauc_recall_at_100_max": 1.0,
        "nauc_recall_at_100_std": 1.0,
        "nauc_recall_at_100_diff1": 0.869281,
        "nauc_recall_at_1000_max": NaN,
        "nauc_recall_at_1000_std": NaN,
        "nauc_recall_at_1000_diff1": NaN,
        "nauc_precision_at_1_max": 0.40412,
        "nauc_precision_at_1_std": -0.044441,
        "nauc_precision_at_1_diff1": 0.913448,
        "nauc_precision_at_3_max": 0.857668,
        "nauc_precision_at_3_std": -0.095997,
        "nauc_precision_at_3_diff1": 0.881536,
        "nauc_precision_at_5_max": 0.798413,
        "nauc_precision_at_5_std": 0.000187,
        "nauc_precision_at_5_diff1": 0.836601,
        "nauc_precision_at_10_max": 0.707594,
        "nauc_precision_at_10_std": -0.127295,
        "nauc_precision_at_10_diff1": 0.820261,
        "nauc_precision_at_20_max": 1.0,
        "nauc_precision_at_20_std": 1.0,
        "nauc_precision_at_20_diff1": 0.869281,
        "nauc_precision_at_100_max": 1.0,
        "nauc_precision_at_100_std": 1.0,
        "nauc_precision_at_100_diff1": 0.869281,
        "nauc_precision_at_1000_max": 1.0,
        "nauc_precision_at_1000_std": 1.0,
        "nauc_precision_at_1000_diff1": 1.0,
        "nauc_mrr_at_1_max": 0.40412,
        "nauc_mrr_at_1_std": -0.044441,
        "nauc_mrr_at_1_diff1": 0.913448,
        "nauc_mrr_at_3_max": 0.48459,
        "nauc_mrr_at_3_std": -0.048316,
        "nauc_mrr_at_3_diff1": 0.909123,
        "nauc_mrr_at_5_max": 0.47212,
        "nauc_mrr_at_5_std": -0.042622,
        "nauc_mrr_at_5_diff1": 0.907947,
        "nauc_mrr_at_10_max": 0.466186,
        "nauc_mrr_at_10_std": -0.045624,
        "nauc_mrr_at_10_diff1": 0.908548,
        "nauc_mrr_at_20_max": 0.465677,
        "nauc_mrr_at_20_std": -0.042746,
        "nauc_mrr_at_20_diff1": 0.909088,
        "nauc_mrr_at_100_max": 0.465677,
        "nauc_mrr_at_100_std": -0.042746,
        "nauc_mrr_at_100_diff1": 0.909088,
        "nauc_mrr_at_1000_max": 0.465592,
        "nauc_mrr_at_1000_std": -0.042911,
        "nauc_mrr_at_1000_diff1": 0.909094,
        "hit_rate_at_1": 0.87059,
        "hit_rate_at_3": 0.97647,
        "hit_rate_at_5": 0.98529,
        "hit_rate_at_10": 0.99118,
        "hit_rate_at_20": 0.99706,
        "hit_rate_at_100": 0.99706,
        "hit_rate_at_1000": 1.0,
        "main_score": 0.93931,
        "hf_subset": "default",
        "languages": [
          "eng-Latn"
        ]
      }
    ]
  },
  "evaluation_time": 13.003310441970825,
  "kg_co2_emissions": null,
  "date": 1774448116.627124
}