{
  "dataset_revision": "d6628df131c3279007b88fe3e057e809dac056af",
  "task_name": "LLMSpartQA",
  "mteb_version": "2.11.6",
  "scores": {
    "test": [
      {
        "ndcg_at_1": 0.12,
        "ndcg_at_3": 0.16164,
        "ndcg_at_5": 0.18234,
        "ndcg_at_10": 0.20508,
        "ndcg_at_20": 0.22748,
        "ndcg_at_100": 0.25963,
        "ndcg_at_1000": 0.29574,
        "map_at_1": 0.08333,
        "map_at_3": 0.13722,
        "map_at_5": 0.14897,
        "map_at_10": 0.15747,
        "map_at_20": 0.16393,
        "map_at_100": 0.16817,
        "map_at_1000": 0.16941,
        "recall_at_1": 0.08333,
        "recall_at_3": 0.195,
        "recall_at_5": 0.23833,
        "recall_at_10": 0.29833,
        "recall_at_20": 0.37167,
        "recall_at_100": 0.525,
        "recall_at_1000": 0.78333,
        "accuracy": 0.08333,
        "precision_at_1": 0.12,
        "precision_at_3": 0.09167,
        "precision_at_5": 0.069,
        "precision_at_10": 0.0455,
        "precision_at_20": 0.03025,
        "precision_at_100": 0.00865,
        "precision_at_1000": 0.0013,
        "mrr_at_1": 0.12,
        "mrr_at_3": 0.176667,
        "mrr_at_5": 0.189917,
        "mrr_at_10": 0.20325,
        "mrr_at_20": 0.209207,
        "mrr_at_100": 0.21418,
        "mrr_at_1000": 0.215365,
        "nauc_ndcg_at_1_max": 0.214304,
        "nauc_ndcg_at_1_std": 0.270756,
        "nauc_ndcg_at_1_diff1": -0.053964,
        "nauc_ndcg_at_3_max": 0.40692,
        "nauc_ndcg_at_3_std": 0.362992,
        "nauc_ndcg_at_3_diff1": -0.016042,
        "nauc_ndcg_at_5_max": 0.467456,
        "nauc_ndcg_at_5_std": 0.434427,
        "nauc_ndcg_at_5_diff1": 0.037678,
        "nauc_ndcg_at_10_max": 0.468587,
        "nauc_ndcg_at_10_std": 0.450585,
        "nauc_ndcg_at_10_diff1": 0.026165,
        "nauc_ndcg_at_20_max": 0.457437,
        "nauc_ndcg_at_20_std": 0.461722,
        "nauc_ndcg_at_20_diff1": -0.000537,
        "nauc_ndcg_at_100_max": 0.434907,
        "nauc_ndcg_at_100_std": 0.465949,
        "nauc_ndcg_at_100_diff1": 0.020908,
        "nauc_ndcg_at_1000_max": 0.43495,
        "nauc_ndcg_at_1000_std": 0.438492,
        "nauc_ndcg_at_1000_diff1": 0.027009,
        "nauc_map_at_1_max": 0.260344,
        "nauc_map_at_1_std": 0.219646,
        "nauc_map_at_1_diff1": -0.057256,
        "nauc_map_at_3_max": 0.37441,
        "nauc_map_at_3_std": 0.323803,
        "nauc_map_at_3_diff1": -0.027207,
        "nauc_map_at_5_max": 0.420003,
        "nauc_map_at_5_std": 0.373854,
        "nauc_map_at_5_diff1": 0.009086,
        "nauc_map_at_10_max": 0.422854,
        "nauc_map_at_10_std": 0.38475,
        "nauc_map_at_10_diff1": 0.004688,
        "nauc_map_at_20_max": 0.418075,
        "nauc_map_at_20_std": 0.389151,
        "nauc_map_at_20_diff1": -0.002977,
        "nauc_map_at_100_max": 0.414295,
        "nauc_map_at_100_std": 0.389773,
        "nauc_map_at_100_diff1": 0.001392,
        "nauc_map_at_1000_max": 0.414534,
        "nauc_map_at_1000_std": 0.389226,
        "nauc_map_at_1000_diff1": 0.00143,
        "nauc_recall_at_1_max": 0.260344,
        "nauc_recall_at_1_std": 0.219646,
        "nauc_recall_at_1_diff1": -0.057256,
        "nauc_recall_at_3_max": 0.468009,
        "nauc_recall_at_3_std": 0.401869,
        "nauc_recall_at_3_diff1": 0.003485,
        "nauc_recall_at_5_max": 0.553052,
        "nauc_recall_at_5_std": 0.511896,
        "nauc_recall_at_5_diff1": 0.091873,
        "nauc_recall_at_10_max": 0.544749,
        "nauc_recall_at_10_std": 0.527186,
        "nauc_recall_at_10_diff1": 0.066837,
        "nauc_recall_at_20_max": 0.516719,
        "nauc_recall_at_20_std": 0.544153,
        "nauc_recall_at_20_diff1": -0.011065,
        "nauc_recall_at_100_max": 0.407904,
        "nauc_recall_at_100_std": 0.539354,
        "nauc_recall_at_100_diff1": 0.057417,
        "nauc_recall_at_1000_max": 0.261636,
        "nauc_recall_at_1000_std": 0.247412,
        "nauc_recall_at_1000_diff1": 0.145424,
        "nauc_precision_at_1_max": 0.214304,
        "nauc_precision_at_1_std": 0.270756,
        "nauc_precision_at_1_diff1": -0.053964,
        "nauc_precision_at_3_max": 0.405983,
        "nauc_precision_at_3_std": 0.413844,
        "nauc_precision_at_3_diff1": -0.00564,
        "nauc_precision_at_5_max": 0.497552,
        "nauc_precision_at_5_std": 0.510847,
        "nauc_precision_at_5_diff1": 0.084241,
        "nauc_precision_at_10_max": 0.459917,
        "nauc_precision_at_10_std": 0.520119,
        "nauc_precision_at_10_diff1": 0.044959,
        "nauc_precision_at_20_max": 0.32428,
        "nauc_precision_at_20_std": 0.466678,
        "nauc_precision_at_20_diff1": -0.016677,
        "nauc_precision_at_100_max": 0.199583,
        "nauc_precision_at_100_std": 0.423932,
        "nauc_precision_at_100_diff1": 0.040333,
        "nauc_precision_at_1000_max": -0.046624,
        "nauc_precision_at_1000_std": -0.023363,
        "nauc_precision_at_1000_diff1": 0.067726,
        "nauc_mrr_at_1_max": 0.214304,
        "nauc_mrr_at_1_std": 0.270756,
        "nauc_mrr_at_1_diff1": -0.053964,
        "nauc_mrr_at_3_max": 0.372972,
        "nauc_mrr_at_3_std": 0.371076,
        "nauc_mrr_at_3_diff1": -0.016743,
        "nauc_mrr_at_5_max": 0.400969,
        "nauc_mrr_at_5_std": 0.410354,
        "nauc_mrr_at_5_diff1": 0.015622,
        "nauc_mrr_at_10_max": 0.398186,
        "nauc_mrr_at_10_std": 0.416022,
        "nauc_mrr_at_10_diff1": 0.007843,
        "nauc_mrr_at_20_max": 0.398919,
        "nauc_mrr_at_20_std": 0.418503,
        "nauc_mrr_at_20_diff1": -0.000159,
        "nauc_mrr_at_100_max": 0.394602,
        "nauc_mrr_at_100_std": 0.415509,
        "nauc_mrr_at_100_diff1": 0.004081,
        "nauc_mrr_at_1000_max": 0.394694,
        "nauc_mrr_at_1000_std": 0.415044,
        "nauc_mrr_at_1000_diff1": 0.004004,
        "hit_rate_at_1": 0.12,
        "hit_rate_at_3": 0.245,
        "hit_rate_at_5": 0.3,
        "hit_rate_at_10": 0.4,
        "hit_rate_at_20": 0.485,
        "hit_rate_at_100": 0.67,
        "hit_rate_at_1000": 0.945,
        "main_score": 0.20508,
        "hf_subset": "default",
        "languages": [
          "eng-Latn"
        ]
      }
    ]
  },
  "evaluation_time": 33.11013889312744,
  "kg_co2_emissions": null,
  "date": 1774448149.745447
}