{
  "dataset_revision": "1c61e95df3d70835785db4d70f17d3a16a7bd4ce",
  "task_name": "LLMTempReasonL1",
  "mteb_version": "2.11.6",
  "scores": {
    "test": [
      {
        "ndcg_at_1": 0.0,
        "ndcg_at_3": 0.00631,
        "ndcg_at_5": 0.00631,
        "ndcg_at_10": 0.00631,
        "ndcg_at_20": 0.00631,
        "ndcg_at_100": 0.02404,
        "ndcg_at_1000": 0.07559,
        "map_at_1": 0.0,
        "map_at_3": 0.005,
        "map_at_5": 0.005,
        "map_at_10": 0.005,
        "map_at_20": 0.005,
        "map_at_100": 0.00717,
        "map_at_1000": 0.00852,
        "recall_at_1": 0.0,
        "recall_at_3": 0.01,
        "recall_at_5": 0.01,
        "recall_at_10": 0.01,
        "recall_at_20": 0.01,
        "recall_at_100": 0.11,
        "recall_at_1000": 0.55,
        "accuracy": 0.0,
        "precision_at_1": 0.0,
        "precision_at_3": 0.00333,
        "precision_at_5": 0.002,
        "precision_at_10": 0.001,
        "precision_at_20": 0.0005,
        "precision_at_100": 0.0011,
        "precision_at_1000": 0.00055,
        "mrr_at_1": 0.0,
        "mrr_at_3": 0.005,
        "mrr_at_5": 0.005,
        "mrr_at_10": 0.005,
        "mrr_at_20": 0.005,
        "mrr_at_100": 0.007166,
        "mrr_at_1000": 0.008523,
        "nauc_ndcg_at_1_max": NaN,
        "nauc_ndcg_at_1_std": NaN,
        "nauc_ndcg_at_1_diff1": NaN,
        "nauc_ndcg_at_3_max": 0.323853,
        "nauc_ndcg_at_3_std": 1.0,
        "nauc_ndcg_at_3_diff1": 0.661926,
        "nauc_ndcg_at_5_max": 0.323853,
        "nauc_ndcg_at_5_std": 1.0,
        "nauc_ndcg_at_5_diff1": 0.661926,
        "nauc_ndcg_at_10_max": 0.323853,
        "nauc_ndcg_at_10_std": 1.0,
        "nauc_ndcg_at_10_diff1": 0.661926,
        "nauc_ndcg_at_20_max": 0.323853,
        "nauc_ndcg_at_20_std": 1.0,
        "nauc_ndcg_at_20_diff1": 0.661926,
        "nauc_ndcg_at_100_max": -0.098292,
        "nauc_ndcg_at_100_std": 0.316559,
        "nauc_ndcg_at_100_diff1": 0.06767,
        "nauc_ndcg_at_1000_max": -0.100012,
        "nauc_ndcg_at_1000_std": 0.251867,
        "nauc_ndcg_at_1000_diff1": 0.04322,
        "nauc_map_at_1_max": NaN,
        "nauc_map_at_1_std": NaN,
        "nauc_map_at_1_diff1": NaN,
        "nauc_map_at_3_max": 0.323853,
        "nauc_map_at_3_std": 1.0,
        "nauc_map_at_3_diff1": 0.661926,
        "nauc_map_at_5_max": 0.323853,
        "nauc_map_at_5_std": 1.0,
        "nauc_map_at_5_diff1": 0.661926,
        "nauc_map_at_10_max": 0.323853,
        "nauc_map_at_10_std": 1.0,
        "nauc_map_at_10_diff1": 0.661926,
        "nauc_map_at_20_max": 0.323853,
        "nauc_map_at_20_std": 1.0,
        "nauc_map_at_20_diff1": 0.661926,
        "nauc_map_at_100_max": 0.130196,
        "nauc_map_at_100_std": 0.701605,
        "nauc_map_at_100_diff1": 0.402558,
        "nauc_map_at_1000_max": 0.121375,
        "nauc_map_at_1000_std": 0.661578,
        "nauc_map_at_1000_diff1": 0.388218,
        "nauc_recall_at_1_max": NaN,
        "nauc_recall_at_1_std": NaN,
        "nauc_recall_at_1_diff1": NaN,
        "nauc_recall_at_3_max": 0.323853,
        "nauc_recall_at_3_std": 1.0,
        "nauc_recall_at_3_diff1": 0.661926,
        "nauc_recall_at_5_max": 0.323853,
        "nauc_recall_at_5_std": 1.0,
        "nauc_recall_at_5_diff1": 0.661926,
        "nauc_recall_at_10_max": 0.323853,
        "nauc_recall_at_10_std": 1.0,
        "nauc_recall_at_10_diff1": 0.661926,
        "nauc_recall_at_20_max": 0.323853,
        "nauc_recall_at_20_std": 1.0,
        "nauc_recall_at_20_diff1": 0.661926,
        "nauc_recall_at_100_max": -0.176058,
        "nauc_recall_at_100_std": 0.176234,
        "nauc_recall_at_100_diff1": -0.054181,
        "nauc_recall_at_1000_max": -0.158071,
        "nauc_recall_at_1000_std": 0.154125,
        "nauc_recall_at_1000_diff1": -0.068736,
        "nauc_precision_at_1_max": NaN,
        "nauc_precision_at_1_std": NaN,
        "nauc_precision_at_1_diff1": NaN,
        "nauc_precision_at_3_max": 0.323853,
        "nauc_precision_at_3_std": 1.0,
        "nauc_precision_at_3_diff1": 0.661926,
        "nauc_precision_at_5_max": 0.323853,
        "nauc_precision_at_5_std": 1.0,
        "nauc_precision_at_5_diff1": 0.661926,
        "nauc_precision_at_10_max": 0.323853,
        "nauc_precision_at_10_std": 1.0,
        "nauc_precision_at_10_diff1": 0.661926,
        "nauc_precision_at_20_max": 0.323853,
        "nauc_precision_at_20_std": 1.0,
        "nauc_precision_at_20_diff1": 0.661926,
        "nauc_precision_at_100_max": -0.176058,
        "nauc_precision_at_100_std": 0.176234,
        "nauc_precision_at_100_diff1": -0.054181,
        "nauc_precision_at_1000_max": -0.158071,
        "nauc_precision_at_1000_std": 0.154125,
        "nauc_precision_at_1000_diff1": -0.068736,
        "nauc_mrr_at_1_max": NaN,
        "nauc_mrr_at_1_std": NaN,
        "nauc_mrr_at_1_diff1": NaN,
        "nauc_mrr_at_3_max": 0.323853,
        "nauc_mrr_at_3_std": 1.0,
        "nauc_mrr_at_3_diff1": 0.661926,
        "nauc_mrr_at_5_max": 0.323853,
        "nauc_mrr_at_5_std": 1.0,
        "nauc_mrr_at_5_diff1": 0.661926,
        "nauc_mrr_at_10_max": 0.323853,
        "nauc_mrr_at_10_std": 1.0,
        "nauc_mrr_at_10_diff1": 0.661926,
        "nauc_mrr_at_20_max": 0.323853,
        "nauc_mrr_at_20_std": 1.0,
        "nauc_mrr_at_20_diff1": 0.661926,
        "nauc_mrr_at_100_max": 0.130196,
        "nauc_mrr_at_100_std": 0.701605,
        "nauc_mrr_at_100_diff1": 0.402558,
        "nauc_mrr_at_1000_max": 0.121375,
        "nauc_mrr_at_1000_std": 0.661578,
        "nauc_mrr_at_1000_diff1": 0.388218,
        "hit_rate_at_1": 0.0,
        "hit_rate_at_3": 0.01,
        "hit_rate_at_5": 0.01,
        "hit_rate_at_10": 0.01,
        "hit_rate_at_20": 0.01,
        "hit_rate_at_100": 0.11,
        "hit_rate_at_1000": 0.55,
        "main_score": 0.00631,
        "hf_subset": "default",
        "languages": [
          "eng-Latn"
        ]
      }
    ]
  },
  "evaluation_time": 223.24685287475586,
  "kg_co2_emissions": null,
  "date": 1774448100.576182
}