{
  "dataset_revision": "31f9b918c30ef94e15a168cb95ca4ebf291396eb",
  "task_name": "LLMTwitterHjerneRetrieval",
  "mteb_version": "2.11.6",
  "scores": {
    "train": [
      {
        "ndcg_at_1": 0.64935,
        "ndcg_at_3": 0.55028,
        "ndcg_at_5": 0.54053,
        "ndcg_at_10": 0.58545,
        "ndcg_at_20": 0.62568,
        "ndcg_at_100": 0.67477,
        "ndcg_at_1000": 0.69163,
        "map_at_1": 0.2119,
        "map_at_3": 0.38463,
        "map_at_5": 0.43679,
        "map_at_10": 0.47254,
        "map_at_20": 0.49429,
        "map_at_100": 0.50641,
        "map_at_1000": 0.50801,
        "recall_at_1": 0.2119,
        "recall_at_3": 0.43831,
        "recall_at_5": 0.51732,
        "recall_at_10": 0.621,
        "recall_at_20": 0.72316,
        "recall_at_100": 0.90996,
        "recall_at_1000": 1.0,
        "accuracy": 0.2119,
        "precision_at_1": 0.64935,
        "precision_at_3": 0.47619,
        "precision_at_5": 0.34805,
        "precision_at_10": 0.21039,
        "precision_at_20": 0.12468,
        "precision_at_100": 0.0313,
        "precision_at_1000": 0.0034,
        "mrr_at_1": 0.649351,
        "mrr_at_3": 0.738095,
        "mrr_at_5": 0.74329,
        "mrr_at_10": 0.747078,
        "mrr_at_20": 0.749258,
        "mrr_at_100": 0.750501,
        "mrr_at_1000": 0.750557,
        "nauc_ndcg_at_1_max": 0.719101,
        "nauc_ndcg_at_1_std": 0.157403,
        "nauc_ndcg_at_1_diff1": 0.516962,
        "nauc_ndcg_at_3_max": 0.564626,
        "nauc_ndcg_at_3_std": 0.075321,
        "nauc_ndcg_at_3_diff1": 0.254977,
        "nauc_ndcg_at_5_max": 0.590591,
        "nauc_ndcg_at_5_std": 0.072485,
        "nauc_ndcg_at_5_diff1": 0.350417,
        "nauc_ndcg_at_10_max": 0.612539,
        "nauc_ndcg_at_10_std": 0.056648,
        "nauc_ndcg_at_10_diff1": 0.3672,
        "nauc_ndcg_at_20_max": 0.624602,
        "nauc_ndcg_at_20_std": 0.086371,
        "nauc_ndcg_at_20_diff1": 0.343538,
        "nauc_ndcg_at_100_max": 0.629477,
        "nauc_ndcg_at_100_std": 0.107797,
        "nauc_ndcg_at_100_diff1": 0.340318,
        "nauc_ndcg_at_1000_max": 0.628923,
        "nauc_ndcg_at_1000_std": 0.093374,
        "nauc_ndcg_at_1000_diff1": 0.342091,
        "nauc_map_at_1_max": 0.320374,
        "nauc_map_at_1_std": -0.036646,
        "nauc_map_at_1_diff1": 0.407522,
        "nauc_map_at_3_max": 0.476017,
        "nauc_map_at_3_std": 0.001306,
        "nauc_map_at_3_diff1": 0.307372,
        "nauc_map_at_5_max": 0.560362,
        "nauc_map_at_5_std": 0.064572,
        "nauc_map_at_5_diff1": 0.307415,
        "nauc_map_at_10_max": 0.583474,
        "nauc_map_at_10_std": 0.059993,
        "nauc_map_at_10_diff1": 0.308178,
        "nauc_map_at_20_max": 0.596578,
        "nauc_map_at_20_std": 0.072156,
        "nauc_map_at_20_diff1": 0.30172,
        "nauc_map_at_100_max": 0.597641,
        "nauc_map_at_100_std": 0.073243,
        "nauc_map_at_100_diff1": 0.301426,
        "nauc_map_at_1000_max": 0.597435,
        "nauc_map_at_1000_std": 0.072724,
        "nauc_map_at_1000_diff1": 0.300847,
        "nauc_recall_at_1_max": 0.320374,
        "nauc_recall_at_1_std": -0.036646,
        "nauc_recall_at_1_diff1": 0.407522,
        "nauc_recall_at_3_max": 0.375583,
        "nauc_recall_at_3_std": -0.071623,
        "nauc_recall_at_3_diff1": 0.296621,
        "nauc_recall_at_5_max": 0.514887,
        "nauc_recall_at_5_std": 0.055747,
        "nauc_recall_at_5_diff1": 0.327759,
        "nauc_recall_at_10_max": 0.540272,
        "nauc_recall_at_10_std": 0.014297,
        "nauc_recall_at_10_diff1": 0.354836,
        "nauc_recall_at_20_max": 0.54835,
        "nauc_recall_at_20_std": 0.089785,
        "nauc_recall_at_20_diff1": 0.27865,
        "nauc_recall_at_100_max": 0.519437,
        "nauc_recall_at_100_std": 0.286847,
        "nauc_recall_at_100_diff1": 0.222405,
        "nauc_recall_at_1000_max": NaN,
        "nauc_recall_at_1000_std": NaN,
        "nauc_recall_at_1000_diff1": NaN,
        "nauc_precision_at_1_max": 0.719101,
        "nauc_precision_at_1_std": 0.157403,
        "nauc_precision_at_1_diff1": 0.516962,
        "nauc_precision_at_3_max": 0.551876,
        "nauc_precision_at_3_std": 0.133947,
        "nauc_precision_at_3_diff1": 0.140181,
        "nauc_precision_at_5_max": 0.589916,
        "nauc_precision_at_5_std": 0.200559,
        "nauc_precision_at_5_diff1": 0.148447,
        "nauc_precision_at_10_max": 0.578159,
        "nauc_precision_at_10_std": 0.171959,
        "nauc_precision_at_10_diff1": 0.122948,
        "nauc_precision_at_20_max": 0.503419,
        "nauc_precision_at_20_std": 0.212579,
        "nauc_precision_at_20_diff1": 0.024874,
        "nauc_precision_at_100_max": 0.319801,
        "nauc_precision_at_100_std": 0.280432,
        "nauc_precision_at_100_diff1": -0.160193,
        "nauc_precision_at_1000_max": 0.196333,
        "nauc_precision_at_1000_std": 0.23458,
        "nauc_precision_at_1000_diff1": -0.253898,
        "nauc_mrr_at_1_max": 0.719101,
        "nauc_mrr_at_1_std": 0.157403,
        "nauc_mrr_at_1_diff1": 0.516962,
        "nauc_mrr_at_3_max": 0.685742,
        "nauc_mrr_at_3_std": 0.054166,
        "nauc_mrr_at_3_diff1": 0.524955,
        "nauc_mrr_at_5_max": 0.691758,
        "nauc_mrr_at_5_std": 0.089361,
        "nauc_mrr_at_5_diff1": 0.525707,
        "nauc_mrr_at_10_max": 0.688128,
        "nauc_mrr_at_10_std": 0.079815,
        "nauc_mrr_at_10_diff1": 0.522325,
        "nauc_mrr_at_20_max": 0.689472,
        "nauc_mrr_at_20_std": 0.087545,
        "nauc_mrr_at_20_diff1": 0.523623,
        "nauc_mrr_at_100_max": 0.689462,
        "nauc_mrr_at_100_std": 0.086772,
        "nauc_mrr_at_100_diff1": 0.522987,
        "nauc_mrr_at_1000_max": 0.689416,
        "nauc_mrr_at_1000_std": 0.086534,
        "nauc_mrr_at_1000_diff1": 0.522978,
        "hit_rate_at_1": 0.64935,
        "hit_rate_at_3": 0.84416,
        "hit_rate_at_5": 0.87013,
        "hit_rate_at_10": 0.8961,
        "hit_rate_at_20": 0.92208,
        "hit_rate_at_100": 0.98701,
        "hit_rate_at_1000": 1.0,
        "main_score": 0.58545,
        "hf_subset": "default",
        "languages": [
          "dan-Latn"
        ]
      }
    ]
  },
  "evaluation_time": 6.4873270988464355,
  "kg_co2_emissions": null,
  "date": 1774448156.241694
}