{
  "dataset_revision": "bc2a1e4c24771a6f3432578016cfb737732398fd",
  "task_name": "LLMWinoGrande",
  "mteb_version": "2.11.6",
  "scores": {
    "test": [
      {
        "ndcg_at_1": 0.215,
        "ndcg_at_3": 0.30321,
        "ndcg_at_5": 0.31912,
        "ndcg_at_10": 0.32735,
        "ndcg_at_20": 0.33245,
        "ndcg_at_100": 0.33544,
        "ndcg_at_1000": 0.35454,
        "map_at_1": 0.215,
        "map_at_3": 0.28333,
        "map_at_5": 0.29183,
        "map_at_10": 0.29531,
        "map_at_20": 0.29672,
        "map_at_100": 0.2972,
        "map_at_1000": 0.29754,
        "recall_at_1": 0.215,
        "recall_at_3": 0.36,
        "recall_at_5": 0.4,
        "recall_at_10": 0.425,
        "recall_at_20": 0.445,
        "recall_at_100": 0.46,
        "recall_at_1000": 0.635,
        "accuracy": 0.215,
        "precision_at_1": 0.215,
        "precision_at_3": 0.12,
        "precision_at_5": 0.08,
        "precision_at_10": 0.0425,
        "precision_at_20": 0.02225,
        "precision_at_100": 0.0046,
        "precision_at_1000": 0.00064,
        "mrr_at_1": 0.215,
        "mrr_at_3": 0.283333,
        "mrr_at_5": 0.291833,
        "mrr_at_10": 0.295306,
        "mrr_at_20": 0.296721,
        "mrr_at_100": 0.297202,
        "mrr_at_1000": 0.297541,
        "nauc_ndcg_at_1_max": 0.124964,
        "nauc_ndcg_at_1_std": 0.078799,
        "nauc_ndcg_at_1_diff1": 0.359574,
        "nauc_ndcg_at_3_max": 0.147032,
        "nauc_ndcg_at_3_std": 0.102393,
        "nauc_ndcg_at_3_diff1": 0.269827,
        "nauc_ndcg_at_5_max": 0.153225,
        "nauc_ndcg_at_5_std": 0.116407,
        "nauc_ndcg_at_5_diff1": 0.286816,
        "nauc_ndcg_at_10_max": 0.162565,
        "nauc_ndcg_at_10_std": 0.12494,
        "nauc_ndcg_at_10_diff1": 0.27827,
        "nauc_ndcg_at_20_max": 0.159962,
        "nauc_ndcg_at_20_std": 0.12377,
        "nauc_ndcg_at_20_diff1": 0.268695,
        "nauc_ndcg_at_100_max": 0.159304,
        "nauc_ndcg_at_100_std": 0.127818,
        "nauc_ndcg_at_100_diff1": 0.267489,
        "nauc_ndcg_at_1000_max": 0.140106,
        "nauc_ndcg_at_1000_std": 0.100647,
        "nauc_ndcg_at_1000_diff1": 0.259993,
        "nauc_map_at_1_max": 0.124964,
        "nauc_map_at_1_std": 0.078799,
        "nauc_map_at_1_diff1": 0.359574,
        "nauc_map_at_3_max": 0.143872,
        "nauc_map_at_3_std": 0.098754,
        "nauc_map_at_3_diff1": 0.288986,
        "nauc_map_at_5_max": 0.146925,
        "nauc_map_at_5_std": 0.106041,
        "nauc_map_at_5_diff1": 0.297687,
        "nauc_map_at_10_max": 0.15088,
        "nauc_map_at_10_std": 0.109373,
        "nauc_map_at_10_diff1": 0.293713,
        "nauc_map_at_20_max": 0.150316,
        "nauc_map_at_20_std": 0.109094,
        "nauc_map_at_20_diff1": 0.290998,
        "nauc_map_at_100_max": 0.150207,
        "nauc_map_at_100_std": 0.109778,
        "nauc_map_at_100_diff1": 0.290806,
        "nauc_map_at_1000_max": 0.149797,
        "nauc_map_at_1000_std": 0.10932,
        "nauc_map_at_1000_diff1": 0.29076,
        "nauc_recall_at_1_max": 0.124964,
        "nauc_recall_at_1_std": 0.078799,
        "nauc_recall_at_1_diff1": 0.359574,
        "nauc_recall_at_3_max": 0.154746,
        "nauc_recall_at_3_std": 0.111426,
        "nauc_recall_at_3_diff1": 0.219395,
        "nauc_recall_at_5_max": 0.170391,
        "nauc_recall_at_5_std": 0.14552,
        "nauc_recall_at_5_diff1": 0.261992,
        "nauc_recall_at_10_max": 0.197371,
        "nauc_recall_at_10_std": 0.171606,
        "nauc_recall_at_10_diff1": 0.238839,
        "nauc_recall_at_20_max": 0.186806,
        "nauc_recall_at_20_std": 0.167197,
        "nauc_recall_at_20_diff1": 0.203369,
        "nauc_recall_at_100_max": 0.183813,
        "nauc_recall_at_100_std": 0.186335,
        "nauc_recall_at_100_diff1": 0.197308,
        "nauc_recall_at_1000_max": -0.001147,
        "nauc_recall_at_1000_std": -0.079889,
        "nauc_recall_at_1000_diff1": 0.099904,
        "nauc_precision_at_1_max": 0.124964,
        "nauc_precision_at_1_std": 0.078799,
        "nauc_precision_at_1_diff1": 0.359574,
        "nauc_precision_at_3_max": 0.154746,
        "nauc_precision_at_3_std": 0.111426,
        "nauc_precision_at_3_diff1": 0.219395,
        "nauc_precision_at_5_max": 0.170391,
        "nauc_precision_at_5_std": 0.14552,
        "nauc_precision_at_5_diff1": 0.261992,
        "nauc_precision_at_10_max": 0.197371,
        "nauc_precision_at_10_std": 0.171606,
        "nauc_precision_at_10_diff1": 0.238839,
        "nauc_precision_at_20_max": 0.186806,
        "nauc_precision_at_20_std": 0.167197,
        "nauc_precision_at_20_diff1": 0.203369,
        "nauc_precision_at_100_max": 0.183813,
        "nauc_precision_at_100_std": 0.186335,
        "nauc_precision_at_100_diff1": 0.197308,
        "nauc_precision_at_1000_max": -0.001147,
        "nauc_precision_at_1000_std": -0.079889,
        "nauc_precision_at_1000_diff1": 0.099904,
        "nauc_mrr_at_1_max": 0.124964,
        "nauc_mrr_at_1_std": 0.078799,
        "nauc_mrr_at_1_diff1": 0.359574,
        "nauc_mrr_at_3_max": 0.143872,
        "nauc_mrr_at_3_std": 0.098754,
        "nauc_mrr_at_3_diff1": 0.288986,
        "nauc_mrr_at_5_max": 0.146925,
        "nauc_mrr_at_5_std": 0.106041,
        "nauc_mrr_at_5_diff1": 0.297687,
        "nauc_mrr_at_10_max": 0.15088,
        "nauc_mrr_at_10_std": 0.109373,
        "nauc_mrr_at_10_diff1": 0.293713,
        "nauc_mrr_at_20_max": 0.150316,
        "nauc_mrr_at_20_std": 0.109094,
        "nauc_mrr_at_20_diff1": 0.290998,
        "nauc_mrr_at_100_max": 0.150207,
        "nauc_mrr_at_100_std": 0.109778,
        "nauc_mrr_at_100_diff1": 0.290806,
        "nauc_mrr_at_1000_max": 0.149797,
        "nauc_mrr_at_1000_std": 0.10932,
        "nauc_mrr_at_1000_diff1": 0.29076,
        "hit_rate_at_1": 0.215,
        "hit_rate_at_3": 0.36,
        "hit_rate_at_5": 0.4,
        "hit_rate_at_10": 0.425,
        "hit_rate_at_20": 0.445,
        "hit_rate_at_100": 0.46,
        "hit_rate_at_1000": 0.635,
        "main_score": 0.32735,
        "hf_subset": "default",
        "languages": [
          "eng-Latn"
        ]
      }
    ]
  },
  "evaluation_time": 94.89703941345215,
  "kg_co2_emissions": null,
  "date": 1774448251.146463
}