{
  "dataset_revision": "a2acf12d293ea934823ca26752a05c5bfab24dff",
  "task_name": "LLMAILAStatutes",
  "mteb_version": "2.11.6",
  "scores": {
    "test": [
      {
        "ndcg_at_1": 0.46,
        "ndcg_at_3": 0.38042,
        "ndcg_at_5": 0.35451,
        "ndcg_at_10": 0.41686,
        "ndcg_at_20": 0.48477,
        "ndcg_at_100": 0.6039,
        "ndcg_at_1000": 0.6039,
        "map_at_1": 0.112,
        "map_at_3": 0.2045,
        "map_at_5": 0.24757,
        "map_at_10": 0.28844,
        "map_at_20": 0.31947,
        "map_at_100": 0.35963,
        "map_at_1000": 0.35963,
        "recall_at_1": 0.112,
        "recall_at_3": 0.245,
        "recall_at_5": 0.32967,
        "recall_at_10": 0.44433,
        "recall_at_20": 0.613,
        "recall_at_100": 1.0,
        "recall_at_1000": 1.0,
        "accuracy": 0.112,
        "precision_at_1": 0.46,
        "precision_at_3": 0.34667,
        "precision_at_5": 0.284,
        "precision_at_10": 0.194,
        "precision_at_20": 0.135,
        "precision_at_100": 0.0434,
        "precision_at_1000": 0.00434,
        "mrr_at_1": 0.46,
        "mrr_at_3": 0.57,
        "mrr_at_5": 0.592,
        "mrr_at_10": 0.609222,
        "mrr_at_20": 0.611667,
        "mrr_at_100": 0.613419,
        "mrr_at_1000": 0.613419,
        "nauc_ndcg_at_1_max": 0.490841,
        "nauc_ndcg_at_1_std": 0.191454,
        "nauc_ndcg_at_1_diff1": 0.238548,
        "nauc_ndcg_at_3_max": 0.526671,
        "nauc_ndcg_at_3_std": 0.25888,
        "nauc_ndcg_at_3_diff1": 0.286333,
        "nauc_ndcg_at_5_max": 0.491944,
        "nauc_ndcg_at_5_std": 0.305239,
        "nauc_ndcg_at_5_diff1": 0.195873,
        "nauc_ndcg_at_10_max": 0.53108,
        "nauc_ndcg_at_10_std": 0.299299,
        "nauc_ndcg_at_10_diff1": 0.212558,
        "nauc_ndcg_at_20_max": 0.502569,
        "nauc_ndcg_at_20_std": 0.34352,
        "nauc_ndcg_at_20_diff1": 0.213185,
        "nauc_ndcg_at_100_max": 0.510267,
        "nauc_ndcg_at_100_std": 0.30632,
        "nauc_ndcg_at_100_diff1": 0.214622,
        "nauc_ndcg_at_1000_max": 0.510267,
        "nauc_ndcg_at_1000_std": 0.30632,
        "nauc_ndcg_at_1000_diff1": 0.214622,
        "nauc_map_at_1_max": 0.39239,
        "nauc_map_at_1_std": 0.159646,
        "nauc_map_at_1_diff1": 0.109093,
        "nauc_map_at_3_max": 0.516672,
        "nauc_map_at_3_std": 0.236421,
        "nauc_map_at_3_diff1": 0.285765,
        "nauc_map_at_5_max": 0.503487,
        "nauc_map_at_5_std": 0.29301,
        "nauc_map_at_5_diff1": 0.224498,
        "nauc_map_at_10_max": 0.539777,
        "nauc_map_at_10_std": 0.294257,
        "nauc_map_at_10_diff1": 0.230699,
        "nauc_map_at_20_max": 0.52315,
        "nauc_map_at_20_std": 0.324049,
        "nauc_map_at_20_diff1": 0.224273,
        "nauc_map_at_100_max": 0.522414,
        "nauc_map_at_100_std": 0.31365,
        "nauc_map_at_100_diff1": 0.227155,
        "nauc_map_at_1000_max": 0.522414,
        "nauc_map_at_1000_std": 0.31365,
        "nauc_map_at_1000_diff1": 0.227155,
        "nauc_recall_at_1_max": 0.39239,
        "nauc_recall_at_1_std": 0.159646,
        "nauc_recall_at_1_diff1": 0.109093,
        "nauc_recall_at_3_max": 0.488518,
        "nauc_recall_at_3_std": 0.265105,
        "nauc_recall_at_3_diff1": 0.254503,
        "nauc_recall_at_5_max": 0.448493,
        "nauc_recall_at_5_std": 0.33962,
        "nauc_recall_at_5_diff1": 0.156888,
        "nauc_recall_at_10_max": 0.502911,
        "nauc_recall_at_10_std": 0.315488,
        "nauc_recall_at_10_diff1": 0.186008,
        "nauc_recall_at_20_max": 0.373262,
        "nauc_recall_at_20_std": 0.384471,
        "nauc_recall_at_20_diff1": 0.173533,
        "nauc_recall_at_100_max": NaN,
        "nauc_recall_at_100_std": NaN,
        "nauc_recall_at_100_diff1": NaN,
        "nauc_recall_at_1000_max": NaN,
        "nauc_recall_at_1000_std": NaN,
        "nauc_recall_at_1000_diff1": NaN,
        "nauc_precision_at_1_max": 0.490841,
        "nauc_precision_at_1_std": 0.191454,
        "nauc_precision_at_1_diff1": 0.238548,
        "nauc_precision_at_3_max": 0.543581,
        "nauc_precision_at_3_std": 0.284516,
        "nauc_precision_at_3_diff1": 0.324845,
        "nauc_precision_at_5_max": 0.437514,
        "nauc_precision_at_5_std": 0.329944,
        "nauc_precision_at_5_diff1": 0.169,
        "nauc_precision_at_10_max": 0.477819,
        "nauc_precision_at_10_std": 0.286901,
        "nauc_precision_at_10_diff1": 0.192807,
        "nauc_precision_at_20_max": 0.31796,
        "nauc_precision_at_20_std": 0.320961,
        "nauc_precision_at_20_diff1": 0.162714,
        "nauc_precision_at_100_max": 0.046377,
        "nauc_precision_at_100_std": 0.060665,
        "nauc_precision_at_100_diff1": 0.081191,
        "nauc_precision_at_1000_max": 0.046377,
        "nauc_precision_at_1000_std": 0.060665,
        "nauc_precision_at_1000_diff1": 0.081191,
        "nauc_mrr_at_1_max": 0.490841,
        "nauc_mrr_at_1_std": 0.191454,
        "nauc_mrr_at_1_diff1": 0.238548,
        "nauc_mrr_at_3_max": 0.471477,
        "nauc_mrr_at_3_std": 0.23604,
        "nauc_mrr_at_3_diff1": 0.184263,
        "nauc_mrr_at_5_max": 0.479446,
        "nauc_mrr_at_5_std": 0.250209,
        "nauc_mrr_at_5_diff1": 0.1805,
        "nauc_mrr_at_10_max": 0.487524,
        "nauc_mrr_at_10_std": 0.227711,
        "nauc_mrr_at_10_diff1": 0.190126,
        "nauc_mrr_at_20_max": 0.484363,
        "nauc_mrr_at_20_std": 0.224015,
        "nauc_mrr_at_20_diff1": 0.193311,
        "nauc_mrr_at_100_max": 0.486064,
        "nauc_mrr_at_100_std": 0.227014,
        "nauc_mrr_at_100_diff1": 0.194766,
        "nauc_mrr_at_1000_max": 0.486064,
        "nauc_mrr_at_1000_std": 0.227014,
        "nauc_mrr_at_1000_diff1": 0.194766,
        "hit_rate_at_1": 0.46,
        "hit_rate_at_3": 0.7,
        "hit_rate_at_5": 0.8,
        "hit_rate_at_10": 0.92,
        "hit_rate_at_20": 0.96,
        "hit_rate_at_100": 1.0,
        "hit_rate_at_1000": 1.0,
        "main_score": 0.41686,
        "hf_subset": "default",
        "languages": [
          "eng-Latn"
        ]
      }
    ]
  },
  "evaluation_time": 8.759742498397827,
  "kg_co2_emissions": null,
  "date": 1774448589.474063
}