{
  "dataset_revision": "300cb175d1b608cfc3fdb94fd06b3ceb937f9b6a",
  "task_name": "LLMLegalBenchCorporateLobbying",
  "mteb_version": "2.11.6",
  "scores": {
    "test": [
      {
        "ndcg_at_1": 0.9,
        "ndcg_at_3": 0.94972,
        "ndcg_at_5": 0.95313,
        "ndcg_at_10": 0.95418,
        "ndcg_at_20": 0.95495,
        "ndcg_at_100": 0.95542,
        "ndcg_at_1000": 0.95579,
        "map_at_1": 0.9,
        "map_at_3": 0.93922,
        "map_at_5": 0.94098,
        "map_at_10": 0.94147,
        "map_at_20": 0.9417,
        "map_at_100": 0.94174,
        "map_at_1000": 0.94175,
        "recall_at_1": 0.9,
        "recall_at_3": 0.97941,
        "recall_at_5": 0.98824,
        "recall_at_10": 0.99118,
        "recall_at_20": 0.99412,
        "recall_at_100": 0.99706,
        "recall_at_1000": 1.0,
        "accuracy": 0.9,
        "precision_at_1": 0.9,
        "precision_at_3": 0.32647,
        "precision_at_5": 0.19765,
        "precision_at_10": 0.09912,
        "precision_at_20": 0.04971,
        "precision_at_100": 0.00997,
        "precision_at_1000": 0.001,
        "mrr_at_1": 0.9,
        "mrr_at_3": 0.939216,
        "mrr_at_5": 0.94098,
        "mrr_at_10": 0.941471,
        "mrr_at_20": 0.941697,
        "mrr_at_100": 0.941735,
        "mrr_at_1000": 0.941747,
        "nauc_ndcg_at_1_max": 0.386198,
        "nauc_ndcg_at_1_std": -0.373469,
        "nauc_ndcg_at_1_diff1": 0.896056,
        "nauc_ndcg_at_3_max": 0.486942,
        "nauc_ndcg_at_3_std": -0.336817,
        "nauc_ndcg_at_3_diff1": 0.890651,
        "nauc_ndcg_at_5_max": 0.452749,
        "nauc_ndcg_at_5_std": -0.294399,
        "nauc_ndcg_at_5_diff1": 0.88586,
        "nauc_ndcg_at_10_max": 0.440236,
        "nauc_ndcg_at_10_std": -0.321006,
        "nauc_ndcg_at_10_diff1": 0.88624,
        "nauc_ndcg_at_20_max": 0.430638,
        "nauc_ndcg_at_20_std": -0.338896,
        "nauc_ndcg_at_20_diff1": 0.884289,
        "nauc_ndcg_at_100_max": 0.441072,
        "nauc_ndcg_at_100_std": -0.32419,
        "nauc_ndcg_at_100_diff1": 0.887754,
        "nauc_ndcg_at_1000_max": 0.436362,
        "nauc_ndcg_at_1000_std": -0.335349,
        "nauc_ndcg_at_1000_diff1": 0.88791,
        "nauc_map_at_1_max": 0.386198,
        "nauc_map_at_1_std": -0.373469,
        "nauc_map_at_1_diff1": 0.896056,
        "nauc_map_at_3_max": 0.454109,
        "nauc_map_at_3_std": -0.345261,
        "nauc_map_at_3_diff1": 0.891984,
        "nauc_map_at_5_max": 0.43909,
        "nauc_map_at_5_std": -0.328099,
        "nauc_map_at_5_diff1": 0.890057,
        "nauc_map_at_10_max": 0.434392,
        "nauc_map_at_10_std": -0.338127,
        "nauc_map_at_10_diff1": 0.890231,
        "nauc_map_at_20_max": 0.432197,
        "nauc_map_at_20_std": -0.342242,
        "nauc_map_at_20_diff1": 0.889805,
        "nauc_map_at_100_max": 0.43285,
        "nauc_map_at_100_std": -0.341325,
        "nauc_map_at_100_diff1": 0.890025,
        "nauc_map_at_1000_max": 0.432729,
        "nauc_map_at_1000_std": -0.341611,
        "nauc_map_at_1000_diff1": 0.890029,
        "nauc_recall_at_1_max": 0.386198,
        "nauc_recall_at_1_std": -0.373469,
        "nauc_recall_at_1_diff1": 0.896056,
        "nauc_recall_at_3_max": 0.75797,
        "nauc_recall_at_3_std": -0.272309,
        "nauc_recall_at_3_diff1": 0.880285,
        "nauc_recall_at_5_max": 0.609127,
        "nauc_recall_at_5_std": 0.212885,
        "nauc_recall_at_5_diff1": 0.823179,
        "nauc_recall_at_10_max": 0.478836,
        "nauc_recall_at_10_std": -0.005913,
        "nauc_recall_at_10_diff1": 0.807812,
        "nauc_recall_at_20_max": 0.218254,
        "nauc_recall_at_20_std": -0.369981,
        "nauc_recall_at_20_diff1": 0.711718,
        "nauc_recall_at_100_max": 1.0,
        "nauc_recall_at_100_std": 1.0,
        "nauc_recall_at_100_diff1": 0.869281,
        "nauc_recall_at_1000_max": NaN,
        "nauc_recall_at_1000_std": NaN,
        "nauc_recall_at_1000_diff1": NaN,
        "nauc_precision_at_1_max": 0.386198,
        "nauc_precision_at_1_std": -0.373469,
        "nauc_precision_at_1_diff1": 0.896056,
        "nauc_precision_at_3_max": 0.75797,
        "nauc_precision_at_3_std": -0.272309,
        "nauc_precision_at_3_diff1": 0.880285,
        "nauc_precision_at_5_max": 0.609127,
        "nauc_precision_at_5_std": 0.212885,
        "nauc_precision_at_5_diff1": 0.823179,
        "nauc_precision_at_10_max": 0.478836,
        "nauc_precision_at_10_std": -0.005913,
        "nauc_precision_at_10_diff1": 0.807812,
        "nauc_precision_at_20_max": 0.218254,
        "nauc_precision_at_20_std": -0.369981,
        "nauc_precision_at_20_diff1": 0.711718,
        "nauc_precision_at_100_max": 1.0,
        "nauc_precision_at_100_std": 1.0,
        "nauc_precision_at_100_diff1": 0.869281,
        "nauc_precision_at_1000_max": 1.0,
        "nauc_precision_at_1000_std": 1.0,
        "nauc_precision_at_1000_diff1": 1.0,
        "nauc_mrr_at_1_max": 0.386198,
        "nauc_mrr_at_1_std": -0.373469,
        "nauc_mrr_at_1_diff1": 0.896056,
        "nauc_mrr_at_3_max": 0.454109,
        "nauc_mrr_at_3_std": -0.345261,
        "nauc_mrr_at_3_diff1": 0.891984,
        "nauc_mrr_at_5_max": 0.43909,
        "nauc_mrr_at_5_std": -0.328099,
        "nauc_mrr_at_5_diff1": 0.890057,
        "nauc_mrr_at_10_max": 0.434392,
        "nauc_mrr_at_10_std": -0.338127,
        "nauc_mrr_at_10_diff1": 0.890231,
        "nauc_mrr_at_20_max": 0.432197,
        "nauc_mrr_at_20_std": -0.342242,
        "nauc_mrr_at_20_diff1": 0.889805,
        "nauc_mrr_at_100_max": 0.43285,
        "nauc_mrr_at_100_std": -0.341325,
        "nauc_mrr_at_100_diff1": 0.890025,
        "nauc_mrr_at_1000_max": 0.432729,
        "nauc_mrr_at_1000_std": -0.341611,
        "nauc_mrr_at_1000_diff1": 0.890029,
        "hit_rate_at_1": 0.9,
        "hit_rate_at_3": 0.97941,
        "hit_rate_at_5": 0.98824,
        "hit_rate_at_10": 0.99118,
        "hit_rate_at_20": 0.99412,
        "hit_rate_at_100": 0.99706,
        "hit_rate_at_1000": 1.0,
        "main_score": 0.95418,
        "hf_subset": "default",
        "languages": [
          "eng-Latn"
        ]
      }
    ]
  },
  "evaluation_time": 19.066501140594482,
  "kg_co2_emissions": null,
  "date": 1774448608.552416
}