{
  "dataset_revision": "5d745bd9e435cc190599f916f54c0ab197ddeb73",
  "task_name": "LLMRTE3PC",
  "mteb_version": "2.11.6",
  "scores": {
    "test": [
      {
        "similarity_accuracy": 0.848233,
        "similarity_f1": 0.917885,
        "similarity_precision": 0.85,
        "similarity_recall": 0.997555,
        "similarity_ap": 0.865901,
        "cosine_accuracy": 0.848233,
        "cosine_f1": 0.917885,
        "cosine_precision": 0.85,
        "cosine_recall": 0.997555,
        "cosine_ap": 0.865901,
        "manhattan_accuracy": 0.848233,
        "manhattan_f1": 0.917885,
        "manhattan_precision": 0.85,
        "manhattan_recall": 0.997555,
        "manhattan_ap": 0.86342,
        "euclidean_accuracy": 0.848233,
        "euclidean_f1": 0.917885,
        "euclidean_precision": 0.85,
        "euclidean_recall": 0.997555,
        "euclidean_ap": 0.862734,
        "dot_accuracy": 0.852391,
        "dot_f1": 0.920135,
        "dot_precision": 0.852083,
        "dot_recall": 1.0,
        "dot_ap": 0.874487,
        "max_accuracy": 0.852391,
        "max_f1": 0.920135,
        "max_precision": 0.852083,
        "max_recall": 1.0,
        "max_ap": 0.874487,
        "main_score": 0.874487,
        "hf_subset": "de",
        "languages": [
          "deu-Latn"
        ]
      },
      {
        "similarity_accuracy": 0.848548,
        "similarity_f1": 0.91807,
        "similarity_precision": 0.850312,
        "similarity_recall": 0.997561,
        "similarity_ap": 0.875148,
        "cosine_accuracy": 0.848548,
        "cosine_f1": 0.91807,
        "cosine_precision": 0.850312,
        "cosine_recall": 0.997561,
        "cosine_ap": 0.875148,
        "manhattan_accuracy": 0.848548,
        "manhattan_f1": 0.91807,
        "manhattan_precision": 0.850312,
        "manhattan_recall": 0.997561,
        "manhattan_ap": 0.876955,
        "euclidean_accuracy": 0.848548,
        "euclidean_f1": 0.91807,
        "euclidean_precision": 0.850312,
        "euclidean_recall": 0.997561,
        "euclidean_ap": 0.875305,
        "dot_accuracy": 0.852697,
        "dot_f1": 0.920314,
        "dot_precision": 0.852391,
        "dot_recall": 1.0,
        "dot_ap": 0.869651,
        "max_accuracy": 0.852697,
        "max_f1": 0.920314,
        "max_precision": 0.852391,
        "max_recall": 1.0,
        "max_ap": 0.876955,
        "main_score": 0.876955,
        "hf_subset": "en",
        "languages": [
          "eng-Latn"
        ]
      },
      {
        "similarity_accuracy": 0.846473,
        "similarity_f1": 0.916854,
        "similarity_precision": 0.848233,
        "similarity_recall": 0.997555,
        "similarity_ap": 0.873249,
        "cosine_accuracy": 0.846473,
        "cosine_f1": 0.916854,
        "cosine_precision": 0.848233,
        "cosine_recall": 0.997555,
        "cosine_ap": 0.873249,
        "manhattan_accuracy": 0.846473,
        "manhattan_f1": 0.916854,
        "manhattan_precision": 0.848233,
        "manhattan_recall": 0.997555,
        "manhattan_ap": 0.873317,
        "euclidean_accuracy": 0.846473,
        "euclidean_f1": 0.916854,
        "euclidean_precision": 0.848233,
        "euclidean_recall": 0.997555,
        "euclidean_ap": 0.872569,
        "dot_accuracy": 0.848548,
        "dot_f1": 0.917885,
        "dot_precision": 0.85,
        "dot_recall": 0.997555,
        "dot_ap": 0.872997,
        "max_accuracy": 0.848548,
        "max_f1": 0.917885,
        "max_precision": 0.85,
        "max_recall": 0.997555,
        "max_ap": 0.873317,
        "main_score": 0.873317,
        "hf_subset": "fr",
        "languages": [
          "fra-Latn"
        ]
      },
      {
        "similarity_accuracy": 0.84728,
        "similarity_f1": 0.917327,
        "similarity_precision": 0.849057,
        "similarity_recall": 0.997537,
        "similarity_ap": 0.868817,
        "cosine_accuracy": 0.84728,
        "cosine_f1": 0.917327,
        "cosine_precision": 0.849057,
        "cosine_recall": 0.997537,
        "cosine_ap": 0.868817,
        "manhattan_accuracy": 0.84728,
        "manhattan_f1": 0.917327,
        "manhattan_precision": 0.849057,
        "manhattan_recall": 0.997537,
        "manhattan_ap": 0.868096,
        "euclidean_accuracy": 0.84728,
        "euclidean_f1": 0.917327,
        "euclidean_precision": 0.849057,
        "euclidean_recall": 0.997537,
        "euclidean_ap": 0.868653,
        "dot_accuracy": 0.849372,
        "dot_f1": 0.918367,
        "dot_precision": 0.85084,
        "dot_recall": 0.997537,
        "dot_ap": 0.87054,
        "max_accuracy": 0.849372,
        "max_f1": 0.918367,
        "max_precision": 0.85084,
        "max_recall": 0.997537,
        "max_ap": 0.87054,
        "main_score": 0.87054,
        "hf_subset": "it",
        "languages": [
          "ita-Latn"
        ]
      }
    ]
  },
  "evaluation_time": 28.208468437194824,
  "kg_co2_emissions": null,
  "date": 1774420637.696683
}