{
  "dataset_revision": "d6628df131c3279007b88fe3e057e809dac056af",
  "task_name": "LLMSpartQA",
  "mteb_version": "2.11.6",
  "scores": {
    "test": [
      {
        "ndcg_at_1": 0.005,
        "ndcg_at_3": 0.03823,
        "ndcg_at_5": 0.0523,
        "ndcg_at_10": 0.08074,
        "ndcg_at_20": 0.10567,
        "ndcg_at_100": 0.14833,
        "ndcg_at_1000": 0.18892,
        "map_at_1": 0.005,
        "map_at_3": 0.02722,
        "map_at_5": 0.03439,
        "map_at_10": 0.04561,
        "map_at_20": 0.05242,
        "map_at_100": 0.05805,
        "map_at_1000": 0.05928,
        "recall_at_1": 0.005,
        "recall_at_3": 0.05833,
        "recall_at_5": 0.09,
        "recall_at_10": 0.17,
        "recall_at_20": 0.25833,
        "recall_at_100": 0.45667,
        "recall_at_1000": 0.75333,
        "accuracy": 0.005,
        "precision_at_1": 0.005,
        "precision_at_3": 0.02833,
        "precision_at_5": 0.026,
        "precision_at_10": 0.025,
        "precision_at_20": 0.01925,
        "precision_at_100": 0.0076,
        "precision_at_1000": 0.00127,
        "mrr_at_1": 0.005,
        "mrr_at_3": 0.038333,
        "mrr_at_5": 0.048333,
        "mrr_at_10": 0.062407,
        "mrr_at_20": 0.070316,
        "mrr_at_100": 0.076618,
        "mrr_at_1000": 0.077747,
        "nauc_ndcg_at_1_max": -0.205796,
        "nauc_ndcg_at_1_std": 1.0,
        "nauc_ndcg_at_1_diff1": 0.098471,
        "nauc_ndcg_at_3_max": -0.321765,
        "nauc_ndcg_at_3_std": 0.514868,
        "nauc_ndcg_at_3_diff1": -0.193991,
        "nauc_ndcg_at_5_max": -0.296303,
        "nauc_ndcg_at_5_std": 0.508683,
        "nauc_ndcg_at_5_diff1": -0.186062,
        "nauc_ndcg_at_10_max": -0.186436,
        "nauc_ndcg_at_10_std": 0.557117,
        "nauc_ndcg_at_10_diff1": -0.156741,
        "nauc_ndcg_at_20_max": -0.181958,
        "nauc_ndcg_at_20_std": 0.612467,
        "nauc_ndcg_at_20_diff1": -0.184508,
        "nauc_ndcg_at_100_max": -0.223604,
        "nauc_ndcg_at_100_std": 0.630514,
        "nauc_ndcg_at_100_diff1": -0.203526,
        "nauc_ndcg_at_1000_max": -0.205881,
        "nauc_ndcg_at_1000_std": 0.607269,
        "nauc_ndcg_at_1000_diff1": -0.165402,
        "nauc_map_at_1_max": -0.205796,
        "nauc_map_at_1_std": 1.0,
        "nauc_map_at_1_diff1": 0.098471,
        "nauc_map_at_3_max": -0.329909,
        "nauc_map_at_3_std": 0.5505,
        "nauc_map_at_3_diff1": -0.183512,
        "nauc_map_at_5_max": -0.309406,
        "nauc_map_at_5_std": 0.534574,
        "nauc_map_at_5_diff1": -0.182537,
        "nauc_map_at_10_max": -0.236968,
        "nauc_map_at_10_std": 0.568197,
        "nauc_map_at_10_diff1": -0.16467,
        "nauc_map_at_20_max": -0.23335,
        "nauc_map_at_20_std": 0.603029,
        "nauc_map_at_20_diff1": -0.180103,
        "nauc_map_at_100_max": -0.250233,
        "nauc_map_at_100_std": 0.602429,
        "nauc_map_at_100_diff1": -0.190706,
        "nauc_map_at_1000_max": -0.248635,
        "nauc_map_at_1000_std": 0.601859,
        "nauc_map_at_1000_diff1": -0.186075,
        "nauc_recall_at_1_max": -0.205796,
        "nauc_recall_at_1_std": 1.0,
        "nauc_recall_at_1_diff1": 0.098471,
        "nauc_recall_at_3_max": -0.337407,
        "nauc_recall_at_3_std": 0.472927,
        "nauc_recall_at_3_diff1": -0.198927,
        "nauc_recall_at_5_max": -0.287329,
        "nauc_recall_at_5_std": 0.469411,
        "nauc_recall_at_5_diff1": -0.177854,
        "nauc_recall_at_10_max": -0.146093,
        "nauc_recall_at_10_std": 0.541625,
        "nauc_recall_at_10_diff1": -0.135902,
        "nauc_recall_at_20_max": -0.132169,
        "nauc_recall_at_20_std": 0.610878,
        "nauc_recall_at_20_diff1": -0.17913,
        "nauc_recall_at_100_max": -0.182765,
        "nauc_recall_at_100_std": 0.65537,
        "nauc_recall_at_100_diff1": -0.224692,
        "nauc_recall_at_1000_max": -0.082276,
        "nauc_recall_at_1000_std": 0.431986,
        "nauc_recall_at_1000_diff1": -0.066847,
        "nauc_precision_at_1_max": -0.205796,
        "nauc_precision_at_1_std": 1.0,
        "nauc_precision_at_1_diff1": 0.098471,
        "nauc_precision_at_3_max": -0.282943,
        "nauc_precision_at_3_std": 0.47698,
        "nauc_precision_at_3_diff1": -0.197999,
        "nauc_precision_at_5_max": -0.270612,
        "nauc_precision_at_5_std": 0.50216,
        "nauc_precision_at_5_diff1": -0.185937,
        "nauc_precision_at_10_max": -0.08968,
        "nauc_precision_at_10_std": 0.557181,
        "nauc_precision_at_10_diff1": -0.1416,
        "nauc_precision_at_20_max": -0.111284,
        "nauc_precision_at_20_std": 0.588078,
        "nauc_precision_at_20_diff1": -0.169913,
        "nauc_precision_at_100_max": -0.167025,
        "nauc_precision_at_100_std": 0.401903,
        "nauc_precision_at_100_diff1": -0.086653,
        "nauc_precision_at_1000_max": 0.052592,
        "nauc_precision_at_1000_std": -0.049965,
        "nauc_precision_at_1000_diff1": 0.11103,
        "nauc_mrr_at_1_max": -0.205796,
        "nauc_mrr_at_1_std": 1.0,
        "nauc_mrr_at_1_diff1": 0.098471,
        "nauc_mrr_at_3_max": -0.294875,
        "nauc_mrr_at_3_std": 0.526452,
        "nauc_mrr_at_3_diff1": -0.205813,
        "nauc_mrr_at_5_max": -0.289638,
        "nauc_mrr_at_5_std": 0.529848,
        "nauc_mrr_at_5_diff1": -0.203355,
        "nauc_mrr_at_10_max": -0.209279,
        "nauc_mrr_at_10_std": 0.543467,
        "nauc_mrr_at_10_diff1": -0.181922,
        "nauc_mrr_at_20_max": -0.207101,
        "nauc_mrr_at_20_std": 0.557314,
        "nauc_mrr_at_20_diff1": -0.189128,
        "nauc_mrr_at_100_max": -0.212189,
        "nauc_mrr_at_100_std": 0.555365,
        "nauc_mrr_at_100_diff1": -0.188294,
        "nauc_mrr_at_1000_max": -0.211419,
        "nauc_mrr_at_1000_std": 0.554375,
        "nauc_mrr_at_1000_diff1": -0.187717,
        "hit_rate_at_1": 0.005,
        "hit_rate_at_3": 0.085,
        "hit_rate_at_5": 0.13,
        "hit_rate_at_10": 0.235,
        "hit_rate_at_20": 0.35,
        "hit_rate_at_100": 0.595,
        "hit_rate_at_1000": 0.915,
        "main_score": 0.08074,
        "hf_subset": "default",
        "languages": [
          "eng-Latn"
        ]
      }
    ]
  },
  "evaluation_time": 45.33367919921875,
  "kg_co2_emissions": null,
  "date": 1774448653.894967
}