{
  "dataset_revision": "1c61e95df3d70835785db4d70f17d3a16a7bd4ce",
  "task_name": "LLMTempReasonL1",
  "mteb_version": "2.11.6",
  "scores": {
    "test": [
      {
        "ndcg_at_1": 0.0,
        "ndcg_at_3": 0.01893,
        "ndcg_at_5": 0.02666,
        "ndcg_at_10": 0.03946,
        "ndcg_at_20": 0.04719,
        "ndcg_at_100": 0.06513,
        "ndcg_at_1000": 0.12583,
        "map_at_1": 0.0,
        "map_at_3": 0.015,
        "map_at_5": 0.019,
        "map_at_10": 0.02421,
        "map_at_20": 0.02641,
        "map_at_100": 0.02867,
        "map_at_1000": 0.03056,
        "recall_at_1": 0.0,
        "recall_at_3": 0.03,
        "recall_at_5": 0.05,
        "recall_at_10": 0.09,
        "recall_at_20": 0.12,
        "recall_at_100": 0.22,
        "recall_at_1000": 0.72,
        "accuracy": 0.0,
        "precision_at_1": 0.0,
        "precision_at_3": 0.01,
        "precision_at_5": 0.01,
        "precision_at_10": 0.009,
        "precision_at_20": 0.006,
        "precision_at_100": 0.0022,
        "precision_at_1000": 0.00072,
        "mrr_at_1": 0.0,
        "mrr_at_3": 0.015,
        "mrr_at_5": 0.019,
        "mrr_at_10": 0.024206,
        "mrr_at_20": 0.026411,
        "mrr_at_100": 0.028668,
        "mrr_at_1000": 0.030565,
        "nauc_ndcg_at_1_max": NaN,
        "nauc_ndcg_at_1_std": NaN,
        "nauc_ndcg_at_1_diff1": NaN,
        "nauc_ndcg_at_3_max": 0.530453,
        "nauc_ndcg_at_3_std": 0.774618,
        "nauc_ndcg_at_3_diff1": -0.077095,
        "nauc_ndcg_at_5_max": 0.2742,
        "nauc_ndcg_at_5_std": 0.660174,
        "nauc_ndcg_at_5_diff1": 0.030135,
        "nauc_ndcg_at_10_max": 0.108764,
        "nauc_ndcg_at_10_std": 0.662702,
        "nauc_ndcg_at_10_diff1": -0.129112,
        "nauc_ndcg_at_20_max": 0.09478,
        "nauc_ndcg_at_20_std": 0.557064,
        "nauc_ndcg_at_20_diff1": -0.097656,
        "nauc_ndcg_at_100_max": 0.090648,
        "nauc_ndcg_at_100_std": 0.506906,
        "nauc_ndcg_at_100_diff1": -0.090423,
        "nauc_ndcg_at_1000_max": 0.22232,
        "nauc_ndcg_at_1000_std": 0.534982,
        "nauc_ndcg_at_1000_diff1": -0.127546,
        "nauc_map_at_1_max": NaN,
        "nauc_map_at_1_std": NaN,
        "nauc_map_at_1_diff1": NaN,
        "nauc_map_at_3_max": 0.530453,
        "nauc_map_at_3_std": 0.774618,
        "nauc_map_at_3_diff1": -0.077095,
        "nauc_map_at_5_max": 0.344527,
        "nauc_map_at_5_std": 0.691582,
        "nauc_map_at_5_diff1": 0.000706,
        "nauc_map_at_10_max": 0.217339,
        "nauc_map_at_10_std": 0.688529,
        "nauc_map_at_10_diff1": -0.097837,
        "nauc_map_at_20_max": 0.198703,
        "nauc_map_at_20_std": 0.632035,
        "nauc_map_at_20_diff1": -0.090415,
        "nauc_map_at_100_max": 0.187883,
        "nauc_map_at_100_std": 0.612022,
        "nauc_map_at_100_diff1": -0.085097,
        "nauc_map_at_1000_max": 0.196881,
        "nauc_map_at_1000_std": 0.61082,
        "nauc_map_at_1000_diff1": -0.084389,
        "nauc_recall_at_1_max": NaN,
        "nauc_recall_at_1_std": NaN,
        "nauc_recall_at_1_diff1": NaN,
        "nauc_recall_at_3_max": 0.530453,
        "nauc_recall_at_3_std": 0.774618,
        "nauc_recall_at_3_diff1": -0.077095,
        "nauc_recall_at_5_max": 0.177193,
        "nauc_recall_at_5_std": 0.61685,
        "nauc_recall_at_5_diff1": 0.070727,
        "nauc_recall_at_10_max": -0.003041,
        "nauc_recall_at_10_std": 0.636884,
        "nauc_recall_at_10_diff1": -0.166801,
        "nauc_recall_at_20_max": 0.005687,
        "nauc_recall_at_20_std": 0.480523,
        "nauc_recall_at_20_diff1": -0.09909,
        "nauc_recall_at_100_max": 0.038925,
        "nauc_recall_at_100_std": 0.421559,
        "nauc_recall_at_100_diff1": -0.095223,
        "nauc_recall_at_1000_max": 0.431281,
        "nauc_recall_at_1000_std": 0.514423,
        "nauc_recall_at_1000_diff1": -0.243304,
        "nauc_precision_at_1_max": NaN,
        "nauc_precision_at_1_std": NaN,
        "nauc_precision_at_1_diff1": NaN,
        "nauc_precision_at_3_max": 0.530453,
        "nauc_precision_at_3_std": 0.774618,
        "nauc_precision_at_3_diff1": -0.077095,
        "nauc_precision_at_5_max": 0.177193,
        "nauc_precision_at_5_std": 0.61685,
        "nauc_precision_at_5_diff1": 0.070727,
        "nauc_precision_at_10_max": -0.003041,
        "nauc_precision_at_10_std": 0.636884,
        "nauc_precision_at_10_diff1": -0.166801,
        "nauc_precision_at_20_max": 0.005687,
        "nauc_precision_at_20_std": 0.480523,
        "nauc_precision_at_20_diff1": -0.09909,
        "nauc_precision_at_100_max": 0.038925,
        "nauc_precision_at_100_std": 0.421559,
        "nauc_precision_at_100_diff1": -0.095223,
        "nauc_precision_at_1000_max": 0.431281,
        "nauc_precision_at_1000_std": 0.514423,
        "nauc_precision_at_1000_diff1": -0.243304,
        "nauc_mrr_at_1_max": NaN,
        "nauc_mrr_at_1_std": NaN,
        "nauc_mrr_at_1_diff1": NaN,
        "nauc_mrr_at_3_max": 0.530453,
        "nauc_mrr_at_3_std": 0.774618,
        "nauc_mrr_at_3_diff1": -0.077095,
        "nauc_mrr_at_5_max": 0.344527,
        "nauc_mrr_at_5_std": 0.691582,
        "nauc_mrr_at_5_diff1": 0.000706,
        "nauc_mrr_at_10_max": 0.217339,
        "nauc_mrr_at_10_std": 0.688529,
        "nauc_mrr_at_10_diff1": -0.097837,
        "nauc_mrr_at_20_max": 0.198703,
        "nauc_mrr_at_20_std": 0.632035,
        "nauc_mrr_at_20_diff1": -0.090415,
        "nauc_mrr_at_100_max": 0.187883,
        "nauc_mrr_at_100_std": 0.612022,
        "nauc_mrr_at_100_diff1": -0.085097,
        "nauc_mrr_at_1000_max": 0.196881,
        "nauc_mrr_at_1000_std": 0.61082,
        "nauc_mrr_at_1000_diff1": -0.084389,
        "hit_rate_at_1": 0.0,
        "hit_rate_at_3": 0.03,
        "hit_rate_at_5": 0.05,
        "hit_rate_at_10": 0.09,
        "hit_rate_at_20": 0.12,
        "hit_rate_at_100": 0.22,
        "hit_rate_at_1000": 0.72,
        "main_score": 0.03946,
        "hf_subset": "default",
        "languages": [
          "eng-Latn"
        ]
      }
    ]
  },
  "evaluation_time": 308.75107192993164,
  "kg_co2_emissions": null,
  "date": 1774448580.704999
}