{
  "dataset_revision": "31f9b918c30ef94e15a168cb95ca4ebf291396eb",
  "task_name": "LLMTwitterHjerneRetrieval",
  "mteb_version": "2.11.6",
  "scores": {
    "train": [
      {
        "ndcg_at_1": 0.84416,
        "ndcg_at_3": 0.7382,
        "ndcg_at_5": 0.73148,
        "ndcg_at_10": 0.77257,
        "ndcg_at_20": 0.7905,
        "ndcg_at_100": 0.82537,
        "ndcg_at_1000": 0.83047,
        "map_at_1": 0.27554,
        "map_at_3": 0.56724,
        "map_at_5": 0.64644,
        "map_at_10": 0.68246,
        "map_at_20": 0.69271,
        "map_at_100": 0.70297,
        "map_at_1000": 0.70367,
        "recall_at_1": 0.27554,
        "recall_at_3": 0.58853,
        "recall_at_5": 0.70065,
        "recall_at_10": 0.79978,
        "recall_at_20": 0.84892,
        "recall_at_100": 0.97532,
        "recall_at_1000": 1.0,
        "accuracy": 0.27554,
        "precision_at_1": 0.84416,
        "precision_at_3": 0.64935,
        "precision_at_5": 0.47792,
        "precision_at_10": 0.27143,
        "precision_at_20": 0.14416,
        "precision_at_100": 0.03325,
        "precision_at_1000": 0.0034,
        "mrr_at_1": 0.844156,
        "mrr_at_3": 0.878788,
        "mrr_at_5": 0.884632,
        "mrr_at_10": 0.88793,
        "mrr_at_20": 0.88793,
        "mrr_at_100": 0.888819,
        "mrr_at_1000": 0.888819,
        "nauc_ndcg_at_1_max": 0.869635,
        "nauc_ndcg_at_1_std": 0.373077,
        "nauc_ndcg_at_1_diff1": 0.693023,
        "nauc_ndcg_at_3_max": 0.695666,
        "nauc_ndcg_at_3_std": 0.207257,
        "nauc_ndcg_at_3_diff1": 0.32478,
        "nauc_ndcg_at_5_max": 0.623543,
        "nauc_ndcg_at_5_std": 0.217655,
        "nauc_ndcg_at_5_diff1": 0.327192,
        "nauc_ndcg_at_10_max": 0.633362,
        "nauc_ndcg_at_10_std": 0.184302,
        "nauc_ndcg_at_10_diff1": 0.364864,
        "nauc_ndcg_at_20_max": 0.663092,
        "nauc_ndcg_at_20_std": 0.234547,
        "nauc_ndcg_at_20_diff1": 0.357039,
        "nauc_ndcg_at_100_max": 0.685534,
        "nauc_ndcg_at_100_std": 0.269667,
        "nauc_ndcg_at_100_diff1": 0.393641,
        "nauc_ndcg_at_1000_max": 0.688016,
        "nauc_ndcg_at_1000_std": 0.258461,
        "nauc_ndcg_at_1000_diff1": 0.379547,
        "nauc_map_at_1_max": 0.13632,
        "nauc_map_at_1_std": -0.031845,
        "nauc_map_at_1_diff1": 0.358061,
        "nauc_map_at_3_max": 0.463495,
        "nauc_map_at_3_std": 0.056337,
        "nauc_map_at_3_diff1": 0.378252,
        "nauc_map_at_5_max": 0.566386,
        "nauc_map_at_5_std": 0.15873,
        "nauc_map_at_5_diff1": 0.324617,
        "nauc_map_at_10_max": 0.59104,
        "nauc_map_at_10_std": 0.157935,
        "nauc_map_at_10_diff1": 0.338616,
        "nauc_map_at_20_max": 0.608204,
        "nauc_map_at_20_std": 0.184545,
        "nauc_map_at_20_diff1": 0.328618,
        "nauc_map_at_100_max": 0.614396,
        "nauc_map_at_100_std": 0.193394,
        "nauc_map_at_100_diff1": 0.335931,
        "nauc_map_at_1000_max": 0.614644,
        "nauc_map_at_1000_std": 0.192414,
        "nauc_map_at_1000_diff1": 0.334375,
        "nauc_recall_at_1_max": 0.13632,
        "nauc_recall_at_1_std": -0.031845,
        "nauc_recall_at_1_diff1": 0.358061,
        "nauc_recall_at_3_max": 0.425355,
        "nauc_recall_at_3_std": 0.030169,
        "nauc_recall_at_3_diff1": 0.350933,
        "nauc_recall_at_5_max": 0.521912,
        "nauc_recall_at_5_std": 0.179498,
        "nauc_recall_at_5_diff1": 0.257224,
        "nauc_recall_at_10_max": 0.486808,
        "nauc_recall_at_10_std": 0.077117,
        "nauc_recall_at_10_diff1": 0.286938,
        "nauc_recall_at_20_max": 0.537893,
        "nauc_recall_at_20_std": 0.189072,
        "nauc_recall_at_20_diff1": 0.264221,
        "nauc_recall_at_100_max": 0.50941,
        "nauc_recall_at_100_std": 0.517137,
        "nauc_recall_at_100_diff1": 0.635171,
        "nauc_recall_at_1000_max": NaN,
        "nauc_recall_at_1000_std": NaN,
        "nauc_recall_at_1000_diff1": NaN,
        "nauc_precision_at_1_max": 0.869635,
        "nauc_precision_at_1_std": 0.373077,
        "nauc_precision_at_1_diff1": 0.693023,
        "nauc_precision_at_3_max": 0.64647,
        "nauc_precision_at_3_std": 0.239848,
        "nauc_precision_at_3_diff1": 0.192016,
        "nauc_precision_at_5_max": 0.549445,
        "nauc_precision_at_5_std": 0.291783,
        "nauc_precision_at_5_diff1": 0.02623,
        "nauc_precision_at_10_max": 0.515727,
        "nauc_precision_at_10_std": 0.273339,
        "nauc_precision_at_10_diff1": -0.000877,
        "nauc_precision_at_20_max": 0.506393,
        "nauc_precision_at_20_std": 0.352628,
        "nauc_precision_at_20_diff1": -0.056168,
        "nauc_precision_at_100_max": 0.33872,
        "nauc_precision_at_100_std": 0.348119,
        "nauc_precision_at_100_diff1": -0.119434,
        "nauc_precision_at_1000_max": 0.310092,
        "nauc_precision_at_1000_std": 0.311097,
        "nauc_precision_at_1000_diff1": -0.170533,
        "nauc_mrr_at_1_max": 0.869635,
        "nauc_mrr_at_1_std": 0.373077,
        "nauc_mrr_at_1_diff1": 0.693023,
        "nauc_mrr_at_3_max": 0.849972,
        "nauc_mrr_at_3_std": 0.401424,
        "nauc_mrr_at_3_diff1": 0.607383,
        "nauc_mrr_at_5_max": 0.857037,
        "nauc_mrr_at_5_std": 0.433301,
        "nauc_mrr_at_5_diff1": 0.610125,
        "nauc_mrr_at_10_max": 0.858622,
        "nauc_mrr_at_10_std": 0.420836,
        "nauc_mrr_at_10_diff1": 0.628712,
        "nauc_mrr_at_20_max": 0.858622,
        "nauc_mrr_at_20_std": 0.420836,
        "nauc_mrr_at_20_diff1": 0.628712,
        "nauc_mrr_at_100_max": 0.85821,
        "nauc_mrr_at_100_std": 0.419743,
        "nauc_mrr_at_100_diff1": 0.628534,
        "nauc_mrr_at_1000_max": 0.85821,
        "nauc_mrr_at_1000_std": 0.419743,
        "nauc_mrr_at_1000_diff1": 0.628534,
        "hit_rate_at_1": 0.84416,
        "hit_rate_at_3": 0.92208,
        "hit_rate_at_5": 0.94805,
        "hit_rate_at_10": 0.97403,
        "hit_rate_at_20": 0.97403,
        "hit_rate_at_100": 1.0,
        "hit_rate_at_1000": 1.0,
        "main_score": 0.77257,
        "hf_subset": "default",
        "languages": [
          "dan-Latn"
        ]
      }
    ]
  },
  "evaluation_time": 8.680107831954956,
  "kg_co2_emissions": null,
  "date": 1774448662.584683
}