{
  "dataset_revision": "bc2a1e4c24771a6f3432578016cfb737732398fd",
  "task_name": "LLMWinoGrande",
  "mteb_version": "2.11.6",
  "scores": {
    "test": [
      {
        "ndcg_at_1": 0.27,
        "ndcg_at_3": 0.39333,
        "ndcg_at_5": 0.42818,
        "ndcg_at_10": 0.46391,
        "ndcg_at_20": 0.48844,
        "ndcg_at_100": 0.51442,
        "ndcg_at_1000": 0.52443,
        "map_at_1": 0.27,
        "map_at_3": 0.36333,
        "map_at_5": 0.38258,
        "map_at_10": 0.39742,
        "map_at_20": 0.40442,
        "map_at_100": 0.40804,
        "map_at_1000": 0.40848,
        "recall_at_1": 0.27,
        "recall_at_3": 0.48,
        "recall_at_5": 0.565,
        "recall_at_10": 0.675,
        "recall_at_20": 0.77,
        "recall_at_100": 0.91,
        "recall_at_1000": 0.985,
        "accuracy": 0.27,
        "precision_at_1": 0.27,
        "precision_at_3": 0.16,
        "precision_at_5": 0.113,
        "precision_at_10": 0.0675,
        "precision_at_20": 0.0385,
        "precision_at_100": 0.0091,
        "precision_at_1000": 0.00099,
        "mrr_at_1": 0.27,
        "mrr_at_3": 0.363333,
        "mrr_at_5": 0.382583,
        "mrr_at_10": 0.397425,
        "mrr_at_20": 0.404424,
        "mrr_at_100": 0.408039,
        "mrr_at_1000": 0.408477,
        "nauc_ndcg_at_1_max": 0.096954,
        "nauc_ndcg_at_1_std": 0.123272,
        "nauc_ndcg_at_1_diff1": 0.091627,
        "nauc_ndcg_at_3_max": 0.007648,
        "nauc_ndcg_at_3_std": 0.070148,
        "nauc_ndcg_at_3_diff1": 0.020812,
        "nauc_ndcg_at_5_max": 0.009614,
        "nauc_ndcg_at_5_std": 0.093155,
        "nauc_ndcg_at_5_diff1": 0.051384,
        "nauc_ndcg_at_10_max": 0.019675,
        "nauc_ndcg_at_10_std": 0.108793,
        "nauc_ndcg_at_10_diff1": 0.062606,
        "nauc_ndcg_at_20_max": -0.014486,
        "nauc_ndcg_at_20_std": 0.097114,
        "nauc_ndcg_at_20_diff1": 0.039904,
        "nauc_ndcg_at_100_max": 5.7e-05,
        "nauc_ndcg_at_100_std": 0.095358,
        "nauc_ndcg_at_100_diff1": 0.047737,
        "nauc_ndcg_at_1000_max": 0.011247,
        "nauc_ndcg_at_1000_std": 0.099713,
        "nauc_ndcg_at_1000_diff1": 0.052476,
        "nauc_map_at_1_max": 0.096954,
        "nauc_map_at_1_std": 0.123272,
        "nauc_map_at_1_diff1": 0.091627,
        "nauc_map_at_3_max": 0.027103,
        "nauc_map_at_3_std": 0.079306,
        "nauc_map_at_3_diff1": 0.038067,
        "nauc_map_at_5_max": 0.027265,
        "nauc_map_at_5_std": 0.091708,
        "nauc_map_at_5_diff1": 0.05445,
        "nauc_map_at_10_max": 0.033112,
        "nauc_map_at_10_std": 0.098918,
        "nauc_map_at_10_diff1": 0.059204,
        "nauc_map_at_20_max": 0.023657,
        "nauc_map_at_20_std": 0.095234,
        "nauc_map_at_20_diff1": 0.053349,
        "nauc_map_at_100_max": 0.025078,
        "nauc_map_at_100_std": 0.094164,
        "nauc_map_at_100_diff1": 0.054024,
        "nauc_map_at_1000_max": 0.025595,
        "nauc_map_at_1000_std": 0.094428,
        "nauc_map_at_1000_diff1": 0.054277,
        "nauc_recall_at_1_max": 0.096954,
        "nauc_recall_at_1_std": 0.123272,
        "nauc_recall_at_1_diff1": 0.091627,
        "nauc_recall_at_3_max": -0.046304,
        "nauc_recall_at_3_std": 0.045782,
        "nauc_recall_at_3_diff1": -0.02782,
        "nauc_recall_at_5_max": -0.040327,
        "nauc_recall_at_5_std": 0.102912,
        "nauc_recall_at_5_diff1": 0.047599,
        "nauc_recall_at_10_max": -0.023693,
        "nauc_recall_at_10_std": 0.154418,
        "nauc_recall_at_10_diff1": 0.08564,
        "nauc_recall_at_20_max": -0.220552,
        "nauc_recall_at_20_std": 0.108861,
        "nauc_recall_at_20_diff1": -0.036302,
        "nauc_recall_at_100_max": -0.211303,
        "nauc_recall_at_100_std": 0.143687,
        "nauc_recall_at_100_diff1": 0.010504,
        "nauc_recall_at_1000_max": 0.168534,
        "nauc_recall_at_1000_std": 0.863834,
        "nauc_recall_at_1000_diff1": 0.386243,
        "nauc_precision_at_1_max": 0.096954,
        "nauc_precision_at_1_std": 0.123272,
        "nauc_precision_at_1_diff1": 0.091627,
        "nauc_precision_at_3_max": -0.046304,
        "nauc_precision_at_3_std": 0.045782,
        "nauc_precision_at_3_diff1": -0.02782,
        "nauc_precision_at_5_max": -0.040327,
        "nauc_precision_at_5_std": 0.102912,
        "nauc_precision_at_5_diff1": 0.047599,
        "nauc_precision_at_10_max": -0.023693,
        "nauc_precision_at_10_std": 0.154418,
        "nauc_precision_at_10_diff1": 0.08564,
        "nauc_precision_at_20_max": -0.220552,
        "nauc_precision_at_20_std": 0.108861,
        "nauc_precision_at_20_diff1": -0.036302,
        "nauc_precision_at_100_max": -0.211303,
        "nauc_precision_at_100_std": 0.143687,
        "nauc_precision_at_100_diff1": 0.010504,
        "nauc_precision_at_1000_max": 0.168534,
        "nauc_precision_at_1000_std": 0.863834,
        "nauc_precision_at_1000_diff1": 0.386243,
        "nauc_mrr_at_1_max": 0.096954,
        "nauc_mrr_at_1_std": 0.123272,
        "nauc_mrr_at_1_diff1": 0.091627,
        "nauc_mrr_at_3_max": 0.027103,
        "nauc_mrr_at_3_std": 0.079306,
        "nauc_mrr_at_3_diff1": 0.038067,
        "nauc_mrr_at_5_max": 0.027265,
        "nauc_mrr_at_5_std": 0.091708,
        "nauc_mrr_at_5_diff1": 0.05445,
        "nauc_mrr_at_10_max": 0.033112,
        "nauc_mrr_at_10_std": 0.098918,
        "nauc_mrr_at_10_diff1": 0.059204,
        "nauc_mrr_at_20_max": 0.023657,
        "nauc_mrr_at_20_std": 0.095234,
        "nauc_mrr_at_20_diff1": 0.053349,
        "nauc_mrr_at_100_max": 0.025078,
        "nauc_mrr_at_100_std": 0.094164,
        "nauc_mrr_at_100_diff1": 0.054024,
        "nauc_mrr_at_1000_max": 0.025595,
        "nauc_mrr_at_1000_std": 0.094428,
        "nauc_mrr_at_1000_diff1": 0.054277,
        "hit_rate_at_1": 0.27,
        "hit_rate_at_3": 0.48,
        "hit_rate_at_5": 0.565,
        "hit_rate_at_10": 0.675,
        "hit_rate_at_20": 0.77,
        "hit_rate_at_100": 0.91,
        "hit_rate_at_1000": 0.985,
        "main_score": 0.46391,
        "hf_subset": "default",
        "languages": [
          "eng-Latn"
        ]
      }
    ]
  },
  "evaluation_time": 130.6468915939331,
  "kg_co2_emissions": null,
  "date": 1774448793.239859
}