{
  "dataset_revision": "a2acf12d293ea934823ca26752a05c5bfab24dff",
  "task_name": "LLMAILAStatutes",
  "mteb_version": "2.11.6",
  "scores": {
    "test": [
      {
        "ndcg_at_1": 0.9,
        "ndcg_at_3": 0.74718,
        "ndcg_at_5": 0.71182,
        "ndcg_at_10": 0.82168,
        "ndcg_at_20": 0.85724,
        "ndcg_at_100": 0.86815,
        "ndcg_at_1000": 0.86815,
        "map_at_1": 0.21767,
        "map_at_3": 0.44961,
        "map_at_5": 0.57986,
        "map_at_10": 0.68955,
        "map_at_20": 0.71633,
        "map_at_100": 0.72208,
        "map_at_1000": 0.72208,
        "recall_at_1": 0.21767,
        "recall_at_3": 0.479,
        "recall_at_5": 0.678,
        "recall_at_10": 0.88333,
        "recall_at_20": 0.969,
        "recall_at_100": 1.0,
        "recall_at_1000": 1.0,
        "accuracy": 0.21767,
        "precision_at_1": 0.9,
        "precision_at_3": 0.69333,
        "precision_at_5": 0.58,
        "precision_at_10": 0.382,
        "precision_at_20": 0.21,
        "precision_at_100": 0.0434,
        "precision_at_1000": 0.00434,
        "mrr_at_1": 0.9,
        "mrr_at_3": 0.946667,
        "mrr_at_5": 0.946667,
        "mrr_at_10": 0.946667,
        "mrr_at_20": 0.946667,
        "mrr_at_100": 0.946667,
        "mrr_at_1000": 0.946667,
        "nauc_ndcg_at_1_max": 0.485714,
        "nauc_ndcg_at_1_std": 0.251447,
        "nauc_ndcg_at_1_diff1": 0.400747,
        "nauc_ndcg_at_3_max": 0.485121,
        "nauc_ndcg_at_3_std": 0.413376,
        "nauc_ndcg_at_3_diff1": -0.090745,
        "nauc_ndcg_at_5_max": 0.472666,
        "nauc_ndcg_at_5_std": 0.320461,
        "nauc_ndcg_at_5_diff1": 0.168759,
        "nauc_ndcg_at_10_max": 0.542066,
        "nauc_ndcg_at_10_std": 0.291324,
        "nauc_ndcg_at_10_diff1": 0.140362,
        "nauc_ndcg_at_20_max": 0.514541,
        "nauc_ndcg_at_20_std": 0.444425,
        "nauc_ndcg_at_20_diff1": 0.063364,
        "nauc_ndcg_at_100_max": 0.513143,
        "nauc_ndcg_at_100_std": 0.375902,
        "nauc_ndcg_at_100_diff1": 0.068311,
        "nauc_ndcg_at_1000_max": 0.513143,
        "nauc_ndcg_at_1000_std": 0.375902,
        "nauc_ndcg_at_1000_diff1": 0.068311,
        "nauc_map_at_1_max": 0.261894,
        "nauc_map_at_1_std": -0.115583,
        "nauc_map_at_1_diff1": 0.347484,
        "nauc_map_at_3_max": 0.549555,
        "nauc_map_at_3_std": 0.366247,
        "nauc_map_at_3_diff1": -0.015442,
        "nauc_map_at_5_max": 0.481446,
        "nauc_map_at_5_std": 0.339753,
        "nauc_map_at_5_diff1": 0.136444,
        "nauc_map_at_10_max": 0.549553,
        "nauc_map_at_10_std": 0.349469,
        "nauc_map_at_10_diff1": 0.08993,
        "nauc_map_at_20_max": 0.536898,
        "nauc_map_at_20_std": 0.420659,
        "nauc_map_at_20_diff1": 0.047544,
        "nauc_map_at_100_max": 0.535713,
        "nauc_map_at_100_std": 0.396518,
        "nauc_map_at_100_diff1": 0.048821,
        "nauc_map_at_1000_max": 0.535713,
        "nauc_map_at_1000_std": 0.396518,
        "nauc_map_at_1000_diff1": 0.048821,
        "nauc_recall_at_1_max": 0.261894,
        "nauc_recall_at_1_std": -0.115583,
        "nauc_recall_at_1_diff1": 0.347484,
        "nauc_recall_at_3_max": 0.55145,
        "nauc_recall_at_3_std": 0.394823,
        "nauc_recall_at_3_diff1": -0.042529,
        "nauc_recall_at_5_max": 0.354386,
        "nauc_recall_at_5_std": 0.201985,
        "nauc_recall_at_5_diff1": 0.21103,
        "nauc_recall_at_10_max": 0.450916,
        "nauc_recall_at_10_std": 0.077205,
        "nauc_recall_at_10_diff1": 0.225706,
        "nauc_recall_at_20_max": 0.434025,
        "nauc_recall_at_20_std": 0.788609,
        "nauc_recall_at_20_diff1": 0.030851,
        "nauc_recall_at_100_max": NaN,
        "nauc_recall_at_100_std": NaN,
        "nauc_recall_at_100_diff1": NaN,
        "nauc_recall_at_1000_max": NaN,
        "nauc_recall_at_1000_std": NaN,
        "nauc_recall_at_1000_diff1": NaN,
        "nauc_precision_at_1_max": 0.485714,
        "nauc_precision_at_1_std": 0.251447,
        "nauc_precision_at_1_diff1": 0.400747,
        "nauc_precision_at_3_max": 0.443822,
        "nauc_precision_at_3_std": 0.473151,
        "nauc_precision_at_3_diff1": -0.185365,
        "nauc_precision_at_5_max": 0.249952,
        "nauc_precision_at_5_std": 0.378843,
        "nauc_precision_at_5_diff1": -0.000339,
        "nauc_precision_at_10_max": 0.157333,
        "nauc_precision_at_10_std": 0.220494,
        "nauc_precision_at_10_diff1": -0.09179,
        "nauc_precision_at_20_max": -0.011876,
        "nauc_precision_at_20_std": 0.383462,
        "nauc_precision_at_20_diff1": -0.257003,
        "nauc_precision_at_100_max": -0.128062,
        "nauc_precision_at_100_std": 0.232616,
        "nauc_precision_at_100_diff1": -0.293591,
        "nauc_precision_at_1000_max": -0.128062,
        "nauc_precision_at_1000_std": 0.232616,
        "nauc_precision_at_1000_diff1": -0.293591,
        "nauc_mrr_at_1_max": 0.485714,
        "nauc_mrr_at_1_std": 0.251447,
        "nauc_mrr_at_1_diff1": 0.400747,
        "nauc_mrr_at_3_max": 0.517857,
        "nauc_mrr_at_3_std": 0.290062,
        "nauc_mrr_at_3_diff1": 0.383374,
        "nauc_mrr_at_5_max": 0.517857,
        "nauc_mrr_at_5_std": 0.290062,
        "nauc_mrr_at_5_diff1": 0.383374,
        "nauc_mrr_at_10_max": 0.517857,
        "nauc_mrr_at_10_std": 0.290062,
        "nauc_mrr_at_10_diff1": 0.383374,
        "nauc_mrr_at_20_max": 0.517857,
        "nauc_mrr_at_20_std": 0.290062,
        "nauc_mrr_at_20_diff1": 0.383374,
        "nauc_mrr_at_100_max": 0.517857,
        "nauc_mrr_at_100_std": 0.290062,
        "nauc_mrr_at_100_diff1": 0.383374,
        "nauc_mrr_at_1000_max": 0.517857,
        "nauc_mrr_at_1000_std": 0.290062,
        "nauc_mrr_at_1000_diff1": 0.383374,
        "hit_rate_at_1": 0.9,
        "hit_rate_at_3": 1.0,
        "hit_rate_at_5": 1.0,
        "hit_rate_at_10": 1.0,
        "hit_rate_at_20": 1.0,
        "hit_rate_at_100": 1.0,
        "hit_rate_at_1000": 1.0,
        "main_score": 0.82168,
        "hf_subset": "default",
        "languages": [
          "eng-Latn"
        ]
      }
    ]
  },
  "evaluation_time": 4.890916585922241,
  "kg_co2_emissions": null,
  "date": 1774391248.653065
}