{
  "dataset_revision": "300cb175d1b608cfc3fdb94fd06b3ceb937f9b6a",
  "task_name": "LLMLegalBenchCorporateLobbying",
  "mteb_version": "2.11.6",
  "scores": {
    "test": [
      {
        "ndcg_at_1": 0.9,
        "ndcg_at_3": 0.95227,
        "ndcg_at_5": 0.95354,
        "ndcg_at_10": 0.95459,
        "ndcg_at_20": 0.95541,
        "ndcg_at_100": 0.9559,
        "ndcg_at_1000": 0.95628,
        "map_at_1": 0.9,
        "map_at_3": 0.94069,
        "map_at_5": 0.94142,
        "map_at_10": 0.94191,
        "map_at_20": 0.94218,
        "map_at_100": 0.94223,
        "map_at_1000": 0.94224,
        "recall_at_1": 0.9,
        "recall_at_3": 0.98529,
        "recall_at_5": 0.98824,
        "recall_at_10": 0.99118,
        "recall_at_20": 0.99412,
        "recall_at_100": 0.99706,
        "recall_at_1000": 1.0,
        "accuracy": 0.9,
        "precision_at_1": 0.9,
        "precision_at_3": 0.32843,
        "precision_at_5": 0.19765,
        "precision_at_10": 0.09912,
        "precision_at_20": 0.04971,
        "precision_at_100": 0.00997,
        "precision_at_1000": 0.001,
        "mrr_at_1": 0.9,
        "mrr_at_3": 0.940686,
        "mrr_at_5": 0.941422,
        "mrr_at_10": 0.941912,
        "mrr_at_20": 0.942179,
        "mrr_at_100": 0.942226,
        "mrr_at_1000": 0.94224,
        "nauc_ndcg_at_1_max": 0.361468,
        "nauc_ndcg_at_1_std": -0.268935,
        "nauc_ndcg_at_1_diff1": 0.901206,
        "nauc_ndcg_at_3_max": 0.43614,
        "nauc_ndcg_at_3_std": -0.324283,
        "nauc_ndcg_at_3_diff1": 0.899073,
        "nauc_ndcg_at_5_max": 0.420766,
        "nauc_ndcg_at_5_std": -0.342887,
        "nauc_ndcg_at_5_diff1": 0.896322,
        "nauc_ndcg_at_10_max": 0.417689,
        "nauc_ndcg_at_10_std": -0.310656,
        "nauc_ndcg_at_10_diff1": 0.896945,
        "nauc_ndcg_at_20_max": 0.406975,
        "nauc_ndcg_at_20_std": -0.306004,
        "nauc_ndcg_at_20_diff1": 0.895049,
        "nauc_ndcg_at_100_max": 0.413403,
        "nauc_ndcg_at_100_std": -0.290065,
        "nauc_ndcg_at_100_diff1": 0.898839,
        "nauc_ndcg_at_1000_max": 0.408278,
        "nauc_ndcg_at_1000_std": -0.301335,
        "nauc_ndcg_at_1000_diff1": 0.897955,
        "nauc_map_at_1_max": 0.361468,
        "nauc_map_at_1_std": -0.268935,
        "nauc_map_at_1_diff1": 0.901206,
        "nauc_map_at_3_max": 0.414269,
        "nauc_map_at_3_std": -0.305473,
        "nauc_map_at_3_diff1": 0.900263,
        "nauc_map_at_5_max": 0.406916,
        "nauc_map_at_5_std": -0.313802,
        "nauc_map_at_5_diff1": 0.899011,
        "nauc_map_at_10_max": 0.405674,
        "nauc_map_at_10_std": -0.301767,
        "nauc_map_at_10_diff1": 0.899262,
        "nauc_map_at_20_max": 0.402926,
        "nauc_map_at_20_std": -0.300556,
        "nauc_map_at_20_diff1": 0.898796,
        "nauc_map_at_100_max": 0.40339,
        "nauc_map_at_100_std": -0.299393,
        "nauc_map_at_100_diff1": 0.899075,
        "nauc_map_at_1000_max": 0.403243,
        "nauc_map_at_1000_std": -0.299713,
        "nauc_map_at_1000_diff1": 0.89905,
        "nauc_recall_at_1_max": 0.361468,
        "nauc_recall_at_1_std": -0.268935,
        "nauc_recall_at_1_diff1": 0.901206,
        "nauc_recall_at_3_max": 0.676564,
        "nauc_recall_at_3_std": -0.537068,
        "nauc_recall_at_3_diff1": 0.884687,
        "nauc_recall_at_5_max": 0.595705,
        "nauc_recall_at_5_std": -0.760854,
        "nauc_recall_at_5_diff1": 0.855859,
        "nauc_recall_at_10_max": 0.609555,
        "nauc_recall_at_10_std": -0.434485,
        "nauc_recall_at_10_diff1": 0.851385,
        "nauc_recall_at_20_max": 0.414332,
        "nauc_recall_at_20_std": -0.369981,
        "nauc_recall_at_20_diff1": 0.777077,
        "nauc_recall_at_100_max": 1.0,
        "nauc_recall_at_100_std": 1.0,
        "nauc_recall_at_100_diff1": 1.0,
        "nauc_recall_at_1000_max": NaN,
        "nauc_recall_at_1000_std": NaN,
        "nauc_recall_at_1000_diff1": NaN,
        "nauc_precision_at_1_max": 0.361468,
        "nauc_precision_at_1_std": -0.268935,
        "nauc_precision_at_1_diff1": 0.901206,
        "nauc_precision_at_3_max": 0.676564,
        "nauc_precision_at_3_std": -0.537068,
        "nauc_precision_at_3_diff1": 0.884687,
        "nauc_precision_at_5_max": 0.595705,
        "nauc_precision_at_5_std": -0.760854,
        "nauc_precision_at_5_diff1": 0.855859,
        "nauc_precision_at_10_max": 0.609555,
        "nauc_precision_at_10_std": -0.434485,
        "nauc_precision_at_10_diff1": 0.851385,
        "nauc_precision_at_20_max": 0.414332,
        "nauc_precision_at_20_std": -0.369981,
        "nauc_precision_at_20_diff1": 0.777077,
        "nauc_precision_at_100_max": 1.0,
        "nauc_precision_at_100_std": 1.0,
        "nauc_precision_at_100_diff1": 1.0,
        "nauc_precision_at_1000_max": 1.0,
        "nauc_precision_at_1000_std": 1.0,
        "nauc_precision_at_1000_diff1": 1.0,
        "nauc_mrr_at_1_max": 0.361468,
        "nauc_mrr_at_1_std": -0.268935,
        "nauc_mrr_at_1_diff1": 0.901206,
        "nauc_mrr_at_3_max": 0.414269,
        "nauc_mrr_at_3_std": -0.305473,
        "nauc_mrr_at_3_diff1": 0.900263,
        "nauc_mrr_at_5_max": 0.406916,
        "nauc_mrr_at_5_std": -0.313802,
        "nauc_mrr_at_5_diff1": 0.899011,
        "nauc_mrr_at_10_max": 0.405674,
        "nauc_mrr_at_10_std": -0.301767,
        "nauc_mrr_at_10_diff1": 0.899262,
        "nauc_mrr_at_20_max": 0.402926,
        "nauc_mrr_at_20_std": -0.300556,
        "nauc_mrr_at_20_diff1": 0.898796,
        "nauc_mrr_at_100_max": 0.40339,
        "nauc_mrr_at_100_std": -0.299393,
        "nauc_mrr_at_100_diff1": 0.899075,
        "nauc_mrr_at_1000_max": 0.403243,
        "nauc_mrr_at_1000_std": -0.299713,
        "nauc_mrr_at_1000_diff1": 0.89905,
        "hit_rate_at_1": 0.9,
        "hit_rate_at_3": 0.98529,
        "hit_rate_at_5": 0.98824,
        "hit_rate_at_10": 0.99118,
        "hit_rate_at_20": 0.99412,
        "hit_rate_at_100": 0.99706,
        "hit_rate_at_1000": 1.0,
        "main_score": 0.95459,
        "hf_subset": "default",
        "languages": [
          "eng-Latn"
        ]
      }
    ]
  },
  "evaluation_time": 7.5179603099823,
  "kg_co2_emissions": null,
  "date": 1774391258.19802
}