{
  "dataset_revision": "5d745bd9e435cc190599f916f54c0ab197ddeb73",
  "task_name": "LLMRTE3PC",
  "mteb_version": "2.11.6",
  "scores": {
    "test": [
      {
        "similarity_accuracy": 0.856549,
        "similarity_f1": 0.92168,
        "similarity_precision": 0.860169,
        "similarity_recall": 0.992665,
        "similarity_ap": 0.900184,
        "cosine_accuracy": 0.856549,
        "cosine_f1": 0.92168,
        "cosine_precision": 0.860169,
        "cosine_recall": 0.992665,
        "cosine_ap": 0.900193,
        "manhattan_accuracy": 0.85447,
        "manhattan_f1": 0.920635,
        "manhattan_precision": 0.858351,
        "manhattan_recall": 0.992665,
        "manhattan_ap": 0.899425,
        "euclidean_accuracy": 0.856549,
        "euclidean_f1": 0.921857,
        "euclidean_precision": 0.85865,
        "euclidean_recall": 0.99511,
        "euclidean_ap": 0.900521,
        "dot_accuracy": 0.856549,
        "dot_f1": 0.92168,
        "dot_precision": 0.860169,
        "dot_recall": 0.992665,
        "dot_ap": 0.89949,
        "max_accuracy": 0.856549,
        "max_f1": 0.921857,
        "max_precision": 0.860169,
        "max_recall": 0.99511,
        "max_ap": 0.900521,
        "main_score": 0.900521,
        "hf_subset": "de",
        "languages": [
          "deu-Latn"
        ]
      },
      {
        "similarity_accuracy": 0.863071,
        "similarity_f1": 0.925339,
        "similarity_precision": 0.862869,
        "similarity_recall": 0.997561,
        "similarity_ap": 0.912886,
        "cosine_accuracy": 0.863071,
        "cosine_f1": 0.925339,
        "cosine_precision": 0.862869,
        "cosine_recall": 0.997561,
        "cosine_ap": 0.912886,
        "manhattan_accuracy": 0.858921,
        "manhattan_f1": 0.923251,
        "manhattan_precision": 0.859244,
        "manhattan_recall": 0.997561,
        "manhattan_ap": 0.912383,
        "euclidean_accuracy": 0.863071,
        "euclidean_f1": 0.925339,
        "euclidean_precision": 0.862869,
        "euclidean_recall": 0.997561,
        "euclidean_ap": 0.912936,
        "dot_accuracy": 0.863071,
        "dot_f1": 0.925339,
        "dot_precision": 0.862869,
        "dot_recall": 0.997561,
        "dot_ap": 0.912866,
        "max_accuracy": 0.863071,
        "max_f1": 0.925339,
        "max_precision": 0.862869,
        "max_recall": 0.997561,
        "max_ap": 0.912936,
        "main_score": 0.912936,
        "hf_subset": "en",
        "languages": [
          "eng-Latn"
        ]
      },
      {
        "similarity_accuracy": 0.860996,
        "similarity_f1": 0.924294,
        "similarity_precision": 0.859244,
        "similarity_recall": 1.0,
        "similarity_ap": 0.905909,
        "cosine_accuracy": 0.860996,
        "cosine_f1": 0.924294,
        "cosine_precision": 0.859244,
        "cosine_recall": 1.0,
        "cosine_ap": 0.905909,
        "manhattan_accuracy": 0.858921,
        "manhattan_f1": 0.923251,
        "manhattan_precision": 0.857442,
        "manhattan_recall": 1.0,
        "manhattan_ap": 0.905242,
        "euclidean_accuracy": 0.860996,
        "euclidean_f1": 0.924294,
        "euclidean_precision": 0.859244,
        "euclidean_recall": 1.0,
        "euclidean_ap": 0.906046,
        "dot_accuracy": 0.860996,
        "dot_f1": 0.924122,
        "dot_precision": 0.860759,
        "dot_recall": 0.997555,
        "dot_ap": 0.90558,
        "max_accuracy": 0.860996,
        "max_f1": 0.924294,
        "max_precision": 0.860759,
        "max_recall": 1.0,
        "max_ap": 0.906046,
        "main_score": 0.906046,
        "hf_subset": "fr",
        "languages": [
          "fra-Latn"
        ]
      },
      {
        "similarity_accuracy": 0.855649,
        "similarity_f1": 0.920781,
        "similarity_precision": 0.862366,
        "similarity_recall": 0.987685,
        "similarity_ap": 0.907605,
        "cosine_accuracy": 0.855649,
        "cosine_f1": 0.920781,
        "cosine_precision": 0.862366,
        "cosine_recall": 0.987685,
        "cosine_ap": 0.907605,
        "manhattan_accuracy": 0.855649,
        "manhattan_f1": 0.921143,
        "manhattan_precision": 0.859275,
        "manhattan_recall": 0.992611,
        "manhattan_ap": 0.906774,
        "euclidean_accuracy": 0.855649,
        "euclidean_f1": 0.920781,
        "euclidean_precision": 0.862366,
        "euclidean_recall": 0.987685,
        "euclidean_ap": 0.90753,
        "dot_accuracy": 0.855649,
        "dot_f1": 0.920781,
        "dot_precision": 0.862366,
        "dot_recall": 0.987685,
        "dot_ap": 0.908522,
        "max_accuracy": 0.855649,
        "max_f1": 0.921143,
        "max_precision": 0.862366,
        "max_recall": 0.992611,
        "max_ap": 0.908522,
        "main_score": 0.908522,
        "hf_subset": "it",
        "languages": [
          "ita-Latn"
        ]
      }
    ]
  },
  "evaluation_time": 34.60136675834656,
  "kg_co2_emissions": null,
  "date": 1774391133.018108
}