{
  "dataset_revision": "d6628df131c3279007b88fe3e057e809dac056af",
  "task_name": "LLMSpartQA",
  "mteb_version": "2.11.6",
  "scores": {
    "test": [
      {
        "ndcg_at_1": 0.035,
        "ndcg_at_3": 0.10466,
        "ndcg_at_5": 0.1307,
        "ndcg_at_10": 0.14816,
        "ndcg_at_20": 0.16042,
        "ndcg_at_100": 0.18313,
        "ndcg_at_1000": 0.22519,
        "map_at_1": 0.03167,
        "map_at_3": 0.08222,
        "map_at_5": 0.09672,
        "map_at_10": 0.10348,
        "map_at_20": 0.10659,
        "map_at_100": 0.10953,
        "map_at_1000": 0.11097,
        "recall_at_1": 0.03167,
        "recall_at_3": 0.14167,
        "recall_at_5": 0.19833,
        "recall_at_10": 0.24667,
        "recall_at_20": 0.29167,
        "recall_at_100": 0.395,
        "recall_at_1000": 0.69333,
        "accuracy": 0.03167,
        "precision_at_1": 0.035,
        "precision_at_3": 0.06833,
        "precision_at_5": 0.059,
        "precision_at_10": 0.037,
        "precision_at_20": 0.02175,
        "precision_at_100": 0.00645,
        "precision_at_1000": 0.00117,
        "mrr_at_1": 0.035,
        "mrr_at_3": 0.108333,
        "mrr_at_5": 0.123833,
        "mrr_at_10": 0.133192,
        "mrr_at_20": 0.137169,
        "mrr_at_100": 0.140626,
        "mrr_at_1000": 0.141862,
        "nauc_ndcg_at_1_max": 0.330982,
        "nauc_ndcg_at_1_std": 0.557285,
        "nauc_ndcg_at_1_diff1": 0.000268,
        "nauc_ndcg_at_3_max": 0.327869,
        "nauc_ndcg_at_3_std": 0.605208,
        "nauc_ndcg_at_3_diff1": -0.071956,
        "nauc_ndcg_at_5_max": 0.350083,
        "nauc_ndcg_at_5_std": 0.593658,
        "nauc_ndcg_at_5_diff1": -0.093475,
        "nauc_ndcg_at_10_max": 0.394596,
        "nauc_ndcg_at_10_std": 0.588568,
        "nauc_ndcg_at_10_diff1": -0.073182,
        "nauc_ndcg_at_20_max": 0.422437,
        "nauc_ndcg_at_20_std": 0.552366,
        "nauc_ndcg_at_20_diff1": -0.064338,
        "nauc_ndcg_at_100_max": 0.411124,
        "nauc_ndcg_at_100_std": 0.543889,
        "nauc_ndcg_at_100_diff1": -0.042736,
        "nauc_ndcg_at_1000_max": 0.423284,
        "nauc_ndcg_at_1000_std": 0.58059,
        "nauc_ndcg_at_1000_diff1": -0.061763,
        "nauc_map_at_1_max": 0.296146,
        "nauc_map_at_1_std": 0.54627,
        "nauc_map_at_1_diff1": 0.033821,
        "nauc_map_at_3_max": 0.315644,
        "nauc_map_at_3_std": 0.594469,
        "nauc_map_at_3_diff1": -0.057279,
        "nauc_map_at_5_max": 0.334929,
        "nauc_map_at_5_std": 0.592028,
        "nauc_map_at_5_diff1": -0.077327,
        "nauc_map_at_10_max": 0.359329,
        "nauc_map_at_10_std": 0.59222,
        "nauc_map_at_10_diff1": -0.069717,
        "nauc_map_at_20_max": 0.37111,
        "nauc_map_at_20_std": 0.58137,
        "nauc_map_at_20_diff1": -0.065578,
        "nauc_map_at_100_max": 0.370902,
        "nauc_map_at_100_std": 0.577116,
        "nauc_map_at_100_diff1": -0.060919,
        "nauc_map_at_1000_max": 0.370418,
        "nauc_map_at_1000_std": 0.580475,
        "nauc_map_at_1000_diff1": -0.061835,
        "nauc_recall_at_1_max": 0.296146,
        "nauc_recall_at_1_std": 0.54627,
        "nauc_recall_at_1_diff1": 0.033821,
        "nauc_recall_at_3_max": 0.318495,
        "nauc_recall_at_3_std": 0.596817,
        "nauc_recall_at_3_diff1": -0.071757,
        "nauc_recall_at_5_max": 0.341262,
        "nauc_recall_at_5_std": 0.557083,
        "nauc_recall_at_5_diff1": -0.105322,
        "nauc_recall_at_10_max": 0.413547,
        "nauc_recall_at_10_std": 0.541587,
        "nauc_recall_at_10_diff1": -0.058217,
        "nauc_recall_at_20_max": 0.470899,
        "nauc_recall_at_20_std": 0.446964,
        "nauc_recall_at_20_diff1": -0.032791,
        "nauc_recall_at_100_max": 0.420593,
        "nauc_recall_at_100_std": 0.404874,
        "nauc_recall_at_100_diff1": 0.021607,
        "nauc_recall_at_1000_max": 0.424649,
        "nauc_recall_at_1000_std": 0.422085,
        "nauc_recall_at_1000_diff1": -0.059908,
        "nauc_precision_at_1_max": 0.330982,
        "nauc_precision_at_1_std": 0.557285,
        "nauc_precision_at_1_diff1": 0.000268,
        "nauc_precision_at_3_max": 0.375496,
        "nauc_precision_at_3_std": 0.630549,
        "nauc_precision_at_3_diff1": -0.106482,
        "nauc_precision_at_5_max": 0.401345,
        "nauc_precision_at_5_std": 0.618694,
        "nauc_precision_at_5_diff1": -0.113263,
        "nauc_precision_at_10_max": 0.481497,
        "nauc_precision_at_10_std": 0.575561,
        "nauc_precision_at_10_diff1": -0.074084,
        "nauc_precision_at_20_max": 0.508687,
        "nauc_precision_at_20_std": 0.493212,
        "nauc_precision_at_20_diff1": -0.075559,
        "nauc_precision_at_100_max": 0.300836,
        "nauc_precision_at_100_std": 0.395174,
        "nauc_precision_at_100_diff1": -0.01256,
        "nauc_precision_at_1000_max": 0.238612,
        "nauc_precision_at_1000_std": 0.24238,
        "nauc_precision_at_1000_diff1": -0.047939,
        "nauc_mrr_at_1_max": 0.330982,
        "nauc_mrr_at_1_std": 0.557285,
        "nauc_mrr_at_1_diff1": 0.000268,
        "nauc_mrr_at_3_max": 0.34888,
        "nauc_mrr_at_3_std": 0.619694,
        "nauc_mrr_at_3_diff1": -0.092083,
        "nauc_mrr_at_5_max": 0.362711,
        "nauc_mrr_at_5_std": 0.61098,
        "nauc_mrr_at_5_diff1": -0.09903,
        "nauc_mrr_at_10_max": 0.383034,
        "nauc_mrr_at_10_std": 0.605353,
        "nauc_mrr_at_10_diff1": -0.089272,
        "nauc_mrr_at_20_max": 0.390271,
        "nauc_mrr_at_20_std": 0.591253,
        "nauc_mrr_at_20_diff1": -0.088029,
        "nauc_mrr_at_100_max": 0.392129,
        "nauc_mrr_at_100_std": 0.588677,
        "nauc_mrr_at_100_diff1": -0.080904,
        "nauc_mrr_at_1000_max": 0.391742,
        "nauc_mrr_at_1000_std": 0.590507,
        "nauc_mrr_at_1000_diff1": -0.08152,
        "hit_rate_at_1": 0.035,
        "hit_rate_at_3": 0.195,
        "hit_rate_at_5": 0.265,
        "hit_rate_at_10": 0.335,
        "hit_rate_at_20": 0.395,
        "hit_rate_at_100": 0.535,
        "hit_rate_at_1000": 0.86,
        "main_score": 0.14816,
        "hf_subset": "default",
        "languages": [
          "eng-Latn"
        ]
      }
    ]
  },
  "evaluation_time": 15.154939889907837,
  "kg_co2_emissions": null,
  "date": 1774391275.505339
}