{
  "dataset_revision": "31f9b918c30ef94e15a168cb95ca4ebf291396eb",
  "task_name": "LLMTwitterHjerneRetrieval",
  "mteb_version": "2.11.6",
  "scores": {
    "train": [
      {
        "ndcg_at_1": 0.88312,
        "ndcg_at_3": 0.75488,
        "ndcg_at_5": 0.76058,
        "ndcg_at_10": 0.78909,
        "ndcg_at_20": 0.81847,
        "ndcg_at_100": 0.84405,
        "ndcg_at_1000": 0.84905,
        "map_at_1": 0.28636,
        "map_at_3": 0.58218,
        "map_at_5": 0.67559,
        "map_at_10": 0.70461,
        "map_at_20": 0.72065,
        "map_at_100": 0.72846,
        "map_at_1000": 0.72904,
        "recall_at_1": 0.28636,
        "recall_at_3": 0.60519,
        "recall_at_5": 0.73398,
        "recall_at_10": 0.80195,
        "recall_at_20": 0.8816,
        "recall_at_100": 0.97511,
        "recall_at_1000": 1.0,
        "accuracy": 0.28636,
        "precision_at_1": 0.88312,
        "precision_at_3": 0.65368,
        "precision_at_5": 0.49351,
        "precision_at_10": 0.27273,
        "precision_at_20": 0.15,
        "precision_at_100": 0.03325,
        "precision_at_1000": 0.0034,
        "mrr_at_1": 0.883117,
        "mrr_at_3": 0.904762,
        "mrr_at_5": 0.914502,
        "mrr_at_10": 0.916667,
        "mrr_at_20": 0.917431,
        "mrr_at_100": 0.917431,
        "mrr_at_1000": 0.917431,
        "nauc_ndcg_at_1_max": 0.785244,
        "nauc_ndcg_at_1_std": 0.152445,
        "nauc_ndcg_at_1_diff1": 0.732736,
        "nauc_ndcg_at_3_max": 0.590079,
        "nauc_ndcg_at_3_std": 0.051163,
        "nauc_ndcg_at_3_diff1": 0.236454,
        "nauc_ndcg_at_5_max": 0.562053,
        "nauc_ndcg_at_5_std": 0.010527,
        "nauc_ndcg_at_5_diff1": 0.231031,
        "nauc_ndcg_at_10_max": 0.571883,
        "nauc_ndcg_at_10_std": 0.025722,
        "nauc_ndcg_at_10_diff1": 0.203554,
        "nauc_ndcg_at_20_max": 0.585674,
        "nauc_ndcg_at_20_std": -0.009562,
        "nauc_ndcg_at_20_diff1": 0.201538,
        "nauc_ndcg_at_100_max": 0.610328,
        "nauc_ndcg_at_100_std": 0.028696,
        "nauc_ndcg_at_100_diff1": 0.233716,
        "nauc_ndcg_at_1000_max": 0.610426,
        "nauc_ndcg_at_1000_std": 0.031014,
        "nauc_ndcg_at_1000_diff1": 0.254822,
        "nauc_map_at_1_max": 0.026574,
        "nauc_map_at_1_std": -0.236219,
        "nauc_map_at_1_diff1": 0.292321,
        "nauc_map_at_3_max": 0.344848,
        "nauc_map_at_3_std": -0.13671,
        "nauc_map_at_3_diff1": 0.237697,
        "nauc_map_at_5_max": 0.510747,
        "nauc_map_at_5_std": -0.01004,
        "nauc_map_at_5_diff1": 0.21665,
        "nauc_map_at_10_max": 0.542182,
        "nauc_map_at_10_std": 0.01236,
        "nauc_map_at_10_diff1": 0.19255,
        "nauc_map_at_20_max": 0.554524,
        "nauc_map_at_20_std": 0.004175,
        "nauc_map_at_20_diff1": 0.19519,
        "nauc_map_at_100_max": 0.557287,
        "nauc_map_at_100_std": 0.009684,
        "nauc_map_at_100_diff1": 0.197493,
        "nauc_map_at_1000_max": 0.557343,
        "nauc_map_at_1000_std": 0.010278,
        "nauc_map_at_1000_diff1": 0.199206,
        "nauc_recall_at_1_max": 0.026574,
        "nauc_recall_at_1_std": -0.236219,
        "nauc_recall_at_1_diff1": 0.292321,
        "nauc_recall_at_3_max": 0.27845,
        "nauc_recall_at_3_std": -0.171592,
        "nauc_recall_at_3_diff1": 0.169966,
        "nauc_recall_at_5_max": 0.454212,
        "nauc_recall_at_5_std": -0.056567,
        "nauc_recall_at_5_diff1": 0.156228,
        "nauc_recall_at_10_max": 0.483144,
        "nauc_recall_at_10_std": 0.021956,
        "nauc_recall_at_10_diff1": 0.055102,
        "nauc_recall_at_20_max": 0.450285,
        "nauc_recall_at_20_std": -0.162004,
        "nauc_recall_at_20_diff1": -0.066315,
        "nauc_recall_at_100_max": 0.571402,
        "nauc_recall_at_100_std": 0.020521,
        "nauc_recall_at_100_diff1": -0.25139,
        "nauc_recall_at_1000_max": NaN,
        "nauc_recall_at_1000_std": NaN,
        "nauc_recall_at_1000_diff1": NaN,
        "nauc_precision_at_1_max": 0.785244,
        "nauc_precision_at_1_std": 0.152445,
        "nauc_precision_at_1_diff1": 0.732736,
        "nauc_precision_at_3_max": 0.600507,
        "nauc_precision_at_3_std": 0.178985,
        "nauc_precision_at_3_diff1": 0.134308,
        "nauc_precision_at_5_max": 0.559319,
        "nauc_precision_at_5_std": 0.257962,
        "nauc_precision_at_5_diff1": 0.043386,
        "nauc_precision_at_10_max": 0.508844,
        "nauc_precision_at_10_std": 0.288323,
        "nauc_precision_at_10_diff1": -0.026554,
        "nauc_precision_at_20_max": 0.468176,
        "nauc_precision_at_20_std": 0.270965,
        "nauc_precision_at_20_diff1": -0.060744,
        "nauc_precision_at_100_max": 0.375658,
        "nauc_precision_at_100_std": 0.340183,
        "nauc_precision_at_100_diff1": -0.057655,
        "nauc_precision_at_1000_max": 0.34459,
        "nauc_precision_at_1000_std": 0.356405,
        "nauc_precision_at_1000_diff1": -0.039525,
        "nauc_mrr_at_1_max": 0.785244,
        "nauc_mrr_at_1_std": 0.152445,
        "nauc_mrr_at_1_diff1": 0.732736,
        "nauc_mrr_at_3_max": 0.794006,
        "nauc_mrr_at_3_std": 0.164235,
        "nauc_mrr_at_3_diff1": 0.709331,
        "nauc_mrr_at_5_max": 0.780374,
        "nauc_mrr_at_5_std": 0.143303,
        "nauc_mrr_at_5_diff1": 0.709421,
        "nauc_mrr_at_10_max": 0.79146,
        "nauc_mrr_at_10_std": 0.17762,
        "nauc_mrr_at_10_diff1": 0.713478,
        "nauc_mrr_at_20_max": 0.789511,
        "nauc_mrr_at_20_std": 0.169932,
        "nauc_mrr_at_20_diff1": 0.713392,
        "nauc_mrr_at_100_max": 0.789511,
        "nauc_mrr_at_100_std": 0.169932,
        "nauc_mrr_at_100_diff1": 0.713392,
        "nauc_mrr_at_1000_max": 0.789511,
        "nauc_mrr_at_1000_std": 0.169932,
        "nauc_mrr_at_1000_diff1": 0.713392,
        "hit_rate_at_1": 0.88312,
        "hit_rate_at_3": 0.93506,
        "hit_rate_at_5": 0.97403,
        "hit_rate_at_10": 0.98701,
        "hit_rate_at_20": 1.0,
        "hit_rate_at_100": 1.0,
        "hit_rate_at_1000": 1.0,
        "main_score": 0.78909,
        "hf_subset": "default",
        "languages": [
          "dan-Latn"
        ]
      }
    ]
  },
  "evaluation_time": 3.174649238586426,
  "kg_co2_emissions": null,
  "date": 1774391285.113158
}