{
  "dataset_revision": "1c61e95df3d70835785db4d70f17d3a16a7bd4ce",
  "task_name": "LLMTempReasonL1",
  "mteb_version": "2.11.6",
  "scores": {
    "test": [
      {
        "ndcg_at_1": 0.0,
        "ndcg_at_3": 0.005,
        "ndcg_at_5": 0.005,
        "ndcg_at_10": 0.00856,
        "ndcg_at_20": 0.01334,
        "ndcg_at_100": 0.04012,
        "ndcg_at_1000": 0.06727,
        "map_at_1": 0.0,
        "map_at_3": 0.00333,
        "map_at_5": 0.00333,
        "map_at_10": 0.005,
        "map_at_20": 0.00617,
        "map_at_100": 0.00949,
        "map_at_1000": 0.01006,
        "recall_at_1": 0.0,
        "recall_at_3": 0.01,
        "recall_at_5": 0.01,
        "recall_at_10": 0.02,
        "recall_at_20": 0.04,
        "recall_at_100": 0.19,
        "recall_at_1000": 0.43,
        "accuracy": 0.0,
        "precision_at_1": 0.0,
        "precision_at_3": 0.00333,
        "precision_at_5": 0.002,
        "precision_at_10": 0.002,
        "precision_at_20": 0.002,
        "precision_at_100": 0.0019,
        "precision_at_1000": 0.00043,
        "mrr_at_1": 0.0,
        "mrr_at_3": 0.003333,
        "mrr_at_5": 0.003333,
        "mrr_at_10": 0.005,
        "mrr_at_20": 0.006167,
        "mrr_at_100": 0.009494,
        "mrr_at_1000": 0.010056,
        "nauc_ndcg_at_1_max": NaN,
        "nauc_ndcg_at_1_std": NaN,
        "nauc_ndcg_at_1_diff1": NaN,
        "nauc_ndcg_at_3_max": -0.415079,
        "nauc_ndcg_at_3_std": 0.661926,
        "nauc_ndcg_at_3_diff1": -0.318487,
        "nauc_ndcg_at_5_max": -0.415079,
        "nauc_ndcg_at_5_std": 0.661926,
        "nauc_ndcg_at_5_diff1": -0.318487,
        "nauc_ndcg_at_10_max": -0.271752,
        "nauc_ndcg_at_10_std": 0.178699,
        "nauc_ndcg_at_10_diff1": -0.393834,
        "nauc_ndcg_at_20_max": -0.211834,
        "nauc_ndcg_at_20_std": 0.030633,
        "nauc_ndcg_at_20_diff1": -0.290198,
        "nauc_ndcg_at_100_max": 0.004301,
        "nauc_ndcg_at_100_std": 0.133244,
        "nauc_ndcg_at_100_diff1": 0.048833,
        "nauc_ndcg_at_1000_max": 0.090678,
        "nauc_ndcg_at_1000_std": 0.286462,
        "nauc_ndcg_at_1000_diff1": -0.004443,
        "nauc_map_at_1_max": NaN,
        "nauc_map_at_1_std": NaN,
        "nauc_map_at_1_diff1": NaN,
        "nauc_map_at_3_max": -0.415079,
        "nauc_map_at_3_std": 0.661926,
        "nauc_map_at_3_diff1": -0.318487,
        "nauc_map_at_5_max": -0.415079,
        "nauc_map_at_5_std": 0.661926,
        "nauc_map_at_5_diff1": -0.318487,
        "nauc_map_at_10_max": -0.300241,
        "nauc_map_at_10_std": 0.274752,
        "nauc_map_at_10_diff1": -0.378857,
        "nauc_map_at_20_max": -0.255027,
        "nauc_map_at_20_std": 0.181488,
        "nauc_map_at_20_diff1": -0.31877,
        "nauc_map_at_100_max": -0.135609,
        "nauc_map_at_100_std": 0.199584,
        "nauc_map_at_100_diff1": -0.162084,
        "nauc_map_at_1000_max": -0.129666,
        "nauc_map_at_1000_std": 0.208787,
        "nauc_map_at_1000_diff1": -0.16293,
        "nauc_recall_at_1_max": NaN,
        "nauc_recall_at_1_std": NaN,
        "nauc_recall_at_1_diff1": NaN,
        "nauc_recall_at_3_max": -0.415079,
        "nauc_recall_at_3_std": 0.661926,
        "nauc_recall_at_3_diff1": -0.318487,
        "nauc_recall_at_5_max": -0.415079,
        "nauc_recall_at_5_std": 0.661926,
        "nauc_recall_at_5_diff1": -0.318487,
        "nauc_recall_at_10_max": -0.242823,
        "nauc_recall_at_10_std": 0.081164,
        "nauc_recall_at_10_diff1": -0.409042,
        "nauc_recall_at_20_max": -0.184129,
        "nauc_recall_at_20_std": -0.080829,
        "nauc_recall_at_20_diff1": -0.267239,
        "nauc_recall_at_100_max": 0.062499,
        "nauc_recall_at_100_std": 0.115868,
        "nauc_recall_at_100_diff1": 0.150068,
        "nauc_recall_at_1000_max": 0.214772,
        "nauc_recall_at_1000_std": 0.399136,
        "nauc_recall_at_1000_diff1": 0.034256,
        "nauc_precision_at_1_max": NaN,
        "nauc_precision_at_1_std": NaN,
        "nauc_precision_at_1_diff1": NaN,
        "nauc_precision_at_3_max": -0.415079,
        "nauc_precision_at_3_std": 0.661926,
        "nauc_precision_at_3_diff1": -0.318487,
        "nauc_precision_at_5_max": -0.415079,
        "nauc_precision_at_5_std": 0.661926,
        "nauc_precision_at_5_diff1": -0.318487,
        "nauc_precision_at_10_max": -0.242823,
        "nauc_precision_at_10_std": 0.081164,
        "nauc_precision_at_10_diff1": -0.409042,
        "nauc_precision_at_20_max": -0.184129,
        "nauc_precision_at_20_std": -0.080829,
        "nauc_precision_at_20_diff1": -0.267239,
        "nauc_precision_at_100_max": 0.062499,
        "nauc_precision_at_100_std": 0.115868,
        "nauc_precision_at_100_diff1": 0.150068,
        "nauc_precision_at_1000_max": 0.214772,
        "nauc_precision_at_1000_std": 0.399136,
        "nauc_precision_at_1000_diff1": 0.034256,
        "nauc_mrr_at_1_max": NaN,
        "nauc_mrr_at_1_std": NaN,
        "nauc_mrr_at_1_diff1": NaN,
        "nauc_mrr_at_3_max": -0.415079,
        "nauc_mrr_at_3_std": 0.661926,
        "nauc_mrr_at_3_diff1": -0.318487,
        "nauc_mrr_at_5_max": -0.415079,
        "nauc_mrr_at_5_std": 0.661926,
        "nauc_mrr_at_5_diff1": -0.318487,
        "nauc_mrr_at_10_max": -0.300241,
        "nauc_mrr_at_10_std": 0.274752,
        "nauc_mrr_at_10_diff1": -0.378857,
        "nauc_mrr_at_20_max": -0.255027,
        "nauc_mrr_at_20_std": 0.181488,
        "nauc_mrr_at_20_diff1": -0.31877,
        "nauc_mrr_at_100_max": -0.135609,
        "nauc_mrr_at_100_std": 0.199584,
        "nauc_mrr_at_100_diff1": -0.162084,
        "nauc_mrr_at_1000_max": -0.129666,
        "nauc_mrr_at_1000_std": 0.208787,
        "nauc_mrr_at_1000_diff1": -0.16293,
        "hit_rate_at_1": 0.0,
        "hit_rate_at_3": 0.01,
        "hit_rate_at_5": 0.01,
        "hit_rate_at_10": 0.02,
        "hit_rate_at_20": 0.04,
        "hit_rate_at_100": 0.19,
        "hit_rate_at_1000": 0.43,
        "main_score": 0.00856,
        "hf_subset": "default",
        "languages": [
          "eng-Latn"
        ]
      }
    ]
  },
  "evaluation_time": 106.59694409370422,
  "kg_co2_emissions": null,
  "date": 1774391241.643633
}