{
  "dataset_revision": "bc2a1e4c24771a6f3432578016cfb737732398fd",
  "task_name": "LLMWinoGrande",
  "mteb_version": "2.11.6",
  "scores": {
    "test": [
      {
        "ndcg_at_1": 0.38,
        "ndcg_at_3": 0.50464,
        "ndcg_at_5": 0.54249,
        "ndcg_at_10": 0.5824,
        "ndcg_at_20": 0.59772,
        "ndcg_at_100": 0.61733,
        "ndcg_at_1000": 0.62095,
        "map_at_1": 0.38,
        "map_at_3": 0.475,
        "map_at_5": 0.49525,
        "map_at_10": 0.51237,
        "map_at_20": 0.51664,
        "map_at_100": 0.51977,
        "map_at_1000": 0.51988,
        "recall_at_1": 0.38,
        "recall_at_3": 0.59,
        "recall_at_5": 0.685,
        "recall_at_10": 0.805,
        "recall_at_20": 0.865,
        "recall_at_100": 0.965,
        "recall_at_1000": 0.995,
        "accuracy": 0.38,
        "precision_at_1": 0.38,
        "precision_at_3": 0.19667,
        "precision_at_5": 0.137,
        "precision_at_10": 0.0805,
        "precision_at_20": 0.04325,
        "precision_at_100": 0.00965,
        "precision_at_1000": 0.001,
        "mrr_at_1": 0.38,
        "mrr_at_3": 0.475,
        "mrr_at_5": 0.49525,
        "mrr_at_10": 0.512371,
        "mrr_at_20": 0.516643,
        "mrr_at_100": 0.519768,
        "mrr_at_1000": 0.519876,
        "nauc_ndcg_at_1_max": -0.053271,
        "nauc_ndcg_at_1_std": -0.15544,
        "nauc_ndcg_at_1_diff1": 0.287949,
        "nauc_ndcg_at_3_max": -0.020016,
        "nauc_ndcg_at_3_std": -0.05687,
        "nauc_ndcg_at_3_diff1": 0.226429,
        "nauc_ndcg_at_5_max": -0.031748,
        "nauc_ndcg_at_5_std": -0.073431,
        "nauc_ndcg_at_5_diff1": 0.224704,
        "nauc_ndcg_at_10_max": -0.024807,
        "nauc_ndcg_at_10_std": -0.068929,
        "nauc_ndcg_at_10_diff1": 0.243312,
        "nauc_ndcg_at_20_max": -0.031049,
        "nauc_ndcg_at_20_std": -0.077835,
        "nauc_ndcg_at_20_diff1": 0.254351,
        "nauc_ndcg_at_100_max": -0.027667,
        "nauc_ndcg_at_100_std": -0.068136,
        "nauc_ndcg_at_100_diff1": 0.236143,
        "nauc_ndcg_at_1000_max": -0.027881,
        "nauc_ndcg_at_1000_std": -0.075882,
        "nauc_ndcg_at_1000_diff1": 0.243929,
        "nauc_map_at_1_max": -0.053271,
        "nauc_map_at_1_std": -0.15544,
        "nauc_map_at_1_diff1": 0.287949,
        "nauc_map_at_3_max": -0.024742,
        "nauc_map_at_3_std": -0.079253,
        "nauc_map_at_3_diff1": 0.24167,
        "nauc_map_at_5_max": -0.031513,
        "nauc_map_at_5_std": -0.088848,
        "nauc_map_at_5_diff1": 0.240329,
        "nauc_map_at_10_max": -0.029339,
        "nauc_map_at_10_std": -0.087628,
        "nauc_map_at_10_diff1": 0.24822,
        "nauc_map_at_20_max": -0.030806,
        "nauc_map_at_20_std": -0.090262,
        "nauc_map_at_20_diff1": 0.250854,
        "nauc_map_at_100_max": -0.030241,
        "nauc_map_at_100_std": -0.088791,
        "nauc_map_at_100_diff1": 0.248064,
        "nauc_map_at_1000_max": -0.030294,
        "nauc_map_at_1000_std": -0.089015,
        "nauc_map_at_1000_diff1": 0.248256,
        "nauc_recall_at_1_max": -0.053271,
        "nauc_recall_at_1_std": -0.15544,
        "nauc_recall_at_1_diff1": 0.287949,
        "nauc_recall_at_3_max": -0.006985,
        "nauc_recall_at_3_std": 0.011483,
        "nauc_recall_at_3_diff1": 0.17926,
        "nauc_recall_at_5_max": -0.036044,
        "nauc_recall_at_5_std": -0.022499,
        "nauc_recall_at_5_diff1": 0.170107,
        "nauc_recall_at_10_max": -0.000205,
        "nauc_recall_at_10_std": 0.02222,
        "nauc_recall_at_10_diff1": 0.231839,
        "nauc_recall_at_20_max": -0.04358,
        "nauc_recall_at_20_std": -0.01004,
        "nauc_recall_at_20_diff1": 0.319719,
        "nauc_recall_at_100_max": 0.029145,
        "nauc_recall_at_100_std": 0.487262,
        "nauc_recall_at_100_diff1": -0.133854,
        "nauc_recall_at_1000_max": 0.554155,
        "nauc_recall_at_1000_std": 0.722222,
        "nauc_recall_at_1000_diff1": 1.0,
        "nauc_precision_at_1_max": -0.053271,
        "nauc_precision_at_1_std": -0.15544,
        "nauc_precision_at_1_diff1": 0.287949,
        "nauc_precision_at_3_max": -0.006985,
        "nauc_precision_at_3_std": 0.011483,
        "nauc_precision_at_3_diff1": 0.17926,
        "nauc_precision_at_5_max": -0.036044,
        "nauc_precision_at_5_std": -0.022499,
        "nauc_precision_at_5_diff1": 0.170107,
        "nauc_precision_at_10_max": -0.000205,
        "nauc_precision_at_10_std": 0.02222,
        "nauc_precision_at_10_diff1": 0.231839,
        "nauc_precision_at_20_max": -0.04358,
        "nauc_precision_at_20_std": -0.01004,
        "nauc_precision_at_20_diff1": 0.319719,
        "nauc_precision_at_100_max": 0.029145,
        "nauc_precision_at_100_std": 0.487262,
        "nauc_precision_at_100_diff1": -0.133854,
        "nauc_precision_at_1000_max": 0.554155,
        "nauc_precision_at_1000_std": 0.722222,
        "nauc_precision_at_1000_diff1": 1.0,
        "nauc_mrr_at_1_max": -0.053271,
        "nauc_mrr_at_1_std": -0.15544,
        "nauc_mrr_at_1_diff1": 0.287949,
        "nauc_mrr_at_3_max": -0.024742,
        "nauc_mrr_at_3_std": -0.079253,
        "nauc_mrr_at_3_diff1": 0.24167,
        "nauc_mrr_at_5_max": -0.031513,
        "nauc_mrr_at_5_std": -0.088848,
        "nauc_mrr_at_5_diff1": 0.240329,
        "nauc_mrr_at_10_max": -0.029339,
        "nauc_mrr_at_10_std": -0.087628,
        "nauc_mrr_at_10_diff1": 0.24822,
        "nauc_mrr_at_20_max": -0.030806,
        "nauc_mrr_at_20_std": -0.090262,
        "nauc_mrr_at_20_diff1": 0.250854,
        "nauc_mrr_at_100_max": -0.030241,
        "nauc_mrr_at_100_std": -0.088791,
        "nauc_mrr_at_100_diff1": 0.248064,
        "nauc_mrr_at_1000_max": -0.030294,
        "nauc_mrr_at_1000_std": -0.089015,
        "nauc_mrr_at_1000_diff1": 0.248256,
        "hit_rate_at_1": 0.38,
        "hit_rate_at_3": 0.59,
        "hit_rate_at_5": 0.685,
        "hit_rate_at_10": 0.805,
        "hit_rate_at_20": 0.865,
        "hit_rate_at_100": 0.965,
        "hit_rate_at_1000": 0.995,
        "main_score": 0.5824,
        "hf_subset": "default",
        "languages": [
          "eng-Latn"
        ]
      }
    ]
  },
  "evaluation_time": 44.79005742073059,
  "kg_co2_emissions": null,
  "date": 1774391331.767999
}