{
  "dataset_revision": "a2acf12d293ea934823ca26752a05c5bfab24dff",
  "task_name": "LLMAILAStatutes",
  "mteb_version": "2.11.6",
  "scores": {
    "test": [
      {
        "ndcg_at_1": 0.38,
        "ndcg_at_3": 0.35594,
        "ndcg_at_5": 0.34251,
        "ndcg_at_10": 0.40746,
        "ndcg_at_20": 0.49335,
        "ndcg_at_100": 0.59156,
        "ndcg_at_1000": 0.59156,
        "map_at_1": 0.089,
        "map_at_3": 0.17933,
        "map_at_5": 0.23263,
        "map_at_10": 0.27018,
        "map_at_20": 0.31155,
        "map_at_100": 0.34472,
        "map_at_1000": 0.34472,
        "recall_at_1": 0.089,
        "recall_at_3": 0.239,
        "recall_at_5": 0.341,
        "recall_at_10": 0.462,
        "recall_at_20": 0.67433,
        "recall_at_100": 1.0,
        "recall_at_1000": 1.0,
        "accuracy": 0.089,
        "precision_at_1": 0.38,
        "precision_at_3": 0.34667,
        "precision_at_5": 0.296,
        "precision_at_10": 0.204,
        "precision_at_20": 0.149,
        "precision_at_100": 0.0434,
        "precision_at_1000": 0.00434,
        "mrr_at_1": 0.38,
        "mrr_at_3": 0.523333,
        "mrr_at_5": 0.544333,
        "mrr_at_10": 0.559611,
        "mrr_at_20": 0.564191,
        "mrr_at_100": 0.564191,
        "mrr_at_1000": 0.564191,
        "nauc_ndcg_at_1_max": 0.532243,
        "nauc_ndcg_at_1_std": 0.162738,
        "nauc_ndcg_at_1_diff1": 0.293089,
        "nauc_ndcg_at_3_max": 0.465801,
        "nauc_ndcg_at_3_std": 0.266908,
        "nauc_ndcg_at_3_diff1": 0.174804,
        "nauc_ndcg_at_5_max": 0.476922,
        "nauc_ndcg_at_5_std": 0.304303,
        "nauc_ndcg_at_5_diff1": 0.177715,
        "nauc_ndcg_at_10_max": 0.43626,
        "nauc_ndcg_at_10_std": 0.333392,
        "nauc_ndcg_at_10_diff1": 0.136856,
        "nauc_ndcg_at_20_max": 0.421252,
        "nauc_ndcg_at_20_std": 0.279972,
        "nauc_ndcg_at_20_diff1": 0.135897,
        "nauc_ndcg_at_100_max": 0.467635,
        "nauc_ndcg_at_100_std": 0.292954,
        "nauc_ndcg_at_100_diff1": 0.186783,
        "nauc_ndcg_at_1000_max": 0.467635,
        "nauc_ndcg_at_1000_std": 0.292954,
        "nauc_ndcg_at_1000_diff1": 0.186783,
        "nauc_map_at_1_max": 0.587345,
        "nauc_map_at_1_std": 0.219996,
        "nauc_map_at_1_diff1": 0.330061,
        "nauc_map_at_3_max": 0.554472,
        "nauc_map_at_3_std": 0.326395,
        "nauc_map_at_3_diff1": 0.231884,
        "nauc_map_at_5_max": 0.554183,
        "nauc_map_at_5_std": 0.375924,
        "nauc_map_at_5_diff1": 0.243831,
        "nauc_map_at_10_max": 0.506904,
        "nauc_map_at_10_std": 0.360388,
        "nauc_map_at_10_diff1": 0.186378,
        "nauc_map_at_20_max": 0.502307,
        "nauc_map_at_20_std": 0.348089,
        "nauc_map_at_20_diff1": 0.188801,
        "nauc_map_at_100_max": 0.513512,
        "nauc_map_at_100_std": 0.356531,
        "nauc_map_at_100_diff1": 0.205676,
        "nauc_map_at_1000_max": 0.513512,
        "nauc_map_at_1000_std": 0.356531,
        "nauc_map_at_1000_diff1": 0.205676,
        "nauc_recall_at_1_max": 0.587345,
        "nauc_recall_at_1_std": 0.219996,
        "nauc_recall_at_1_diff1": 0.330061,
        "nauc_recall_at_3_max": 0.471638,
        "nauc_recall_at_3_std": 0.35127,
        "nauc_recall_at_3_diff1": 0.150744,
        "nauc_recall_at_5_max": 0.374728,
        "nauc_recall_at_5_std": 0.309215,
        "nauc_recall_at_5_diff1": 0.100066,
        "nauc_recall_at_10_max": 0.283075,
        "nauc_recall_at_10_std": 0.368077,
        "nauc_recall_at_10_diff1": 0.015207,
        "nauc_recall_at_20_max": 0.128698,
        "nauc_recall_at_20_std": 0.151917,
        "nauc_recall_at_20_diff1": -0.044107,
        "nauc_recall_at_100_max": NaN,
        "nauc_recall_at_100_std": NaN,
        "nauc_recall_at_100_diff1": NaN,
        "nauc_recall_at_1000_max": NaN,
        "nauc_recall_at_1000_std": NaN,
        "nauc_recall_at_1000_diff1": NaN,
        "nauc_precision_at_1_max": 0.532243,
        "nauc_precision_at_1_std": 0.162738,
        "nauc_precision_at_1_diff1": 0.293089,
        "nauc_precision_at_3_max": 0.41372,
        "nauc_precision_at_3_std": 0.289807,
        "nauc_precision_at_3_diff1": 0.127685,
        "nauc_precision_at_5_max": 0.330674,
        "nauc_precision_at_5_std": 0.247647,
        "nauc_precision_at_5_diff1": 0.103208,
        "nauc_precision_at_10_max": 0.215142,
        "nauc_precision_at_10_std": 0.284883,
        "nauc_precision_at_10_diff1": 0.022657,
        "nauc_precision_at_20_max": 0.050186,
        "nauc_precision_at_20_std": 0.079237,
        "nauc_precision_at_20_diff1": -0.021944,
        "nauc_precision_at_100_max": -0.147875,
        "nauc_precision_at_100_std": -0.091967,
        "nauc_precision_at_100_diff1": 0.027094,
        "nauc_precision_at_1000_max": -0.147875,
        "nauc_precision_at_1000_std": -0.091967,
        "nauc_precision_at_1000_diff1": 0.027094,
        "nauc_mrr_at_1_max": 0.532243,
        "nauc_mrr_at_1_std": 0.162738,
        "nauc_mrr_at_1_diff1": 0.293089,
        "nauc_mrr_at_3_max": 0.455464,
        "nauc_mrr_at_3_std": 0.205389,
        "nauc_mrr_at_3_diff1": 0.17356,
        "nauc_mrr_at_5_max": 0.430279,
        "nauc_mrr_at_5_std": 0.159781,
        "nauc_mrr_at_5_diff1": 0.148464,
        "nauc_mrr_at_10_max": 0.450186,
        "nauc_mrr_at_10_std": 0.1917,
        "nauc_mrr_at_10_diff1": 0.177381,
        "nauc_mrr_at_20_max": 0.453691,
        "nauc_mrr_at_20_std": 0.18386,
        "nauc_mrr_at_20_diff1": 0.180229,
        "nauc_mrr_at_100_max": 0.453691,
        "nauc_mrr_at_100_std": 0.18386,
        "nauc_mrr_at_100_diff1": 0.180229,
        "nauc_mrr_at_1000_max": 0.453691,
        "nauc_mrr_at_1000_std": 0.18386,
        "nauc_mrr_at_1000_diff1": 0.180229,
        "hit_rate_at_1": 0.38,
        "hit_rate_at_3": 0.72,
        "hit_rate_at_5": 0.82,
        "hit_rate_at_10": 0.94,
        "hit_rate_at_20": 1.0,
        "hit_rate_at_100": 1.0,
        "hit_rate_at_1000": 1.0,
        "main_score": 0.40746,
        "hf_subset": "default",
        "languages": [
          "eng-Latn"
        ]
      }
    ]
  },
  "evaluation_time": 4.61298942565918,
  "kg_co2_emissions": null,
  "date": 1774398436.686829
}