{
  "dataset_revision": "300cb175d1b608cfc3fdb94fd06b3ceb937f9b6a",
  "task_name": "LLMLegalBenchCorporateLobbying",
  "mteb_version": "2.11.6",
  "scores": {
    "test": [
      {
        "ndcg_at_1": 0.88235,
        "ndcg_at_3": 0.93834,
        "ndcg_at_5": 0.94467,
        "ndcg_at_10": 0.94572,
        "ndcg_at_20": 0.94644,
        "ndcg_at_100": 0.94688,
        "ndcg_at_1000": 0.94725,
        "map_at_1": 0.88235,
        "map_at_3": 0.92598,
        "map_at_5": 0.92966,
        "map_at_10": 0.93015,
        "map_at_20": 0.93033,
        "map_at_100": 0.93036,
        "map_at_1000": 0.93037,
        "recall_at_1": 0.88235,
        "recall_at_3": 0.97353,
        "recall_at_5": 0.98824,
        "recall_at_10": 0.99118,
        "recall_at_20": 0.99412,
        "recall_at_100": 0.99706,
        "recall_at_1000": 1.0,
        "accuracy": 0.88235,
        "precision_at_1": 0.88235,
        "precision_at_3": 0.32451,
        "precision_at_5": 0.19765,
        "precision_at_10": 0.09912,
        "precision_at_20": 0.04971,
        "precision_at_100": 0.00997,
        "precision_at_1000": 0.001,
        "mrr_at_1": 0.882353,
        "mrr_at_3": 0.92598,
        "mrr_at_5": 0.929657,
        "mrr_at_10": 0.930147,
        "mrr_at_20": 0.930331,
        "mrr_at_100": 0.93036,
        "mrr_at_1000": 0.930373,
        "nauc_ndcg_at_1_max": 0.471548,
        "nauc_ndcg_at_1_std": -0.265452,
        "nauc_ndcg_at_1_diff1": 0.89656,
        "nauc_ndcg_at_3_max": 0.522603,
        "nauc_ndcg_at_3_std": -0.343635,
        "nauc_ndcg_at_3_diff1": 0.887867,
        "nauc_ndcg_at_5_max": 0.498852,
        "nauc_ndcg_at_5_std": -0.315794,
        "nauc_ndcg_at_5_diff1": 0.886989,
        "nauc_ndcg_at_10_max": 0.497768,
        "nauc_ndcg_at_10_std": -0.287868,
        "nauc_ndcg_at_10_diff1": 0.884773,
        "nauc_ndcg_at_20_max": 0.490912,
        "nauc_ndcg_at_20_std": -0.296686,
        "nauc_ndcg_at_20_diff1": 0.886992,
        "nauc_ndcg_at_100_max": 0.499823,
        "nauc_ndcg_at_100_std": -0.284489,
        "nauc_ndcg_at_100_diff1": 0.888384,
        "nauc_ndcg_at_1000_max": 0.496235,
        "nauc_ndcg_at_1000_std": -0.293703,
        "nauc_ndcg_at_1000_diff1": 0.888521,
        "nauc_map_at_1_max": 0.471548,
        "nauc_map_at_1_std": -0.265452,
        "nauc_map_at_1_diff1": 0.89656,
        "nauc_map_at_3_max": 0.508885,
        "nauc_map_at_3_std": -0.316104,
        "nauc_map_at_3_diff1": 0.890729,
        "nauc_map_at_5_max": 0.497301,
        "nauc_map_at_5_std": -0.301916,
        "nauc_map_at_5_diff1": 0.89048,
        "nauc_map_at_10_max": 0.496895,
        "nauc_map_at_10_std": -0.291655,
        "nauc_map_at_10_diff1": 0.889698,
        "nauc_map_at_20_max": 0.495546,
        "nauc_map_at_20_std": -0.293399,
        "nauc_map_at_20_diff1": 0.890148,
        "nauc_map_at_100_max": 0.496,
        "nauc_map_at_100_std": -0.292777,
        "nauc_map_at_100_diff1": 0.89022,
        "nauc_map_at_1000_max": 0.495909,
        "nauc_map_at_1000_std": -0.293011,
        "nauc_map_at_1000_diff1": 0.890224,
        "nauc_recall_at_1_max": 0.471548,
        "nauc_recall_at_1_std": -0.265452,
        "nauc_recall_at_1_diff1": 0.89656,
        "nauc_recall_at_3_max": 0.625013,
        "nauc_recall_at_3_std": -0.559705,
        "nauc_recall_at_3_diff1": 0.86565,
        "nauc_recall_at_5_max": 0.497666,
        "nauc_recall_at_5_std": -0.530462,
        "nauc_recall_at_5_diff1": 0.828431,
        "nauc_recall_at_10_max": 0.478836,
        "nauc_recall_at_10_std": -0.127295,
        "nauc_recall_at_10_diff1": 0.771242,
        "nauc_recall_at_20_max": 0.218254,
        "nauc_recall_at_20_std": -0.369981,
        "nauc_recall_at_20_diff1": 0.795752,
        "nauc_recall_at_100_max": 1.0,
        "nauc_recall_at_100_std": 1.0,
        "nauc_recall_at_100_diff1": 0.869281,
        "nauc_recall_at_1000_max": NaN,
        "nauc_recall_at_1000_std": NaN,
        "nauc_recall_at_1000_diff1": NaN,
        "nauc_precision_at_1_max": 0.471548,
        "nauc_precision_at_1_std": -0.265452,
        "nauc_precision_at_1_diff1": 0.89656,
        "nauc_precision_at_3_max": 0.625013,
        "nauc_precision_at_3_std": -0.559705,
        "nauc_precision_at_3_diff1": 0.86565,
        "nauc_precision_at_5_max": 0.497666,
        "nauc_precision_at_5_std": -0.530462,
        "nauc_precision_at_5_diff1": 0.828431,
        "nauc_precision_at_10_max": 0.478836,
        "nauc_precision_at_10_std": -0.127295,
        "nauc_precision_at_10_diff1": 0.771242,
        "nauc_precision_at_20_max": 0.218254,
        "nauc_precision_at_20_std": -0.369981,
        "nauc_precision_at_20_diff1": 0.795752,
        "nauc_precision_at_100_max": 1.0,
        "nauc_precision_at_100_std": 1.0,
        "nauc_precision_at_100_diff1": 0.869281,
        "nauc_precision_at_1000_max": 1.0,
        "nauc_precision_at_1000_std": 1.0,
        "nauc_precision_at_1000_diff1": 1.0,
        "nauc_mrr_at_1_max": 0.471548,
        "nauc_mrr_at_1_std": -0.265452,
        "nauc_mrr_at_1_diff1": 0.89656,
        "nauc_mrr_at_3_max": 0.508885,
        "nauc_mrr_at_3_std": -0.316104,
        "nauc_mrr_at_3_diff1": 0.890729,
        "nauc_mrr_at_5_max": 0.497301,
        "nauc_mrr_at_5_std": -0.301916,
        "nauc_mrr_at_5_diff1": 0.89048,
        "nauc_mrr_at_10_max": 0.496895,
        "nauc_mrr_at_10_std": -0.291655,
        "nauc_mrr_at_10_diff1": 0.889698,
        "nauc_mrr_at_20_max": 0.495546,
        "nauc_mrr_at_20_std": -0.293399,
        "nauc_mrr_at_20_diff1": 0.890148,
        "nauc_mrr_at_100_max": 0.496,
        "nauc_mrr_at_100_std": -0.292777,
        "nauc_mrr_at_100_diff1": 0.89022,
        "nauc_mrr_at_1000_max": 0.495909,
        "nauc_mrr_at_1000_std": -0.293011,
        "nauc_mrr_at_1000_diff1": 0.890224,
        "hit_rate_at_1": 0.88235,
        "hit_rate_at_3": 0.97353,
        "hit_rate_at_5": 0.98824,
        "hit_rate_at_10": 0.99118,
        "hit_rate_at_20": 0.99412,
        "hit_rate_at_100": 0.99706,
        "hit_rate_at_1000": 1.0,
        "main_score": 0.94572,
        "hf_subset": "default",
        "languages": [
          "eng-Latn"
        ]
      }
    ]
  },
  "evaluation_time": 6.595134496688843,
  "kg_co2_emissions": null,
  "date": 1774398445.227404
}