{
  "dataset_revision": "d6628df131c3279007b88fe3e057e809dac056af",
  "task_name": "LLMSpartQA",
  "mteb_version": "2.11.6",
  "scores": {
    "test": [
      {
        "ndcg_at_1": 0.06,
        "ndcg_at_3": 0.09247,
        "ndcg_at_5": 0.11365,
        "ndcg_at_10": 0.13863,
        "ndcg_at_20": 0.15161,
        "ndcg_at_100": 0.17902,
        "ndcg_at_1000": 0.22362,
        "map_at_1": 0.04667,
        "map_at_3": 0.07806,
        "map_at_5": 0.08931,
        "map_at_10": 0.09953,
        "map_at_20": 0.10328,
        "map_at_100": 0.10658,
        "map_at_1000": 0.10803,
        "recall_at_1": 0.04667,
        "recall_at_3": 0.11,
        "recall_at_5": 0.15833,
        "recall_at_10": 0.225,
        "recall_at_20": 0.26833,
        "recall_at_100": 0.4,
        "recall_at_1000": 0.72,
        "accuracy": 0.04667,
        "precision_at_1": 0.06,
        "precision_at_3": 0.05,
        "precision_at_5": 0.043,
        "precision_at_10": 0.0335,
        "precision_at_20": 0.02025,
        "precision_at_100": 0.0064,
        "precision_at_1000": 0.00121,
        "mrr_at_1": 0.06,
        "mrr_at_3": 0.104167,
        "mrr_at_5": 0.117917,
        "mrr_at_10": 0.129625,
        "mrr_at_20": 0.134364,
        "mrr_at_100": 0.138662,
        "mrr_at_1000": 0.139899,
        "nauc_ndcg_at_1_max": 0.296619,
        "nauc_ndcg_at_1_std": 0.380199,
        "nauc_ndcg_at_1_diff1": -0.464941,
        "nauc_ndcg_at_3_max": 0.290785,
        "nauc_ndcg_at_3_std": 0.461804,
        "nauc_ndcg_at_3_diff1": -0.343701,
        "nauc_ndcg_at_5_max": 0.290281,
        "nauc_ndcg_at_5_std": 0.484171,
        "nauc_ndcg_at_5_diff1": -0.322042,
        "nauc_ndcg_at_10_max": 0.289754,
        "nauc_ndcg_at_10_std": 0.510913,
        "nauc_ndcg_at_10_diff1": -0.288559,
        "nauc_ndcg_at_20_max": 0.309904,
        "nauc_ndcg_at_20_std": 0.521743,
        "nauc_ndcg_at_20_diff1": -0.304515,
        "nauc_ndcg_at_100_max": 0.315784,
        "nauc_ndcg_at_100_std": 0.502195,
        "nauc_ndcg_at_100_diff1": -0.245423,
        "nauc_ndcg_at_1000_max": 0.329091,
        "nauc_ndcg_at_1000_std": 0.522624,
        "nauc_ndcg_at_1000_diff1": -0.24,
        "nauc_map_at_1_max": 0.310572,
        "nauc_map_at_1_std": 0.440569,
        "nauc_map_at_1_diff1": -0.450343,
        "nauc_map_at_3_max": 0.297826,
        "nauc_map_at_3_std": 0.457493,
        "nauc_map_at_3_diff1": -0.356896,
        "nauc_map_at_5_max": 0.296329,
        "nauc_map_at_5_std": 0.470743,
        "nauc_map_at_5_diff1": -0.344269,
        "nauc_map_at_10_max": 0.293789,
        "nauc_map_at_10_std": 0.490922,
        "nauc_map_at_10_diff1": -0.327373,
        "nauc_map_at_20_max": 0.304294,
        "nauc_map_at_20_std": 0.497215,
        "nauc_map_at_20_diff1": -0.334076,
        "nauc_map_at_100_max": 0.308766,
        "nauc_map_at_100_std": 0.492959,
        "nauc_map_at_100_diff1": -0.323428,
        "nauc_map_at_1000_max": 0.308189,
        "nauc_map_at_1000_std": 0.494796,
        "nauc_map_at_1000_diff1": -0.322002,
        "nauc_recall_at_1_max": 0.310572,
        "nauc_recall_at_1_std": 0.440569,
        "nauc_recall_at_1_diff1": -0.450343,
        "nauc_recall_at_3_max": 0.289585,
        "nauc_recall_at_3_std": 0.458133,
        "nauc_recall_at_3_diff1": -0.312659,
        "nauc_recall_at_5_max": 0.288458,
        "nauc_recall_at_5_std": 0.481058,
        "nauc_recall_at_5_diff1": -0.274163,
        "nauc_recall_at_10_max": 0.277593,
        "nauc_recall_at_10_std": 0.506524,
        "nauc_recall_at_10_diff1": -0.205688,
        "nauc_recall_at_20_max": 0.318385,
        "nauc_recall_at_20_std": 0.520692,
        "nauc_recall_at_20_diff1": -0.242826,
        "nauc_recall_at_100_max": 0.310665,
        "nauc_recall_at_100_std": 0.435778,
        "nauc_recall_at_100_diff1": -0.058259,
        "nauc_recall_at_1000_max": 0.318572,
        "nauc_recall_at_1000_std": 0.403835,
        "nauc_recall_at_1000_diff1": 0.050621,
        "nauc_precision_at_1_max": 0.296619,
        "nauc_precision_at_1_std": 0.380199,
        "nauc_precision_at_1_diff1": -0.464941,
        "nauc_precision_at_3_max": 0.269489,
        "nauc_precision_at_3_std": 0.489023,
        "nauc_precision_at_3_diff1": -0.314495,
        "nauc_precision_at_5_max": 0.273656,
        "nauc_precision_at_5_std": 0.534983,
        "nauc_precision_at_5_diff1": -0.284739,
        "nauc_precision_at_10_max": 0.26434,
        "nauc_precision_at_10_std": 0.554377,
        "nauc_precision_at_10_diff1": -0.216364,
        "nauc_precision_at_20_max": 0.277549,
        "nauc_precision_at_20_std": 0.547715,
        "nauc_precision_at_20_diff1": -0.234875,
        "nauc_precision_at_100_max": 0.184216,
        "nauc_precision_at_100_std": 0.445115,
        "nauc_precision_at_100_diff1": -0.060254,
        "nauc_precision_at_1000_max": 0.161644,
        "nauc_precision_at_1000_std": 0.21178,
        "nauc_precision_at_1000_diff1": 0.141163,
        "nauc_mrr_at_1_max": 0.296619,
        "nauc_mrr_at_1_std": 0.380199,
        "nauc_mrr_at_1_diff1": -0.464941,
        "nauc_mrr_at_3_max": 0.276705,
        "nauc_mrr_at_3_std": 0.458437,
        "nauc_mrr_at_3_diff1": -0.358981,
        "nauc_mrr_at_5_max": 0.275088,
        "nauc_mrr_at_5_std": 0.483051,
        "nauc_mrr_at_5_diff1": -0.342929,
        "nauc_mrr_at_10_max": 0.279872,
        "nauc_mrr_at_10_std": 0.489367,
        "nauc_mrr_at_10_diff1": -0.32663,
        "nauc_mrr_at_20_max": 0.283776,
        "nauc_mrr_at_20_std": 0.490663,
        "nauc_mrr_at_20_diff1": -0.330372,
        "nauc_mrr_at_100_max": 0.288327,
        "nauc_mrr_at_100_std": 0.485874,
        "nauc_mrr_at_100_diff1": -0.31934,
        "nauc_mrr_at_1000_max": 0.28857,
        "nauc_mrr_at_1000_std": 0.487133,
        "nauc_mrr_at_1000_diff1": -0.318896,
        "hit_rate_at_1": 0.06,
        "hit_rate_at_3": 0.15,
        "hit_rate_at_5": 0.21,
        "hit_rate_at_10": 0.3,
        "hit_rate_at_20": 0.36,
        "hit_rate_at_100": 0.545,
        "hit_rate_at_1000": 0.885,
        "main_score": 0.13863,
        "hf_subset": "default",
        "languages": [
          "eng-Latn"
        ]
      }
    ]
  },
  "evaluation_time": 11.013735055923462,
  "kg_co2_emissions": null,
  "date": 1774398458.385131
}