{
  "dataset_revision": "31f9b918c30ef94e15a168cb95ca4ebf291396eb",
  "task_name": "LLMTwitterHjerneRetrieval",
  "mteb_version": "2.11.6",
  "scores": {
    "train": [
      {
        "ndcg_at_1": 0.8961,
        "ndcg_at_3": 0.81902,
        "ndcg_at_5": 0.80908,
        "ndcg_at_10": 0.84427,
        "ndcg_at_20": 0.86079,
        "ndcg_at_100": 0.87844,
        "ndcg_at_1000": 0.88114,
        "map_at_1": 0.28896,
        "map_at_3": 0.63597,
        "map_at_5": 0.73599,
        "map_at_10": 0.77053,
        "map_at_20": 0.77974,
        "map_at_100": 0.78507,
        "map_at_1000": 0.78537,
        "recall_at_1": 0.28896,
        "recall_at_3": 0.66732,
        "recall_at_5": 0.78788,
        "recall_at_10": 0.87338,
        "recall_at_20": 0.91926,
        "recall_at_100": 0.98593,
        "recall_at_1000": 1.0,
        "accuracy": 0.28896,
        "precision_at_1": 0.8961,
        "precision_at_3": 0.7316,
        "precision_at_5": 0.53766,
        "precision_at_10": 0.3,
        "precision_at_20": 0.15714,
        "precision_at_100": 0.03364,
        "precision_at_1000": 0.0034,
        "mrr_at_1": 0.896104,
        "mrr_at_3": 0.928571,
        "mrr_at_5": 0.931818,
        "mrr_at_10": 0.933673,
        "mrr_at_20": 0.933673,
        "mrr_at_100": 0.933673,
        "mrr_at_1000": 0.933673,
        "nauc_ndcg_at_1_max": 0.876859,
        "nauc_ndcg_at_1_std": 0.476762,
        "nauc_ndcg_at_1_diff1": 0.720125,
        "nauc_ndcg_at_3_max": 0.599866,
        "nauc_ndcg_at_3_std": 0.306716,
        "nauc_ndcg_at_3_diff1": 0.098274,
        "nauc_ndcg_at_5_max": 0.546842,
        "nauc_ndcg_at_5_std": 0.21676,
        "nauc_ndcg_at_5_diff1": 0.107762,
        "nauc_ndcg_at_10_max": 0.517069,
        "nauc_ndcg_at_10_std": 0.169827,
        "nauc_ndcg_at_10_diff1": 0.136173,
        "nauc_ndcg_at_20_max": 0.549728,
        "nauc_ndcg_at_20_std": 0.211054,
        "nauc_ndcg_at_20_diff1": 0.146296,
        "nauc_ndcg_at_100_max": 0.593567,
        "nauc_ndcg_at_100_std": 0.259112,
        "nauc_ndcg_at_100_diff1": 0.17466,
        "nauc_ndcg_at_1000_max": 0.588833,
        "nauc_ndcg_at_1000_std": 0.258778,
        "nauc_ndcg_at_1000_diff1": 0.172225,
        "nauc_map_at_1_max": -0.007368,
        "nauc_map_at_1_std": -0.202627,
        "nauc_map_at_1_diff1": 0.423617,
        "nauc_map_at_3_max": 0.30833,
        "nauc_map_at_3_std": 0.001844,
        "nauc_map_at_3_diff1": 0.173609,
        "nauc_map_at_5_max": 0.514497,
        "nauc_map_at_5_std": 0.164597,
        "nauc_map_at_5_diff1": 0.105973,
        "nauc_map_at_10_max": 0.520124,
        "nauc_map_at_10_std": 0.169179,
        "nauc_map_at_10_diff1": 0.103747,
        "nauc_map_at_20_max": 0.526648,
        "nauc_map_at_20_std": 0.179237,
        "nauc_map_at_20_diff1": 0.098004,
        "nauc_map_at_100_max": 0.535638,
        "nauc_map_at_100_std": 0.193708,
        "nauc_map_at_100_diff1": 0.100208,
        "nauc_map_at_1000_max": 0.535285,
        "nauc_map_at_1000_std": 0.193898,
        "nauc_map_at_1000_diff1": 0.099987,
        "nauc_recall_at_1_max": -0.007368,
        "nauc_recall_at_1_std": -0.202627,
        "nauc_recall_at_1_diff1": 0.423617,
        "nauc_recall_at_3_max": 0.196111,
        "nauc_recall_at_3_std": -0.06829,
        "nauc_recall_at_3_diff1": 0.085269,
        "nauc_recall_at_5_max": 0.414551,
        "nauc_recall_at_5_std": 0.117086,
        "nauc_recall_at_5_diff1": 0.006231,
        "nauc_recall_at_10_max": 0.301577,
        "nauc_recall_at_10_std": -0.022045,
        "nauc_recall_at_10_diff1": -0.011016,
        "nauc_recall_at_20_max": 0.346331,
        "nauc_recall_at_20_std": 0.0649,
        "nauc_recall_at_20_diff1": -0.006783,
        "nauc_recall_at_100_max": 0.697234,
        "nauc_recall_at_100_std": 0.329479,
        "nauc_recall_at_100_diff1": 0.258198,
        "nauc_recall_at_1000_max": NaN,
        "nauc_recall_at_1000_std": NaN,
        "nauc_recall_at_1000_diff1": NaN,
        "nauc_precision_at_1_max": 0.876859,
        "nauc_precision_at_1_std": 0.476762,
        "nauc_precision_at_1_diff1": 0.720125,
        "nauc_precision_at_3_max": 0.601085,
        "nauc_precision_at_3_std": 0.44167,
        "nauc_precision_at_3_diff1": -0.14702,
        "nauc_precision_at_5_max": 0.510235,
        "nauc_precision_at_5_std": 0.407734,
        "nauc_precision_at_5_diff1": -0.168121,
        "nauc_precision_at_10_max": 0.407547,
        "nauc_precision_at_10_std": 0.370413,
        "nauc_precision_at_10_diff1": -0.173099,
        "nauc_precision_at_20_max": 0.4132,
        "nauc_precision_at_20_std": 0.419968,
        "nauc_precision_at_20_diff1": -0.188123,
        "nauc_precision_at_100_max": 0.379836,
        "nauc_precision_at_100_std": 0.457118,
        "nauc_precision_at_100_diff1": -0.183789,
        "nauc_precision_at_1000_max": 0.364305,
        "nauc_precision_at_1000_std": 0.466571,
        "nauc_precision_at_1000_diff1": -0.19529,
        "nauc_mrr_at_1_max": 0.876859,
        "nauc_mrr_at_1_std": 0.476762,
        "nauc_mrr_at_1_diff1": 0.720125,
        "nauc_mrr_at_3_max": 0.859801,
        "nauc_mrr_at_3_std": 0.514962,
        "nauc_mrr_at_3_diff1": 0.658596,
        "nauc_mrr_at_5_max": 0.866334,
        "nauc_mrr_at_5_std": 0.498117,
        "nauc_mrr_at_5_diff1": 0.683975,
        "nauc_mrr_at_10_max": 0.866267,
        "nauc_mrr_at_10_std": 0.484078,
        "nauc_mrr_at_10_diff1": 0.693096,
        "nauc_mrr_at_20_max": 0.866267,
        "nauc_mrr_at_20_std": 0.484078,
        "nauc_mrr_at_20_diff1": 0.693096,
        "nauc_mrr_at_100_max": 0.866267,
        "nauc_mrr_at_100_std": 0.484078,
        "nauc_mrr_at_100_diff1": 0.693096,
        "nauc_mrr_at_1000_max": 0.866267,
        "nauc_mrr_at_1000_std": 0.484078,
        "nauc_mrr_at_1000_diff1": 0.693096,
        "hit_rate_at_1": 0.8961,
        "hit_rate_at_3": 0.97403,
        "hit_rate_at_5": 0.98701,
        "hit_rate_at_10": 1.0,
        "hit_rate_at_20": 1.0,
        "hit_rate_at_100": 1.0,
        "hit_rate_at_1000": 1.0,
        "main_score": 0.84427,
        "hf_subset": "default",
        "languages": [
          "dan-Latn"
        ]
      }
    ]
  },
  "evaluation_time": 2.4083058834075928,
  "kg_co2_emissions": null,
  "date": 1774398462.988782
}