{
  "dataset_revision": "1c61e95df3d70835785db4d70f17d3a16a7bd4ce",
  "task_name": "LLMTempReasonL1",
  "mteb_version": "2.11.6",
  "scores": {
    "test": [
      {
        "ndcg_at_1": 0.0,
        "ndcg_at_3": 0.01762,
        "ndcg_at_5": 0.01762,
        "ndcg_at_10": 0.01762,
        "ndcg_at_20": 0.02786,
        "ndcg_at_100": 0.05586,
        "ndcg_at_1000": 0.11653,
        "map_at_1": 0.0,
        "map_at_3": 0.01333,
        "map_at_5": 0.01333,
        "map_at_10": 0.01333,
        "map_at_20": 0.0162,
        "map_at_100": 0.01944,
        "map_at_1000": 0.02133,
        "recall_at_1": 0.0,
        "recall_at_3": 0.03,
        "recall_at_5": 0.03,
        "recall_at_10": 0.03,
        "recall_at_20": 0.07,
        "recall_at_100": 0.23,
        "recall_at_1000": 0.73,
        "accuracy": 0.0,
        "precision_at_1": 0.0,
        "precision_at_3": 0.01,
        "precision_at_5": 0.006,
        "precision_at_10": 0.003,
        "precision_at_20": 0.0035,
        "precision_at_100": 0.0023,
        "precision_at_1000": 0.00073,
        "mrr_at_1": 0.0,
        "mrr_at_3": 0.013333,
        "mrr_at_5": 0.013333,
        "mrr_at_10": 0.013333,
        "mrr_at_20": 0.016198,
        "mrr_at_100": 0.019439,
        "mrr_at_1000": 0.021333,
        "nauc_ndcg_at_1_max": NaN,
        "nauc_ndcg_at_1_std": NaN,
        "nauc_ndcg_at_1_diff1": NaN,
        "nauc_ndcg_at_3_max": -0.131789,
        "nauc_ndcg_at_3_std": -0.193938,
        "nauc_ndcg_at_3_diff1": 0.154506,
        "nauc_ndcg_at_5_max": -0.131789,
        "nauc_ndcg_at_5_std": -0.193938,
        "nauc_ndcg_at_5_diff1": 0.154506,
        "nauc_ndcg_at_10_max": -0.131789,
        "nauc_ndcg_at_10_std": -0.193938,
        "nauc_ndcg_at_10_diff1": 0.154506,
        "nauc_ndcg_at_20_max": -0.181364,
        "nauc_ndcg_at_20_std": -0.112466,
        "nauc_ndcg_at_20_diff1": 0.043493,
        "nauc_ndcg_at_100_max": -0.120596,
        "nauc_ndcg_at_100_std": -0.013912,
        "nauc_ndcg_at_100_diff1": 0.000867,
        "nauc_ndcg_at_1000_max": 0.004495,
        "nauc_ndcg_at_1000_std": 0.069475,
        "nauc_ndcg_at_1000_diff1": 0.070739,
        "nauc_map_at_1_max": NaN,
        "nauc_map_at_1_std": NaN,
        "nauc_map_at_1_diff1": NaN,
        "nauc_map_at_3_max": -0.114435,
        "nauc_map_at_3_std": -0.199759,
        "nauc_map_at_3_diff1": 0.181379,
        "nauc_map_at_5_max": -0.114435,
        "nauc_map_at_5_std": -0.199759,
        "nauc_map_at_5_diff1": 0.181379,
        "nauc_map_at_10_max": -0.114435,
        "nauc_map_at_10_std": -0.199759,
        "nauc_map_at_10_diff1": 0.181379,
        "nauc_map_at_20_max": -0.142244,
        "nauc_map_at_20_std": -0.162755,
        "nauc_map_at_20_diff1": 0.121377,
        "nauc_map_at_100_max": -0.138927,
        "nauc_map_at_100_std": -0.135664,
        "nauc_map_at_100_diff1": 0.092314,
        "nauc_map_at_1000_max": -0.121945,
        "nauc_map_at_1000_std": -0.121774,
        "nauc_map_at_1000_diff1": 0.105537,
        "nauc_recall_at_1_max": NaN,
        "nauc_recall_at_1_std": NaN,
        "nauc_recall_at_1_diff1": NaN,
        "nauc_recall_at_3_max": -0.157231,
        "nauc_recall_at_3_std": -0.185404,
        "nauc_recall_at_3_diff1": 0.115106,
        "nauc_recall_at_5_max": -0.157231,
        "nauc_recall_at_5_std": -0.185404,
        "nauc_recall_at_5_diff1": 0.115106,
        "nauc_recall_at_10_max": -0.157231,
        "nauc_recall_at_10_std": -0.185404,
        "nauc_recall_at_10_diff1": 0.115106,
        "nauc_recall_at_20_max": -0.218215,
        "nauc_recall_at_20_std": -0.058185,
        "nauc_recall_at_20_diff1": -0.031738,
        "nauc_recall_at_100_max": -0.086927,
        "nauc_recall_at_100_std": 0.071719,
        "nauc_recall_at_100_diff1": -0.038178,
        "nauc_recall_at_1000_max": 0.189978,
        "nauc_recall_at_1000_std": 0.250919,
        "nauc_recall_at_1000_diff1": 0.068018,
        "nauc_precision_at_1_max": NaN,
        "nauc_precision_at_1_std": NaN,
        "nauc_precision_at_1_diff1": NaN,
        "nauc_precision_at_3_max": -0.157231,
        "nauc_precision_at_3_std": -0.185404,
        "nauc_precision_at_3_diff1": 0.115106,
        "nauc_precision_at_5_max": -0.157231,
        "nauc_precision_at_5_std": -0.185404,
        "nauc_precision_at_5_diff1": 0.115106,
        "nauc_precision_at_10_max": -0.157231,
        "nauc_precision_at_10_std": -0.185404,
        "nauc_precision_at_10_diff1": 0.115106,
        "nauc_precision_at_20_max": -0.218215,
        "nauc_precision_at_20_std": -0.058185,
        "nauc_precision_at_20_diff1": -0.031738,
        "nauc_precision_at_100_max": -0.086927,
        "nauc_precision_at_100_std": 0.071719,
        "nauc_precision_at_100_diff1": -0.038178,
        "nauc_precision_at_1000_max": 0.189978,
        "nauc_precision_at_1000_std": 0.250919,
        "nauc_precision_at_1000_diff1": 0.068018,
        "nauc_mrr_at_1_max": NaN,
        "nauc_mrr_at_1_std": NaN,
        "nauc_mrr_at_1_diff1": NaN,
        "nauc_mrr_at_3_max": -0.114435,
        "nauc_mrr_at_3_std": -0.199759,
        "nauc_mrr_at_3_diff1": 0.181379,
        "nauc_mrr_at_5_max": -0.114435,
        "nauc_mrr_at_5_std": -0.199759,
        "nauc_mrr_at_5_diff1": 0.181379,
        "nauc_mrr_at_10_max": -0.114435,
        "nauc_mrr_at_10_std": -0.199759,
        "nauc_mrr_at_10_diff1": 0.181379,
        "nauc_mrr_at_20_max": -0.142244,
        "nauc_mrr_at_20_std": -0.162755,
        "nauc_mrr_at_20_diff1": 0.121377,
        "nauc_mrr_at_100_max": -0.138927,
        "nauc_mrr_at_100_std": -0.135664,
        "nauc_mrr_at_100_diff1": 0.092314,
        "nauc_mrr_at_1000_max": -0.121945,
        "nauc_mrr_at_1000_std": -0.121774,
        "nauc_mrr_at_1000_diff1": 0.105537,
        "hit_rate_at_1": 0.0,
        "hit_rate_at_3": 0.03,
        "hit_rate_at_5": 0.03,
        "hit_rate_at_10": 0.03,
        "hit_rate_at_20": 0.07,
        "hit_rate_at_100": 0.23,
        "hit_rate_at_1000": 0.73,
        "main_score": 0.01762,
        "hf_subset": "default",
        "languages": [
          "eng-Latn"
        ]
      }
    ]
  },
  "evaluation_time": 69.75494933128357,
  "kg_co2_emissions": null,
  "date": 1774398429.960401
}