{
  "dataset_revision": "bc2a1e4c24771a6f3432578016cfb737732398fd",
  "task_name": "LLMWinoGrande",
  "mteb_version": "2.11.6",
  "scores": {
    "test": [
      {
        "ndcg_at_1": 0.45,
        "ndcg_at_3": 0.6819,
        "ndcg_at_5": 0.71394,
        "ndcg_at_10": 0.72196,
        "ndcg_at_20": 0.7358,
        "ndcg_at_100": 0.73777,
        "ndcg_at_1000": 0.73777,
        "map_at_1": 0.45,
        "map_at_3": 0.63,
        "map_at_5": 0.64725,
        "map_at_10": 0.65053,
        "map_at_20": 0.65428,
        "map_at_100": 0.65459,
        "map_at_1000": 0.65459,
        "recall_at_1": 0.45,
        "recall_at_3": 0.83,
        "recall_at_5": 0.91,
        "recall_at_10": 0.935,
        "recall_at_20": 0.99,
        "recall_at_100": 1.0,
        "recall_at_1000": 1.0,
        "accuracy": 0.45,
        "precision_at_1": 0.45,
        "precision_at_3": 0.27667,
        "precision_at_5": 0.182,
        "precision_at_10": 0.0935,
        "precision_at_20": 0.0495,
        "precision_at_100": 0.01,
        "precision_at_1000": 0.001,
        "mrr_at_1": 0.45,
        "mrr_at_3": 0.63,
        "mrr_at_5": 0.64725,
        "mrr_at_10": 0.650528,
        "mrr_at_20": 0.654283,
        "mrr_at_100": 0.65459,
        "mrr_at_1000": 0.65459,
        "nauc_ndcg_at_1_max": -0.040424,
        "nauc_ndcg_at_1_std": -0.147456,
        "nauc_ndcg_at_1_diff1": 0.140195,
        "nauc_ndcg_at_3_max": -0.052853,
        "nauc_ndcg_at_3_std": -0.316777,
        "nauc_ndcg_at_3_diff1": 0.237521,
        "nauc_ndcg_at_5_max": -0.100972,
        "nauc_ndcg_at_5_std": -0.366253,
        "nauc_ndcg_at_5_diff1": 0.194689,
        "nauc_ndcg_at_10_max": -0.076401,
        "nauc_ndcg_at_10_std": -0.329258,
        "nauc_ndcg_at_10_diff1": 0.19105,
        "nauc_ndcg_at_20_max": -0.057309,
        "nauc_ndcg_at_20_std": -0.281148,
        "nauc_ndcg_at_20_diff1": 0.187268,
        "nauc_ndcg_at_100_max": -0.059951,
        "nauc_ndcg_at_100_std": -0.275264,
        "nauc_ndcg_at_100_diff1": 0.185548,
        "nauc_ndcg_at_1000_max": -0.059951,
        "nauc_ndcg_at_1000_std": -0.275264,
        "nauc_ndcg_at_1000_diff1": 0.185548,
        "nauc_map_at_1_max": -0.040424,
        "nauc_map_at_1_std": -0.147456,
        "nauc_map_at_1_diff1": 0.140195,
        "nauc_map_at_3_max": -0.045672,
        "nauc_map_at_3_std": -0.26352,
        "nauc_map_at_3_diff1": 0.206635,
        "nauc_map_at_5_max": -0.06762,
        "nauc_map_at_5_std": -0.282901,
        "nauc_map_at_5_diff1": 0.185883,
        "nauc_map_at_10_max": -0.057996,
        "nauc_map_at_10_std": -0.268788,
        "nauc_map_at_10_diff1": 0.18372,
        "nauc_map_at_20_max": -0.054482,
        "nauc_map_at_20_std": -0.258045,
        "nauc_map_at_20_diff1": 0.182402,
        "nauc_map_at_100_max": -0.054928,
        "nauc_map_at_100_std": -0.257366,
        "nauc_map_at_100_diff1": 0.18215,
        "nauc_map_at_1000_max": -0.054928,
        "nauc_map_at_1000_std": -0.257366,
        "nauc_map_at_1000_diff1": 0.18215,
        "nauc_recall_at_1_max": -0.040424,
        "nauc_recall_at_1_std": -0.147456,
        "nauc_recall_at_1_diff1": 0.140195,
        "nauc_recall_at_3_max": -0.08938,
        "nauc_recall_at_3_std": -0.57063,
        "nauc_recall_at_3_diff1": 0.384934,
        "nauc_recall_at_5_max": -0.392235,
        "nauc_recall_at_5_std": -1.056956,
        "nauc_recall_at_5_diff1": 0.244865,
        "nauc_recall_at_10_max": -0.284134,
        "nauc_recall_at_10_std": -0.975257,
        "nauc_recall_at_10_diff1": 0.245996,
        "nauc_recall_at_20_max": 0.152894,
        "nauc_recall_at_20_std": -0.85761,
        "nauc_recall_at_20_diff1": 0.338469,
        "nauc_recall_at_100_max": NaN,
        "nauc_recall_at_100_std": NaN,
        "nauc_recall_at_100_diff1": NaN,
        "nauc_recall_at_1000_max": NaN,
        "nauc_recall_at_1000_std": NaN,
        "nauc_recall_at_1000_diff1": NaN,
        "nauc_precision_at_1_max": -0.040424,
        "nauc_precision_at_1_std": -0.147456,
        "nauc_precision_at_1_diff1": 0.140195,
        "nauc_precision_at_3_max": -0.08938,
        "nauc_precision_at_3_std": -0.57063,
        "nauc_precision_at_3_diff1": 0.384934,
        "nauc_precision_at_5_max": -0.392235,
        "nauc_precision_at_5_std": -1.056956,
        "nauc_precision_at_5_diff1": 0.244865,
        "nauc_precision_at_10_max": -0.284134,
        "nauc_precision_at_10_std": -0.975257,
        "nauc_precision_at_10_diff1": 0.245996,
        "nauc_precision_at_20_max": 0.152894,
        "nauc_precision_at_20_std": -0.85761,
        "nauc_precision_at_20_diff1": 0.338469,
        "nauc_precision_at_100_max": 1.0,
        "nauc_precision_at_100_std": 1.0,
        "nauc_precision_at_100_diff1": 1.0,
        "nauc_precision_at_1000_max": 1.0,
        "nauc_precision_at_1000_std": 1.0,
        "nauc_precision_at_1000_diff1": 1.0,
        "nauc_mrr_at_1_max": -0.040424,
        "nauc_mrr_at_1_std": -0.147456,
        "nauc_mrr_at_1_diff1": 0.140195,
        "nauc_mrr_at_3_max": -0.045672,
        "nauc_mrr_at_3_std": -0.26352,
        "nauc_mrr_at_3_diff1": 0.206635,
        "nauc_mrr_at_5_max": -0.06762,
        "nauc_mrr_at_5_std": -0.282901,
        "nauc_mrr_at_5_diff1": 0.185883,
        "nauc_mrr_at_10_max": -0.057996,
        "nauc_mrr_at_10_std": -0.268788,
        "nauc_mrr_at_10_diff1": 0.18372,
        "nauc_mrr_at_20_max": -0.054482,
        "nauc_mrr_at_20_std": -0.258045,
        "nauc_mrr_at_20_diff1": 0.182402,
        "nauc_mrr_at_100_max": -0.054928,
        "nauc_mrr_at_100_std": -0.257366,
        "nauc_mrr_at_100_diff1": 0.18215,
        "nauc_mrr_at_1000_max": -0.054928,
        "nauc_mrr_at_1000_std": -0.257366,
        "nauc_mrr_at_1000_diff1": 0.18215,
        "hit_rate_at_1": 0.45,
        "hit_rate_at_3": 0.83,
        "hit_rate_at_5": 0.91,
        "hit_rate_at_10": 0.935,
        "hit_rate_at_20": 0.99,
        "hit_rate_at_100": 1.0,
        "hit_rate_at_1000": 1.0,
        "main_score": 0.72196,
        "hf_subset": "default",
        "languages": [
          "eng-Latn"
        ]
      }
    ]
  },
  "evaluation_time": 31.971193075180054,
  "kg_co2_emissions": null,
  "date": 1774398496.867126
}