{
  "dataset_revision": "a2acf12d293ea934823ca26752a05c5bfab24dff",
  "task_name": "LLMAILAStatutes",
  "mteb_version": "2.11.6",
  "scores": {
    "test": [
      {
        "ndcg_at_1": 0.5,
        "ndcg_at_3": 0.43696,
        "ndcg_at_5": 0.4019,
        "ndcg_at_10": 0.48774,
        "ndcg_at_20": 0.55827,
        "ndcg_at_100": 0.64519,
        "ndcg_at_1000": 0.64519,
        "map_at_1": 0.122,
        "map_at_3": 0.23833,
        "map_at_5": 0.28223,
        "map_at_10": 0.33673,
        "map_at_20": 0.37414,
        "map_at_100": 0.40548,
        "map_at_1000": 0.40548,
        "recall_at_1": 0.122,
        "recall_at_3": 0.285,
        "recall_at_5": 0.373,
        "recall_at_10": 0.54267,
        "recall_at_20": 0.72167,
        "recall_at_100": 1.0,
        "recall_at_1000": 1.0,
        "accuracy": 0.122,
        "precision_at_1": 0.5,
        "precision_at_3": 0.40667,
        "precision_at_5": 0.324,
        "precision_at_10": 0.236,
        "precision_at_20": 0.157,
        "precision_at_100": 0.0434,
        "precision_at_1000": 0.00434,
        "mrr_at_1": 0.5,
        "mrr_at_3": 0.626667,
        "mrr_at_5": 0.653667,
        "mrr_at_10": 0.660968,
        "mrr_at_20": 0.662507,
        "mrr_at_100": 0.663221,
        "mrr_at_1000": 0.663221,
        "nauc_ndcg_at_1_max": 0.589847,
        "nauc_ndcg_at_1_std": 0.077095,
        "nauc_ndcg_at_1_diff1": 0.318827,
        "nauc_ndcg_at_3_max": 0.504807,
        "nauc_ndcg_at_3_std": 0.162636,
        "nauc_ndcg_at_3_diff1": 0.28301,
        "nauc_ndcg_at_5_max": 0.450096,
        "nauc_ndcg_at_5_std": 0.111205,
        "nauc_ndcg_at_5_diff1": 0.245983,
        "nauc_ndcg_at_10_max": 0.520176,
        "nauc_ndcg_at_10_std": 0.18052,
        "nauc_ndcg_at_10_diff1": 0.23199,
        "nauc_ndcg_at_20_max": 0.462393,
        "nauc_ndcg_at_20_std": 0.166039,
        "nauc_ndcg_at_20_diff1": 0.225885,
        "nauc_ndcg_at_100_max": 0.484289,
        "nauc_ndcg_at_100_std": 0.126271,
        "nauc_ndcg_at_100_diff1": 0.24355,
        "nauc_ndcg_at_1000_max": 0.484289,
        "nauc_ndcg_at_1000_std": 0.126271,
        "nauc_ndcg_at_1000_diff1": 0.24355,
        "nauc_map_at_1_max": 0.528045,
        "nauc_map_at_1_std": 0.171621,
        "nauc_map_at_1_diff1": 0.184187,
        "nauc_map_at_3_max": 0.527401,
        "nauc_map_at_3_std": 0.221045,
        "nauc_map_at_3_diff1": 0.239597,
        "nauc_map_at_5_max": 0.469775,
        "nauc_map_at_5_std": 0.134588,
        "nauc_map_at_5_diff1": 0.25956,
        "nauc_map_at_10_max": 0.526719,
        "nauc_map_at_10_std": 0.188093,
        "nauc_map_at_10_diff1": 0.228951,
        "nauc_map_at_20_max": 0.487305,
        "nauc_map_at_20_std": 0.172655,
        "nauc_map_at_20_diff1": 0.226275,
        "nauc_map_at_100_max": 0.489942,
        "nauc_map_at_100_std": 0.163548,
        "nauc_map_at_100_diff1": 0.227407,
        "nauc_map_at_1000_max": 0.489942,
        "nauc_map_at_1000_std": 0.163548,
        "nauc_map_at_1000_diff1": 0.227407,
        "nauc_recall_at_1_max": 0.528045,
        "nauc_recall_at_1_std": 0.171621,
        "nauc_recall_at_1_diff1": 0.184187,
        "nauc_recall_at_3_max": 0.489956,
        "nauc_recall_at_3_std": 0.295043,
        "nauc_recall_at_3_diff1": 0.223499,
        "nauc_recall_at_5_max": 0.357311,
        "nauc_recall_at_5_std": 0.106811,
        "nauc_recall_at_5_diff1": 0.204864,
        "nauc_recall_at_10_max": 0.477092,
        "nauc_recall_at_10_std": 0.255243,
        "nauc_recall_at_10_diff1": 0.162879,
        "nauc_recall_at_20_max": 0.274161,
        "nauc_recall_at_20_std": 0.242846,
        "nauc_recall_at_20_diff1": 0.107816,
        "nauc_recall_at_100_max": NaN,
        "nauc_recall_at_100_std": NaN,
        "nauc_recall_at_100_diff1": NaN,
        "nauc_recall_at_1000_max": NaN,
        "nauc_recall_at_1000_std": NaN,
        "nauc_recall_at_1000_diff1": NaN,
        "nauc_precision_at_1_max": 0.589847,
        "nauc_precision_at_1_std": 0.077095,
        "nauc_precision_at_1_diff1": 0.318827,
        "nauc_precision_at_3_max": 0.473166,
        "nauc_precision_at_3_std": 0.193569,
        "nauc_precision_at_3_diff1": 0.291092,
        "nauc_precision_at_5_max": 0.326681,
        "nauc_precision_at_5_std": 0.007806,
        "nauc_precision_at_5_diff1": 0.271495,
        "nauc_precision_at_10_max": 0.36317,
        "nauc_precision_at_10_std": 0.100017,
        "nauc_precision_at_10_diff1": 0.211127,
        "nauc_precision_at_20_max": 0.180279,
        "nauc_precision_at_20_std": 0.02073,
        "nauc_precision_at_20_diff1": 0.186078,
        "nauc_precision_at_100_max": -0.126507,
        "nauc_precision_at_100_std": -0.353653,
        "nauc_precision_at_100_diff1": 0.178354,
        "nauc_precision_at_1000_max": -0.126507,
        "nauc_precision_at_1000_std": -0.353653,
        "nauc_precision_at_1000_diff1": 0.178354,
        "nauc_mrr_at_1_max": 0.589847,
        "nauc_mrr_at_1_std": 0.077095,
        "nauc_mrr_at_1_diff1": 0.318827,
        "nauc_mrr_at_3_max": 0.54257,
        "nauc_mrr_at_3_std": 0.098483,
        "nauc_mrr_at_3_diff1": 0.314067,
        "nauc_mrr_at_5_max": 0.513216,
        "nauc_mrr_at_5_std": 0.07339,
        "nauc_mrr_at_5_diff1": 0.268099,
        "nauc_mrr_at_10_max": 0.5262,
        "nauc_mrr_at_10_std": 0.088791,
        "nauc_mrr_at_10_diff1": 0.28431,
        "nauc_mrr_at_20_max": 0.528644,
        "nauc_mrr_at_20_std": 0.085972,
        "nauc_mrr_at_20_diff1": 0.282675,
        "nauc_mrr_at_100_max": 0.530618,
        "nauc_mrr_at_100_std": 0.085868,
        "nauc_mrr_at_100_diff1": 0.283956,
        "nauc_mrr_at_1000_max": 0.530618,
        "nauc_mrr_at_1000_std": 0.085868,
        "nauc_mrr_at_1000_diff1": 0.283956,
        "hit_rate_at_1": 0.5,
        "hit_rate_at_3": 0.78,
        "hit_rate_at_5": 0.9,
        "hit_rate_at_10": 0.96,
        "hit_rate_at_20": 0.98,
        "hit_rate_at_100": 1.0,
        "hit_rate_at_1000": 1.0,
        "main_score": 0.48774,
        "hf_subset": "default",
        "languages": [
          "eng-Latn"
        ]
      }
    ]
  },
  "evaluation_time": 7.342005968093872,
  "kg_co2_emissions": null,
  "date": 1774403239.163873
}