{
  "dataset_revision": "300cb175d1b608cfc3fdb94fd06b3ceb937f9b6a",
  "task_name": "LLMLegalBenchCorporateLobbying",
  "mteb_version": "2.11.6",
  "scores": {
    "test": [
      {
        "ndcg_at_1": 0.87647,
        "ndcg_at_3": 0.94026,
        "ndcg_at_5": 0.94267,
        "ndcg_at_10": 0.94476,
        "ndcg_at_20": 0.94476,
        "ndcg_at_100": 0.94538,
        "ndcg_at_1000": 0.94614,
        "map_at_1": 0.87647,
        "map_at_3": 0.92647,
        "map_at_5": 0.92779,
        "map_at_10": 0.92877,
        "map_at_20": 0.92877,
        "map_at_100": 0.92889,
        "map_at_1000": 0.92891,
        "recall_at_1": 0.87647,
        "recall_at_3": 0.97941,
        "recall_at_5": 0.98529,
        "recall_at_10": 0.99118,
        "recall_at_20": 0.99118,
        "recall_at_100": 0.99412,
        "recall_at_1000": 1.0,
        "accuracy": 0.87647,
        "precision_at_1": 0.87647,
        "precision_at_3": 0.32647,
        "precision_at_5": 0.19706,
        "precision_at_10": 0.09912,
        "precision_at_20": 0.04956,
        "precision_at_100": 0.00994,
        "precision_at_1000": 0.001,
        "mrr_at_1": 0.876471,
        "mrr_at_3": 0.926471,
        "mrr_at_5": 0.927794,
        "mrr_at_10": 0.928775,
        "mrr_at_20": 0.928775,
        "mrr_at_100": 0.928888,
        "mrr_at_1000": 0.928914,
        "nauc_ndcg_at_1_max": 0.520815,
        "nauc_ndcg_at_1_std": -0.186312,
        "nauc_ndcg_at_1_diff1": 0.912396,
        "nauc_ndcg_at_3_max": 0.544597,
        "nauc_ndcg_at_3_std": -0.205635,
        "nauc_ndcg_at_3_diff1": 0.896139,
        "nauc_ndcg_at_5_max": 0.539581,
        "nauc_ndcg_at_5_std": -0.1777,
        "nauc_ndcg_at_5_diff1": 0.900603,
        "nauc_ndcg_at_10_max": 0.53418,
        "nauc_ndcg_at_10_std": -0.167721,
        "nauc_ndcg_at_10_diff1": 0.899285,
        "nauc_ndcg_at_20_max": 0.53418,
        "nauc_ndcg_at_20_std": -0.167721,
        "nauc_ndcg_at_20_diff1": 0.899285,
        "nauc_ndcg_at_100_max": 0.528792,
        "nauc_ndcg_at_100_std": -0.181227,
        "nauc_ndcg_at_100_diff1": 0.89812,
        "nauc_ndcg_at_1000_max": 0.533662,
        "nauc_ndcg_at_1000_std": -0.177773,
        "nauc_ndcg_at_1000_diff1": 0.901428,
        "nauc_map_at_1_max": 0.520815,
        "nauc_map_at_1_std": -0.186312,
        "nauc_map_at_1_diff1": 0.912396,
        "nauc_map_at_3_max": 0.539179,
        "nauc_map_at_3_std": -0.194895,
        "nauc_map_at_3_diff1": 0.902584,
        "nauc_map_at_5_max": 0.537228,
        "nauc_map_at_5_std": -0.181463,
        "nauc_map_at_5_diff1": 0.904738,
        "nauc_map_at_10_max": 0.535233,
        "nauc_map_at_10_std": -0.177891,
        "nauc_map_at_10_diff1": 0.904318,
        "nauc_map_at_20_max": 0.535233,
        "nauc_map_at_20_std": -0.177891,
        "nauc_map_at_20_diff1": 0.904318,
        "nauc_map_at_100_max": 0.534477,
        "nauc_map_at_100_std": -0.179806,
        "nauc_map_at_100_diff1": 0.904162,
        "nauc_map_at_1000_max": 0.534661,
        "nauc_map_at_1000_std": -0.179624,
        "nauc_map_at_1000_diff1": 0.904274,
        "nauc_recall_at_1_max": 0.520815,
        "nauc_recall_at_1_std": -0.186312,
        "nauc_recall_at_1_diff1": 0.912396,
        "nauc_recall_at_3_max": 0.593237,
        "nauc_recall_at_3_std": -0.318261,
        "nauc_recall_at_3_diff1": 0.831266,
        "nauc_recall_at_5_max": 0.558917,
        "nauc_recall_at_5_std": -0.122129,
        "nauc_recall_at_5_diff1": 0.845472,
        "nauc_recall_at_10_max": 0.478836,
        "nauc_recall_at_10_std": 0.086679,
        "nauc_recall_at_10_diff1": 0.786026,
        "nauc_recall_at_20_max": 0.478836,
        "nauc_recall_at_20_std": 0.086679,
        "nauc_recall_at_20_diff1": 0.786026,
        "nauc_recall_at_100_max": 0.218254,
        "nauc_recall_at_100_std": -0.369981,
        "nauc_recall_at_100_diff1": 0.679038,
        "nauc_recall_at_1000_max": NaN,
        "nauc_recall_at_1000_std": NaN,
        "nauc_recall_at_1000_diff1": NaN,
        "nauc_precision_at_1_max": 0.520815,
        "nauc_precision_at_1_std": -0.186312,
        "nauc_precision_at_1_diff1": 0.912396,
        "nauc_precision_at_3_max": 0.593237,
        "nauc_precision_at_3_std": -0.318261,
        "nauc_precision_at_3_diff1": 0.831266,
        "nauc_precision_at_5_max": 0.558917,
        "nauc_precision_at_5_std": -0.122129,
        "nauc_precision_at_5_diff1": 0.845472,
        "nauc_precision_at_10_max": 0.478836,
        "nauc_precision_at_10_std": 0.086679,
        "nauc_precision_at_10_diff1": 0.786026,
        "nauc_precision_at_20_max": 0.478836,
        "nauc_precision_at_20_std": 0.086679,
        "nauc_precision_at_20_diff1": 0.786026,
        "nauc_precision_at_100_max": 0.218254,
        "nauc_precision_at_100_std": -0.369981,
        "nauc_precision_at_100_diff1": 0.679038,
        "nauc_precision_at_1000_max": 1.0,
        "nauc_precision_at_1000_std": 1.0,
        "nauc_precision_at_1000_diff1": 1.0,
        "nauc_mrr_at_1_max": 0.520815,
        "nauc_mrr_at_1_std": -0.186312,
        "nauc_mrr_at_1_diff1": 0.912396,
        "nauc_mrr_at_3_max": 0.539179,
        "nauc_mrr_at_3_std": -0.194895,
        "nauc_mrr_at_3_diff1": 0.902584,
        "nauc_mrr_at_5_max": 0.537228,
        "nauc_mrr_at_5_std": -0.181463,
        "nauc_mrr_at_5_diff1": 0.904738,
        "nauc_mrr_at_10_max": 0.535233,
        "nauc_mrr_at_10_std": -0.177891,
        "nauc_mrr_at_10_diff1": 0.904318,
        "nauc_mrr_at_20_max": 0.535233,
        "nauc_mrr_at_20_std": -0.177891,
        "nauc_mrr_at_20_diff1": 0.904318,
        "nauc_mrr_at_100_max": 0.534477,
        "nauc_mrr_at_100_std": -0.179806,
        "nauc_mrr_at_100_diff1": 0.904162,
        "nauc_mrr_at_1000_max": 0.534661,
        "nauc_mrr_at_1000_std": -0.179624,
        "nauc_mrr_at_1000_diff1": 0.904274,
        "hit_rate_at_1": 0.87647,
        "hit_rate_at_3": 0.97941,
        "hit_rate_at_5": 0.98529,
        "hit_rate_at_10": 0.99118,
        "hit_rate_at_20": 0.99118,
        "hit_rate_at_100": 0.99412,
        "hit_rate_at_1000": 1.0,
        "main_score": 0.94476,
        "hf_subset": "default",
        "languages": [
          "eng-Latn"
        ]
      }
    ]
  },
  "evaluation_time": 9.13392424583435,
  "kg_co2_emissions": null,
  "date": 1774403250.407654
}