{
  "dataset_revision": "d6628df131c3279007b88fe3e057e809dac056af",
  "task_name": "LLMSpartQA",
  "mteb_version": "2.11.6",
  "scores": {
    "test": [
      {
        "ndcg_at_1": 0.03,
        "ndcg_at_3": 0.09151,
        "ndcg_at_5": 0.12469,
        "ndcg_at_10": 0.15194,
        "ndcg_at_20": 0.16355,
        "ndcg_at_100": 0.19394,
        "ndcg_at_1000": 0.23754,
        "map_at_1": 0.02667,
        "map_at_3": 0.07111,
        "map_at_5": 0.08844,
        "map_at_10": 0.0999,
        "map_at_20": 0.1029,
        "map_at_100": 0.1063,
        "map_at_1000": 0.10789,
        "recall_at_1": 0.02667,
        "recall_at_3": 0.13333,
        "recall_at_5": 0.20667,
        "recall_at_10": 0.28167,
        "recall_at_20": 0.32167,
        "recall_at_100": 0.46833,
        "recall_at_1000": 0.77333,
        "accuracy": 0.02667,
        "precision_at_1": 0.03,
        "precision_at_3": 0.05667,
        "precision_at_5": 0.056,
        "precision_at_10": 0.0395,
        "precision_at_20": 0.02325,
        "precision_at_100": 0.00755,
        "precision_at_1000": 0.00129,
        "mrr_at_1": 0.03,
        "mrr_at_3": 0.088333,
        "mrr_at_5": 0.111333,
        "mrr_at_10": 0.123792,
        "mrr_at_20": 0.127744,
        "mrr_at_100": 0.131512,
        "mrr_at_1000": 0.132812,
        "nauc_ndcg_at_1_max": 0.117252,
        "nauc_ndcg_at_1_std": 0.774618,
        "nauc_ndcg_at_1_diff1": -0.376174,
        "nauc_ndcg_at_3_max": 0.198679,
        "nauc_ndcg_at_3_std": 0.673307,
        "nauc_ndcg_at_3_diff1": -0.17957,
        "nauc_ndcg_at_5_max": 0.293819,
        "nauc_ndcg_at_5_std": 0.665556,
        "nauc_ndcg_at_5_diff1": -0.119625,
        "nauc_ndcg_at_10_max": 0.391465,
        "nauc_ndcg_at_10_std": 0.655844,
        "nauc_ndcg_at_10_diff1": -0.170403,
        "nauc_ndcg_at_20_max": 0.40127,
        "nauc_ndcg_at_20_std": 0.626264,
        "nauc_ndcg_at_20_diff1": -0.120952,
        "nauc_ndcg_at_100_max": 0.335704,
        "nauc_ndcg_at_100_std": 0.661182,
        "nauc_ndcg_at_100_diff1": -0.098119,
        "nauc_ndcg_at_1000_max": 0.354282,
        "nauc_ndcg_at_1000_std": 0.646217,
        "nauc_ndcg_at_1000_diff1": -0.12777,
        "nauc_map_at_1_max": 0.091427,
        "nauc_map_at_1_std": 0.746445,
        "nauc_map_at_1_diff1": -0.360746,
        "nauc_map_at_3_max": 0.193121,
        "nauc_map_at_3_std": 0.683592,
        "nauc_map_at_3_diff1": -0.205417,
        "nauc_map_at_5_max": 0.259305,
        "nauc_map_at_5_std": 0.675342,
        "nauc_map_at_5_diff1": -0.161004,
        "nauc_map_at_10_max": 0.318384,
        "nauc_map_at_10_std": 0.674542,
        "nauc_map_at_10_diff1": -0.187674,
        "nauc_map_at_20_max": 0.322525,
        "nauc_map_at_20_std": 0.663824,
        "nauc_map_at_20_diff1": -0.172519,
        "nauc_map_at_100_max": 0.312212,
        "nauc_map_at_100_std": 0.667897,
        "nauc_map_at_100_diff1": -0.167819,
        "nauc_map_at_1000_max": 0.31373,
        "nauc_map_at_1000_std": 0.6682,
        "nauc_map_at_1000_diff1": -0.168598,
        "nauc_recall_at_1_max": 0.091427,
        "nauc_recall_at_1_std": 0.746445,
        "nauc_recall_at_1_diff1": -0.360746,
        "nauc_recall_at_3_max": 0.218259,
        "nauc_recall_at_3_std": 0.640167,
        "nauc_recall_at_3_diff1": -0.118827,
        "nauc_recall_at_5_max": 0.34662,
        "nauc_recall_at_5_std": 0.623759,
        "nauc_recall_at_5_diff1": -0.040333,
        "nauc_recall_at_10_max": 0.488827,
        "nauc_recall_at_10_std": 0.588639,
        "nauc_recall_at_10_diff1": -0.128385,
        "nauc_recall_at_20_max": 0.509226,
        "nauc_recall_at_20_std": 0.524663,
        "nauc_recall_at_20_diff1": -0.030004,
        "nauc_recall_at_100_max": 0.301342,
        "nauc_recall_at_100_std": 0.588711,
        "nauc_recall_at_100_diff1": 0.012465,
        "nauc_recall_at_1000_max": 0.257192,
        "nauc_recall_at_1000_std": 0.272593,
        "nauc_recall_at_1000_diff1": -0.098024,
        "nauc_precision_at_1_max": 0.117252,
        "nauc_precision_at_1_std": 0.774618,
        "nauc_precision_at_1_diff1": -0.376174,
        "nauc_precision_at_3_max": 0.190414,
        "nauc_precision_at_3_std": 0.66325,
        "nauc_precision_at_3_diff1": -0.146858,
        "nauc_precision_at_5_max": 0.336823,
        "nauc_precision_at_5_std": 0.666347,
        "nauc_precision_at_5_diff1": -0.08005,
        "nauc_precision_at_10_max": 0.485886,
        "nauc_precision_at_10_std": 0.625153,
        "nauc_precision_at_10_diff1": -0.178979,
        "nauc_precision_at_20_max": 0.465433,
        "nauc_precision_at_20_std": 0.53939,
        "nauc_precision_at_20_diff1": -0.048038,
        "nauc_precision_at_100_max": 0.1411,
        "nauc_precision_at_100_std": 0.490374,
        "nauc_precision_at_100_diff1": 0.106713,
        "nauc_precision_at_1000_max": 0.023935,
        "nauc_precision_at_1000_std": 0.005131,
        "nauc_precision_at_1000_diff1": 0.105157,
        "nauc_mrr_at_1_max": 0.117252,
        "nauc_mrr_at_1_std": 0.774618,
        "nauc_mrr_at_1_diff1": -0.376174,
        "nauc_mrr_at_3_max": 0.174934,
        "nauc_mrr_at_3_std": 0.688928,
        "nauc_mrr_at_3_diff1": -0.227154,
        "nauc_mrr_at_5_max": 0.25042,
        "nauc_mrr_at_5_std": 0.691371,
        "nauc_mrr_at_5_diff1": -0.180407,
        "nauc_mrr_at_10_max": 0.301844,
        "nauc_mrr_at_10_std": 0.680763,
        "nauc_mrr_at_10_diff1": -0.207062,
        "nauc_mrr_at_20_max": 0.304569,
        "nauc_mrr_at_20_std": 0.668681,
        "nauc_mrr_at_20_diff1": -0.182278,
        "nauc_mrr_at_100_max": 0.296375,
        "nauc_mrr_at_100_std": 0.671035,
        "nauc_mrr_at_100_diff1": -0.180724,
        "nauc_mrr_at_1000_max": 0.296956,
        "nauc_mrr_at_1000_std": 0.67101,
        "nauc_mrr_at_1000_diff1": -0.182455,
        "hit_rate_at_1": 0.03,
        "hit_rate_at_3": 0.17,
        "hit_rate_at_5": 0.27,
        "hit_rate_at_10": 0.36,
        "hit_rate_at_20": 0.42,
        "hit_rate_at_100": 0.61,
        "hit_rate_at_1000": 0.935,
        "main_score": 0.15194,
        "hf_subset": "default",
        "languages": [
          "eng-Latn"
        ]
      }
    ]
  },
  "evaluation_time": 12.867198944091797,
  "kg_co2_emissions": null,
  "date": 1774403265.333266
}