{
  "dataset_revision": "1c61e95df3d70835785db4d70f17d3a16a7bd4ce",
  "task_name": "LLMTempReasonL1",
  "mteb_version": "2.11.6",
  "scores": {
    "test": [
      {
        "ndcg_at_1": 0.0,
        "ndcg_at_3": 0.00631,
        "ndcg_at_5": 0.01448,
        "ndcg_at_10": 0.01782,
        "ndcg_at_20": 0.02534,
        "ndcg_at_100": 0.07677,
        "ndcg_at_1000": 0.1362,
        "map_at_1": 0.0,
        "map_at_3": 0.005,
        "map_at_5": 0.0095,
        "map_at_10": 0.01093,
        "map_at_20": 0.01295,
        "map_at_100": 0.01917,
        "map_at_1000": 0.02097,
        "recall_at_1": 0.0,
        "recall_at_3": 0.01,
        "recall_at_5": 0.03,
        "recall_at_10": 0.04,
        "recall_at_20": 0.07,
        "recall_at_100": 0.36,
        "recall_at_1000": 0.85,
        "accuracy": 0.0,
        "precision_at_1": 0.0,
        "precision_at_3": 0.00333,
        "precision_at_5": 0.006,
        "precision_at_10": 0.004,
        "precision_at_20": 0.0035,
        "precision_at_100": 0.0036,
        "precision_at_1000": 0.00085,
        "mrr_at_1": 0.0,
        "mrr_at_3": 0.005,
        "mrr_at_5": 0.0095,
        "mrr_at_10": 0.010929,
        "mrr_at_20": 0.012953,
        "mrr_at_100": 0.019172,
        "mrr_at_1000": 0.020971,
        "nauc_ndcg_at_1_max": NaN,
        "nauc_ndcg_at_1_std": NaN,
        "nauc_ndcg_at_1_diff1": NaN,
        "nauc_ndcg_at_3_max": -0.318487,
        "nauc_ndcg_at_3_std": -0.205796,
        "nauc_ndcg_at_3_diff1": -0.070566,
        "nauc_ndcg_at_5_max": 0.039238,
        "nauc_ndcg_at_5_std": 0.283958,
        "nauc_ndcg_at_5_diff1": 0.181536,
        "nauc_ndcg_at_10_max": 0.092483,
        "nauc_ndcg_at_10_std": 0.291422,
        "nauc_ndcg_at_10_diff1": 0.069922,
        "nauc_ndcg_at_20_max": 0.035262,
        "nauc_ndcg_at_20_std": 0.147141,
        "nauc_ndcg_at_20_diff1": 0.078114,
        "nauc_ndcg_at_100_max": 0.058757,
        "nauc_ndcg_at_100_std": 0.231522,
        "nauc_ndcg_at_100_diff1": 0.074122,
        "nauc_ndcg_at_1000_max": 0.168252,
        "nauc_ndcg_at_1000_std": 0.358541,
        "nauc_ndcg_at_1000_diff1": -0.01566,
        "nauc_map_at_1_max": NaN,
        "nauc_map_at_1_std": NaN,
        "nauc_map_at_1_diff1": NaN,
        "nauc_map_at_3_max": -0.318487,
        "nauc_map_at_3_std": -0.205796,
        "nauc_map_at_3_diff1": -0.070566,
        "nauc_map_at_5_max": -0.008289,
        "nauc_map_at_5_std": 0.205231,
        "nauc_map_at_5_diff1": 0.158968,
        "nauc_map_at_10_max": 0.035128,
        "nauc_map_at_10_std": 0.220737,
        "nauc_map_at_10_diff1": 0.083929,
        "nauc_map_at_20_max": 0.014244,
        "nauc_map_at_20_std": 0.156995,
        "nauc_map_at_20_diff1": 0.093508,
        "nauc_map_at_100_max": 0.008129,
        "nauc_map_at_100_std": 0.163008,
        "nauc_map_at_100_diff1": 0.100446,
        "nauc_map_at_1000_max": 0.014498,
        "nauc_map_at_1000_std": 0.168148,
        "nauc_map_at_1000_diff1": 0.087922,
        "nauc_recall_at_1_max": NaN,
        "nauc_recall_at_1_std": NaN,
        "nauc_recall_at_1_diff1": NaN,
        "nauc_recall_at_3_max": -0.318487,
        "nauc_recall_at_3_std": -0.205796,
        "nauc_recall_at_3_diff1": -0.070566,
        "nauc_recall_at_5_max": 0.090958,
        "nauc_recall_at_5_std": 0.372686,
        "nauc_recall_at_5_diff1": 0.203649,
        "nauc_recall_at_10_max": 0.149182,
        "nauc_recall_at_10_std": 0.360478,
        "nauc_recall_at_10_diff1": 0.048967,
        "nauc_recall_at_20_max": 0.04201,
        "nauc_recall_at_20_std": 0.121009,
        "nauc_recall_at_20_diff1": 0.059335,
        "nauc_recall_at_100_max": 0.095562,
        "nauc_recall_at_100_std": 0.285296,
        "nauc_recall_at_100_diff1": 0.051278,
        "nauc_recall_at_1000_max": 0.565343,
        "nauc_recall_at_1000_std": 0.869378,
        "nauc_recall_at_1000_diff1": -0.221803,
        "nauc_precision_at_1_max": NaN,
        "nauc_precision_at_1_std": NaN,
        "nauc_precision_at_1_diff1": NaN,
        "nauc_precision_at_3_max": -0.318487,
        "nauc_precision_at_3_std": -0.205796,
        "nauc_precision_at_3_diff1": -0.070566,
        "nauc_precision_at_5_max": 0.090958,
        "nauc_precision_at_5_std": 0.372686,
        "nauc_precision_at_5_diff1": 0.203649,
        "nauc_precision_at_10_max": 0.149182,
        "nauc_precision_at_10_std": 0.360478,
        "nauc_precision_at_10_diff1": 0.048967,
        "nauc_precision_at_20_max": 0.04201,
        "nauc_precision_at_20_std": 0.121009,
        "nauc_precision_at_20_diff1": 0.059335,
        "nauc_precision_at_100_max": 0.095562,
        "nauc_precision_at_100_std": 0.285296,
        "nauc_precision_at_100_diff1": 0.051278,
        "nauc_precision_at_1000_max": 0.565343,
        "nauc_precision_at_1000_std": 0.869378,
        "nauc_precision_at_1000_diff1": -0.221803,
        "nauc_mrr_at_1_max": NaN,
        "nauc_mrr_at_1_std": NaN,
        "nauc_mrr_at_1_diff1": NaN,
        "nauc_mrr_at_3_max": -0.318487,
        "nauc_mrr_at_3_std": -0.205796,
        "nauc_mrr_at_3_diff1": -0.070566,
        "nauc_mrr_at_5_max": -0.008289,
        "nauc_mrr_at_5_std": 0.205231,
        "nauc_mrr_at_5_diff1": 0.158968,
        "nauc_mrr_at_10_max": 0.035128,
        "nauc_mrr_at_10_std": 0.220737,
        "nauc_mrr_at_10_diff1": 0.083929,
        "nauc_mrr_at_20_max": 0.014244,
        "nauc_mrr_at_20_std": 0.156995,
        "nauc_mrr_at_20_diff1": 0.093508,
        "nauc_mrr_at_100_max": 0.008129,
        "nauc_mrr_at_100_std": 0.163008,
        "nauc_mrr_at_100_diff1": 0.100446,
        "nauc_mrr_at_1000_max": 0.014498,
        "nauc_mrr_at_1000_std": 0.168148,
        "nauc_mrr_at_1000_diff1": 0.087922,
        "hit_rate_at_1": 0.0,
        "hit_rate_at_3": 0.01,
        "hit_rate_at_5": 0.03,
        "hit_rate_at_10": 0.04,
        "hit_rate_at_20": 0.07,
        "hit_rate_at_100": 0.36,
        "hit_rate_at_1000": 0.85,
        "main_score": 0.01782,
        "hf_subset": "default",
        "languages": [
          "eng-Latn"
        ]
      }
    ]
  },
  "evaluation_time": 75.9610800743103,
  "kg_co2_emissions": null,
  "date": 1774403229.776072
}