{
  "dataset_revision": "31f9b918c30ef94e15a168cb95ca4ebf291396eb",
  "task_name": "LLMTwitterHjerneRetrieval",
  "mteb_version": "2.11.6",
  "scores": {
    "train": [
      {
        "ndcg_at_1": 0.94805,
        "ndcg_at_3": 0.84688,
        "ndcg_at_5": 0.85204,
        "ndcg_at_10": 0.87184,
        "ndcg_at_20": 0.89061,
        "ndcg_at_100": 0.90436,
        "ndcg_at_1000": 0.90743,
        "map_at_1": 0.31494,
        "map_at_3": 0.66825,
        "map_at_5": 0.7831,
        "map_at_10": 0.80732,
        "map_at_20": 0.81869,
        "map_at_100": 0.82289,
        "map_at_1000": 0.82317,
        "recall_at_1": 0.31494,
        "recall_at_3": 0.68701,
        "recall_at_5": 0.829,
        "recall_at_10": 0.88095,
        "recall_at_20": 0.9316,
        "recall_at_100": 0.98268,
        "recall_at_1000": 1.0,
        "accuracy": 0.31494,
        "precision_at_1": 0.94805,
        "precision_at_3": 0.74026,
        "precision_at_5": 0.56104,
        "precision_at_10": 0.3,
        "precision_at_20": 0.15909,
        "precision_at_100": 0.03364,
        "precision_at_1000": 0.0034,
        "mrr_at_1": 0.948052,
        "mrr_at_3": 0.963203,
        "mrr_at_5": 0.96645,
        "mrr_at_10": 0.96645,
        "mrr_at_20": 0.96645,
        "mrr_at_100": 0.96645,
        "mrr_at_1000": 0.96645,
        "nauc_ndcg_at_1_max": 0.897829,
        "nauc_ndcg_at_1_std": 0.819362,
        "nauc_ndcg_at_1_diff1": 0.387593,
        "nauc_ndcg_at_3_max": 0.553368,
        "nauc_ndcg_at_3_std": 0.335143,
        "nauc_ndcg_at_3_diff1": -0.083772,
        "nauc_ndcg_at_5_max": 0.456046,
        "nauc_ndcg_at_5_std": 0.172305,
        "nauc_ndcg_at_5_diff1": -0.093523,
        "nauc_ndcg_at_10_max": 0.477693,
        "nauc_ndcg_at_10_std": 0.209695,
        "nauc_ndcg_at_10_diff1": -0.075236,
        "nauc_ndcg_at_20_max": 0.527523,
        "nauc_ndcg_at_20_std": 0.258049,
        "nauc_ndcg_at_20_diff1": -0.053051,
        "nauc_ndcg_at_100_max": 0.537984,
        "nauc_ndcg_at_100_std": 0.316748,
        "nauc_ndcg_at_100_diff1": -0.080165,
        "nauc_ndcg_at_1000_max": 0.545884,
        "nauc_ndcg_at_1000_std": 0.29939,
        "nauc_ndcg_at_1000_diff1": -0.051036,
        "nauc_map_at_1_max": -0.124295,
        "nauc_map_at_1_std": -0.252035,
        "nauc_map_at_1_diff1": 0.17898,
        "nauc_map_at_3_max": 0.245658,
        "nauc_map_at_3_std": -0.011312,
        "nauc_map_at_3_diff1": -0.004189,
        "nauc_map_at_5_max": 0.414357,
        "nauc_map_at_5_std": 0.124466,
        "nauc_map_at_5_diff1": -0.088504,
        "nauc_map_at_10_max": 0.460167,
        "nauc_map_at_10_std": 0.185412,
        "nauc_map_at_10_diff1": -0.082056,
        "nauc_map_at_20_max": 0.482501,
        "nauc_map_at_20_std": 0.207512,
        "nauc_map_at_20_diff1": -0.078393,
        "nauc_map_at_100_max": 0.483204,
        "nauc_map_at_100_std": 0.218368,
        "nauc_map_at_100_diff1": -0.084032,
        "nauc_map_at_1000_max": 0.483969,
        "nauc_map_at_1000_std": 0.217495,
        "nauc_map_at_1000_diff1": -0.082406,
        "nauc_recall_at_1_max": -0.124295,
        "nauc_recall_at_1_std": -0.252035,
        "nauc_recall_at_1_diff1": 0.17898,
        "nauc_recall_at_3_max": 0.191376,
        "nauc_recall_at_3_std": -0.058452,
        "nauc_recall_at_3_diff1": -0.056523,
        "nauc_recall_at_5_max": 0.306489,
        "nauc_recall_at_5_std": 0.004175,
        "nauc_recall_at_5_diff1": -0.162714,
        "nauc_recall_at_10_max": 0.337695,
        "nauc_recall_at_10_std": 0.086937,
        "nauc_recall_at_10_diff1": -0.181746,
        "nauc_recall_at_20_max": 0.434499,
        "nauc_recall_at_20_std": 0.156462,
        "nauc_recall_at_20_diff1": -0.126152,
        "nauc_recall_at_100_max": 0.409676,
        "nauc_recall_at_100_std": 0.78141,
        "nauc_recall_at_100_diff1": -0.790197,
        "nauc_recall_at_1000_max": NaN,
        "nauc_recall_at_1000_std": NaN,
        "nauc_recall_at_1000_diff1": NaN,
        "nauc_precision_at_1_max": 0.897829,
        "nauc_precision_at_1_std": 0.819362,
        "nauc_precision_at_1_diff1": 0.387593,
        "nauc_precision_at_3_max": 0.537604,
        "nauc_precision_at_3_std": 0.442883,
        "nauc_precision_at_3_diff1": -0.23569,
        "nauc_precision_at_5_max": 0.398968,
        "nauc_precision_at_5_std": 0.379828,
        "nauc_precision_at_5_diff1": -0.200925,
        "nauc_precision_at_10_max": 0.368042,
        "nauc_precision_at_10_std": 0.410779,
        "nauc_precision_at_10_diff1": -0.179561,
        "nauc_precision_at_20_max": 0.353825,
        "nauc_precision_at_20_std": 0.437886,
        "nauc_precision_at_20_diff1": -0.163865,
        "nauc_precision_at_100_max": 0.291653,
        "nauc_precision_at_100_std": 0.460635,
        "nauc_precision_at_100_diff1": -0.176939,
        "nauc_precision_at_1000_max": 0.292853,
        "nauc_precision_at_1000_std": 0.448976,
        "nauc_precision_at_1000_diff1": -0.150004,
        "nauc_mrr_at_1_max": 0.897829,
        "nauc_mrr_at_1_std": 0.819362,
        "nauc_mrr_at_1_diff1": 0.387593,
        "nauc_mrr_at_3_max": 0.904711,
        "nauc_mrr_at_3_std": 0.856174,
        "nauc_mrr_at_3_diff1": 0.337805,
        "nauc_mrr_at_5_max": 0.908195,
        "nauc_mrr_at_5_std": 0.842255,
        "nauc_mrr_at_5_diff1": 0.386617,
        "nauc_mrr_at_10_max": 0.908195,
        "nauc_mrr_at_10_std": 0.842255,
        "nauc_mrr_at_10_diff1": 0.386617,
        "nauc_mrr_at_20_max": 0.908195,
        "nauc_mrr_at_20_std": 0.842255,
        "nauc_mrr_at_20_diff1": 0.386617,
        "nauc_mrr_at_100_max": 0.908195,
        "nauc_mrr_at_100_std": 0.842255,
        "nauc_mrr_at_100_diff1": 0.386617,
        "nauc_mrr_at_1000_max": 0.908195,
        "nauc_mrr_at_1000_std": 0.842255,
        "nauc_mrr_at_1000_diff1": 0.386617,
        "hit_rate_at_1": 0.94805,
        "hit_rate_at_3": 0.98701,
        "hit_rate_at_5": 1.0,
        "hit_rate_at_10": 1.0,
        "hit_rate_at_20": 1.0,
        "hit_rate_at_100": 1.0,
        "hit_rate_at_1000": 1.0,
        "main_score": 0.87184,
        "hf_subset": "default",
        "languages": [
          "dan-Latn"
        ]
      }
    ]
  },
  "evaluation_time": 2.95674204826355,
  "kg_co2_emissions": null,
  "date": 1774403270.342738
}