{
  "dataset_revision": "bc2a1e4c24771a6f3432578016cfb737732398fd",
  "task_name": "LLMWinoGrande",
  "mteb_version": "2.11.6",
  "scores": {
    "test": [
      {
        "ndcg_at_1": 0.505,
        "ndcg_at_3": 0.70351,
        "ndcg_at_5": 0.73212,
        "ndcg_at_10": 0.74788,
        "ndcg_at_20": 0.75304,
        "ndcg_at_100": 0.75801,
        "ndcg_at_1000": 0.75867,
        "map_at_1": 0.505,
        "map_at_3": 0.65917,
        "map_at_5": 0.67492,
        "map_at_10": 0.68118,
        "map_at_20": 0.68265,
        "map_at_100": 0.68347,
        "map_at_1000": 0.68349,
        "recall_at_1": 0.505,
        "recall_at_3": 0.83,
        "recall_at_5": 0.9,
        "recall_at_10": 0.95,
        "recall_at_20": 0.97,
        "recall_at_100": 0.995,
        "recall_at_1000": 1.0,
        "accuracy": 0.505,
        "precision_at_1": 0.505,
        "precision_at_3": 0.27667,
        "precision_at_5": 0.18,
        "precision_at_10": 0.095,
        "precision_at_20": 0.0485,
        "precision_at_100": 0.00995,
        "precision_at_1000": 0.001,
        "mrr_at_1": 0.505,
        "mrr_at_3": 0.659167,
        "mrr_at_5": 0.674917,
        "mrr_at_10": 0.681185,
        "mrr_at_20": 0.682645,
        "mrr_at_100": 0.683466,
        "mrr_at_1000": 0.683491,
        "nauc_ndcg_at_1_max": -0.041136,
        "nauc_ndcg_at_1_std": -0.195108,
        "nauc_ndcg_at_1_diff1": 0.259005,
        "nauc_ndcg_at_3_max": -0.15505,
        "nauc_ndcg_at_3_std": -0.326047,
        "nauc_ndcg_at_3_diff1": 0.19775,
        "nauc_ndcg_at_5_max": -0.144215,
        "nauc_ndcg_at_5_std": -0.3417,
        "nauc_ndcg_at_5_diff1": 0.195528,
        "nauc_ndcg_at_10_max": -0.140413,
        "nauc_ndcg_at_10_std": -0.345068,
        "nauc_ndcg_at_10_diff1": 0.218391,
        "nauc_ndcg_at_20_max": -0.128363,
        "nauc_ndcg_at_20_std": -0.31137,
        "nauc_ndcg_at_20_diff1": 0.208343,
        "nauc_ndcg_at_100_max": -0.122275,
        "nauc_ndcg_at_100_std": -0.303115,
        "nauc_ndcg_at_100_diff1": 0.206678,
        "nauc_ndcg_at_1000_max": -0.118602,
        "nauc_ndcg_at_1000_std": -0.303585,
        "nauc_ndcg_at_1000_diff1": 0.213624,
        "nauc_map_at_1_max": -0.041136,
        "nauc_map_at_1_std": -0.195108,
        "nauc_map_at_1_diff1": 0.259005,
        "nauc_map_at_3_max": -0.119765,
        "nauc_map_at_3_std": -0.292272,
        "nauc_map_at_3_diff1": 0.214341,
        "nauc_map_at_5_max": -0.113163,
        "nauc_map_at_5_std": -0.298005,
        "nauc_map_at_5_diff1": 0.214134,
        "nauc_map_at_10_max": -0.111377,
        "nauc_map_at_10_std": -0.298871,
        "nauc_map_at_10_diff1": 0.222023,
        "nauc_map_at_20_max": -0.108988,
        "nauc_map_at_20_std": -0.291123,
        "nauc_map_at_20_diff1": 0.219926,
        "nauc_map_at_100_max": -0.107843,
        "nauc_map_at_100_std": -0.290184,
        "nauc_map_at_100_diff1": 0.219933,
        "nauc_map_at_1000_max": -0.107731,
        "nauc_map_at_1000_std": -0.290196,
        "nauc_map_at_1000_diff1": 0.220143,
        "nauc_recall_at_1_max": -0.041136,
        "nauc_recall_at_1_std": -0.195108,
        "nauc_recall_at_1_diff1": 0.259005,
        "nauc_recall_at_3_max": -0.319673,
        "nauc_recall_at_3_std": -0.478899,
        "nauc_recall_at_3_diff1": 0.122003,
        "nauc_recall_at_5_max": -0.359757,
        "nauc_recall_at_5_std": -0.649697,
        "nauc_recall_at_5_diff1": 0.065336,
        "nauc_recall_at_10_max": -0.522316,
        "nauc_recall_at_10_std": -0.975257,
        "nauc_recall_at_10_diff1": 0.215173,
        "nauc_recall_at_20_max": -0.452381,
        "nauc_recall_at_20_std": -0.563492,
        "nauc_recall_at_20_diff1": -0.041239,
        "nauc_recall_at_100_max": -1.151727,
        "nauc_recall_at_100_std": -0.171335,
        "nauc_recall_at_100_diff1": -1.739963,
        "nauc_recall_at_1000_max": NaN,
        "nauc_recall_at_1000_std": NaN,
        "nauc_recall_at_1000_diff1": NaN,
        "nauc_precision_at_1_max": -0.041136,
        "nauc_precision_at_1_std": -0.195108,
        "nauc_precision_at_1_diff1": 0.259005,
        "nauc_precision_at_3_max": -0.319673,
        "nauc_precision_at_3_std": -0.478899,
        "nauc_precision_at_3_diff1": 0.122003,
        "nauc_precision_at_5_max": -0.359757,
        "nauc_precision_at_5_std": -0.649697,
        "nauc_precision_at_5_diff1": 0.065336,
        "nauc_precision_at_10_max": -0.522316,
        "nauc_precision_at_10_std": -0.975257,
        "nauc_precision_at_10_diff1": 0.215173,
        "nauc_precision_at_20_max": -0.452381,
        "nauc_precision_at_20_std": -0.563492,
        "nauc_precision_at_20_diff1": -0.041239,
        "nauc_precision_at_100_max": -1.151727,
        "nauc_precision_at_100_std": -0.171335,
        "nauc_precision_at_100_diff1": -1.739963,
        "nauc_precision_at_1000_max": 1.0,
        "nauc_precision_at_1000_std": 1.0,
        "nauc_precision_at_1000_diff1": 1.0,
        "nauc_mrr_at_1_max": -0.041136,
        "nauc_mrr_at_1_std": -0.195108,
        "nauc_mrr_at_1_diff1": 0.259005,
        "nauc_mrr_at_3_max": -0.119765,
        "nauc_mrr_at_3_std": -0.292272,
        "nauc_mrr_at_3_diff1": 0.214341,
        "nauc_mrr_at_5_max": -0.113163,
        "nauc_mrr_at_5_std": -0.298005,
        "nauc_mrr_at_5_diff1": 0.214134,
        "nauc_mrr_at_10_max": -0.111377,
        "nauc_mrr_at_10_std": -0.298871,
        "nauc_mrr_at_10_diff1": 0.222023,
        "nauc_mrr_at_20_max": -0.108988,
        "nauc_mrr_at_20_std": -0.291123,
        "nauc_mrr_at_20_diff1": 0.219926,
        "nauc_mrr_at_100_max": -0.107843,
        "nauc_mrr_at_100_std": -0.290184,
        "nauc_mrr_at_100_diff1": 0.219933,
        "nauc_mrr_at_1000_max": -0.107731,
        "nauc_mrr_at_1000_std": -0.290196,
        "nauc_mrr_at_1000_diff1": 0.220143,
        "hit_rate_at_1": 0.505,
        "hit_rate_at_3": 0.83,
        "hit_rate_at_5": 0.9,
        "hit_rate_at_10": 0.95,
        "hit_rate_at_20": 0.97,
        "hit_rate_at_100": 0.995,
        "hit_rate_at_1000": 1.0,
        "main_score": 0.74788,
        "hf_subset": "default",
        "languages": [
          "eng-Latn"
        ]
      }
    ]
  },
  "evaluation_time": 35.35574746131897,
  "kg_co2_emissions": null,
  "date": 1774403307.6718
}