{
  "dataset_revision": "a2acf12d293ea934823ca26752a05c5bfab24dff",
  "task_name": "LLMAILAStatutes",
  "mteb_version": "2.11.6",
  "scores": {
    "test": [
      {
        "ndcg_at_1": 0.3,
        "ndcg_at_3": 0.26574,
        "ndcg_at_5": 0.26211,
        "ndcg_at_10": 0.3167,
        "ndcg_at_20": 0.38632,
        "ndcg_at_100": 0.52416,
        "ndcg_at_1000": 0.52416,
        "map_at_1": 0.077,
        "map_at_3": 0.13517,
        "map_at_5": 0.16537,
        "map_at_10": 0.19609,
        "map_at_20": 0.22462,
        "map_at_100": 0.26478,
        "map_at_1000": 0.26478,
        "recall_at_1": 0.077,
        "recall_at_3": 0.187,
        "recall_at_5": 0.26333,
        "recall_at_10": 0.36633,
        "recall_at_20": 0.53533,
        "recall_at_100": 1.0,
        "recall_at_1000": 1.0,
        "accuracy": 0.077,
        "precision_at_1": 0.3,
        "precision_at_3": 0.25333,
        "precision_at_5": 0.216,
        "precision_at_10": 0.156,
        "precision_at_20": 0.117,
        "precision_at_100": 0.0434,
        "precision_at_1000": 0.00434,
        "mrr_at_1": 0.3,
        "mrr_at_3": 0.416667,
        "mrr_at_5": 0.452667,
        "mrr_at_10": 0.463579,
        "mrr_at_20": 0.469931,
        "mrr_at_100": 0.472284,
        "mrr_at_1000": 0.472284,
        "nauc_ndcg_at_1_max": 0.133171,
        "nauc_ndcg_at_1_std": 0.042859,
        "nauc_ndcg_at_1_diff1": 0.167059,
        "nauc_ndcg_at_3_max": 0.240219,
        "nauc_ndcg_at_3_std": 0.138893,
        "nauc_ndcg_at_3_diff1": 0.158068,
        "nauc_ndcg_at_5_max": 0.267993,
        "nauc_ndcg_at_5_std": 0.292595,
        "nauc_ndcg_at_5_diff1": 0.195068,
        "nauc_ndcg_at_10_max": 0.253796,
        "nauc_ndcg_at_10_std": 0.240489,
        "nauc_ndcg_at_10_diff1": 0.176751,
        "nauc_ndcg_at_20_max": 0.251872,
        "nauc_ndcg_at_20_std": 0.262728,
        "nauc_ndcg_at_20_diff1": 0.207411,
        "nauc_ndcg_at_100_max": 0.210264,
        "nauc_ndcg_at_100_std": 0.195225,
        "nauc_ndcg_at_100_diff1": 0.197826,
        "nauc_ndcg_at_1000_max": 0.210264,
        "nauc_ndcg_at_1000_std": 0.195225,
        "nauc_ndcg_at_1000_diff1": 0.197826,
        "nauc_map_at_1_max": 0.145768,
        "nauc_map_at_1_std": 0.022556,
        "nauc_map_at_1_diff1": 0.191301,
        "nauc_map_at_3_max": 0.306566,
        "nauc_map_at_3_std": 0.137437,
        "nauc_map_at_3_diff1": 0.146263,
        "nauc_map_at_5_max": 0.286516,
        "nauc_map_at_5_std": 0.255467,
        "nauc_map_at_5_diff1": 0.167254,
        "nauc_map_at_10_max": 0.283252,
        "nauc_map_at_10_std": 0.226764,
        "nauc_map_at_10_diff1": 0.152865,
        "nauc_map_at_20_max": 0.287333,
        "nauc_map_at_20_std": 0.244314,
        "nauc_map_at_20_diff1": 0.16422,
        "nauc_map_at_100_max": 0.262269,
        "nauc_map_at_100_std": 0.218734,
        "nauc_map_at_100_diff1": 0.15736,
        "nauc_map_at_1000_max": 0.262269,
        "nauc_map_at_1000_std": 0.218734,
        "nauc_map_at_1000_diff1": 0.15736,
        "nauc_recall_at_1_max": 0.145768,
        "nauc_recall_at_1_std": 0.022556,
        "nauc_recall_at_1_diff1": 0.191301,
        "nauc_recall_at_3_max": 0.269835,
        "nauc_recall_at_3_std": 0.200252,
        "nauc_recall_at_3_diff1": 0.109452,
        "nauc_recall_at_5_max": 0.283073,
        "nauc_recall_at_5_std": 0.407437,
        "nauc_recall_at_5_diff1": 0.151206,
        "nauc_recall_at_10_max": 0.245091,
        "nauc_recall_at_10_std": 0.276518,
        "nauc_recall_at_10_diff1": 0.117571,
        "nauc_recall_at_20_max": 0.241471,
        "nauc_recall_at_20_std": 0.345492,
        "nauc_recall_at_20_diff1": 0.174302,
        "nauc_recall_at_100_max": NaN,
        "nauc_recall_at_100_std": NaN,
        "nauc_recall_at_100_diff1": NaN,
        "nauc_recall_at_1000_max": NaN,
        "nauc_recall_at_1000_std": NaN,
        "nauc_recall_at_1000_diff1": NaN,
        "nauc_precision_at_1_max": 0.133171,
        "nauc_precision_at_1_std": 0.042859,
        "nauc_precision_at_1_diff1": 0.167059,
        "nauc_precision_at_3_max": 0.241826,
        "nauc_precision_at_3_std": 0.189634,
        "nauc_precision_at_3_diff1": 0.111321,
        "nauc_precision_at_5_max": 0.260017,
        "nauc_precision_at_5_std": 0.389673,
        "nauc_precision_at_5_diff1": 0.163096,
        "nauc_precision_at_10_max": 0.202627,
        "nauc_precision_at_10_std": 0.19244,
        "nauc_precision_at_10_diff1": 0.116416,
        "nauc_precision_at_20_max": 0.186819,
        "nauc_precision_at_20_std": 0.201391,
        "nauc_precision_at_20_diff1": 0.160099,
        "nauc_precision_at_100_max": -0.123104,
        "nauc_precision_at_100_std": -0.271473,
        "nauc_precision_at_100_diff1": 0.060171,
        "nauc_precision_at_1000_max": -0.123104,
        "nauc_precision_at_1000_std": -0.271473,
        "nauc_precision_at_1000_diff1": 0.060171,
        "nauc_mrr_at_1_max": 0.133171,
        "nauc_mrr_at_1_std": 0.042859,
        "nauc_mrr_at_1_diff1": 0.167059,
        "nauc_mrr_at_3_max": 0.090869,
        "nauc_mrr_at_3_std": 0.09475,
        "nauc_mrr_at_3_diff1": 0.205727,
        "nauc_mrr_at_5_max": 0.131878,
        "nauc_mrr_at_5_std": 0.141204,
        "nauc_mrr_at_5_diff1": 0.2309,
        "nauc_mrr_at_10_max": 0.124708,
        "nauc_mrr_at_10_std": 0.123407,
        "nauc_mrr_at_10_diff1": 0.232226,
        "nauc_mrr_at_20_max": 0.123283,
        "nauc_mrr_at_20_std": 0.114588,
        "nauc_mrr_at_20_diff1": 0.227811,
        "nauc_mrr_at_100_max": 0.121526,
        "nauc_mrr_at_100_std": 0.112762,
        "nauc_mrr_at_100_diff1": 0.225852,
        "nauc_mrr_at_1000_max": 0.121526,
        "nauc_mrr_at_1000_std": 0.112762,
        "nauc_mrr_at_1000_diff1": 0.225852,
        "hit_rate_at_1": 0.3,
        "hit_rate_at_3": 0.6,
        "hit_rate_at_5": 0.76,
        "hit_rate_at_10": 0.84,
        "hit_rate_at_20": 0.94,
        "hit_rate_at_100": 1.0,
        "hit_rate_at_1000": 1.0,
        "main_score": 0.3167,
        "hf_subset": "default",
        "languages": [
          "eng-Latn"
        ]
      }
    ]
  },
  "evaluation_time": 8.625959157943726,
  "kg_co2_emissions": null,
  "date": 1774446454.544307
}