{
  "dataset_revision": "300cb175d1b608cfc3fdb94fd06b3ceb937f9b6a",
  "task_name": "LLMLegalBenchCorporateLobbying",
  "mteb_version": "2.11.6",
  "scores": {
    "test": [
      {
        "ndcg_at_1": 0.86765,
        "ndcg_at_3": 0.93501,
        "ndcg_at_5": 0.93742,
        "ndcg_at_10": 0.93944,
        "ndcg_at_20": 0.93944,
        "ndcg_at_100": 0.9399,
        "ndcg_at_1000": 0.94027,
        "map_at_1": 0.86765,
        "map_at_3": 0.91863,
        "map_at_5": 0.91995,
        "map_at_10": 0.92086,
        "map_at_20": 0.92086,
        "map_at_100": 0.92089,
        "map_at_1000": 0.92091,
        "recall_at_1": 0.86765,
        "recall_at_3": 0.98235,
        "recall_at_5": 0.98824,
        "recall_at_10": 0.99412,
        "recall_at_20": 0.99412,
        "recall_at_100": 0.99706,
        "recall_at_1000": 1.0,
        "accuracy": 0.86765,
        "precision_at_1": 0.86765,
        "precision_at_3": 0.32745,
        "precision_at_5": 0.19765,
        "precision_at_10": 0.09941,
        "precision_at_20": 0.04971,
        "precision_at_100": 0.00997,
        "precision_at_1000": 0.001,
        "mrr_at_1": 0.867647,
        "mrr_at_3": 0.918627,
        "mrr_at_5": 0.919951,
        "mrr_at_10": 0.920861,
        "mrr_at_20": 0.920861,
        "mrr_at_100": 0.920894,
        "mrr_at_1000": 0.920906,
        "nauc_ndcg_at_1_max": 0.529954,
        "nauc_ndcg_at_1_std": -0.033458,
        "nauc_ndcg_at_1_diff1": 0.922891,
        "nauc_ndcg_at_3_max": 0.601151,
        "nauc_ndcg_at_3_std": -0.009496,
        "nauc_ndcg_at_3_diff1": 0.919495,
        "nauc_ndcg_at_5_max": 0.585435,
        "nauc_ndcg_at_5_std": -0.02496,
        "nauc_ndcg_at_5_diff1": 0.918761,
        "nauc_ndcg_at_10_max": 0.581273,
        "nauc_ndcg_at_10_std": -0.028726,
        "nauc_ndcg_at_10_diff1": 0.920901,
        "nauc_ndcg_at_20_max": 0.581273,
        "nauc_ndcg_at_20_std": -0.028726,
        "nauc_ndcg_at_20_diff1": 0.920901,
        "nauc_ndcg_at_100_max": 0.582996,
        "nauc_ndcg_at_100_std": -0.015515,
        "nauc_ndcg_at_100_diff1": 0.921299,
        "nauc_ndcg_at_1000_max": 0.580338,
        "nauc_ndcg_at_1000_std": -0.021989,
        "nauc_ndcg_at_1000_diff1": 0.920798,
        "nauc_map_at_1_max": 0.529954,
        "nauc_map_at_1_std": -0.033458,
        "nauc_map_at_1_diff1": 0.922891,
        "nauc_map_at_3_max": 0.584462,
        "nauc_map_at_3_std": -0.014405,
        "nauc_map_at_3_diff1": 0.920293,
        "nauc_map_at_5_max": 0.577405,
        "nauc_map_at_5_std": -0.020581,
        "nauc_map_at_5_diff1": 0.919926,
        "nauc_map_at_10_max": 0.575961,
        "nauc_map_at_10_std": -0.021687,
        "nauc_map_at_10_diff1": 0.920748,
        "nauc_map_at_20_max": 0.575961,
        "nauc_map_at_20_std": -0.021687,
        "nauc_map_at_20_diff1": 0.920748,
        "nauc_map_at_100_max": 0.576054,
        "nauc_map_at_100_std": -0.020958,
        "nauc_map_at_100_diff1": 0.92077,
        "nauc_map_at_1000_max": 0.575987,
        "nauc_map_at_1000_std": -0.021119,
        "nauc_map_at_1000_diff1": 0.920757,
        "nauc_recall_at_1_max": 0.529954,
        "nauc_recall_at_1_std": -0.033458,
        "nauc_recall_at_1_diff1": 0.922891,
        "nauc_recall_at_3_max": 0.796919,
        "nauc_recall_at_3_std": 0.045907,
        "nauc_recall_at_3_diff1": 0.910131,
        "nauc_recall_at_5_max": 0.695378,
        "nauc_recall_at_5_std": -0.138305,
        "nauc_recall_at_5_diff1": 0.897876,
        "nauc_recall_at_10_max": 0.679038,
        "nauc_recall_at_10_std": -0.369981,
        "nauc_recall_at_10_diff1": 0.934641,
        "nauc_recall_at_20_max": 0.679038,
        "nauc_recall_at_20_std": -0.369981,
        "nauc_recall_at_20_diff1": 0.934641,
        "nauc_recall_at_100_max": 1.0,
        "nauc_recall_at_100_std": 1.0,
        "nauc_recall_at_100_diff1": 1.0,
        "nauc_recall_at_1000_max": NaN,
        "nauc_recall_at_1000_std": NaN,
        "nauc_recall_at_1000_diff1": NaN,
        "nauc_precision_at_1_max": 0.529954,
        "nauc_precision_at_1_std": -0.033458,
        "nauc_precision_at_1_diff1": 0.922891,
        "nauc_precision_at_3_max": 0.796919,
        "nauc_precision_at_3_std": 0.045907,
        "nauc_precision_at_3_diff1": 0.910131,
        "nauc_precision_at_5_max": 0.695378,
        "nauc_precision_at_5_std": -0.138305,
        "nauc_precision_at_5_diff1": 0.897876,
        "nauc_precision_at_10_max": 0.679038,
        "nauc_precision_at_10_std": -0.369981,
        "nauc_precision_at_10_diff1": 0.934641,
        "nauc_precision_at_20_max": 0.679038,
        "nauc_precision_at_20_std": -0.369981,
        "nauc_precision_at_20_diff1": 0.934641,
        "nauc_precision_at_100_max": 1.0,
        "nauc_precision_at_100_std": 1.0,
        "nauc_precision_at_100_diff1": 1.0,
        "nauc_precision_at_1000_max": 1.0,
        "nauc_precision_at_1000_std": 1.0,
        "nauc_precision_at_1000_diff1": 1.0,
        "nauc_mrr_at_1_max": 0.529954,
        "nauc_mrr_at_1_std": -0.033458,
        "nauc_mrr_at_1_diff1": 0.922891,
        "nauc_mrr_at_3_max": 0.584462,
        "nauc_mrr_at_3_std": -0.014405,
        "nauc_mrr_at_3_diff1": 0.920293,
        "nauc_mrr_at_5_max": 0.577405,
        "nauc_mrr_at_5_std": -0.020581,
        "nauc_mrr_at_5_diff1": 0.919926,
        "nauc_mrr_at_10_max": 0.575961,
        "nauc_mrr_at_10_std": -0.021687,
        "nauc_mrr_at_10_diff1": 0.920748,
        "nauc_mrr_at_20_max": 0.575961,
        "nauc_mrr_at_20_std": -0.021687,
        "nauc_mrr_at_20_diff1": 0.920748,
        "nauc_mrr_at_100_max": 0.576054,
        "nauc_mrr_at_100_std": -0.020958,
        "nauc_mrr_at_100_diff1": 0.92077,
        "nauc_mrr_at_1000_max": 0.575987,
        "nauc_mrr_at_1000_std": -0.021119,
        "nauc_mrr_at_1000_diff1": 0.920757,
        "hit_rate_at_1": 0.86765,
        "hit_rate_at_3": 0.98235,
        "hit_rate_at_5": 0.98824,
        "hit_rate_at_10": 0.99412,
        "hit_rate_at_20": 0.99412,
        "hit_rate_at_100": 0.99706,
        "hit_rate_at_1000": 1.0,
        "main_score": 0.93944,
        "hf_subset": "default",
        "languages": [
          "eng-Latn"
        ]
      }
    ]
  },
  "evaluation_time": 24.29208517074585,
  "kg_co2_emissions": null,
  "date": 1774446482.180029
}