{
  "dataset_revision": "5d745bd9e435cc190599f916f54c0ab197ddeb73",
  "task_name": "LLMRTE3PC",
  "mteb_version": "2.11.6",
  "scores": {
    "test": [
      {
        "similarity_accuracy": 0.848233,
        "similarity_f1": 0.917885,
        "similarity_precision": 0.85,
        "similarity_recall": 0.997555,
        "similarity_ap": 0.881977,
        "cosine_accuracy": 0.848233,
        "cosine_f1": 0.917885,
        "cosine_precision": 0.85,
        "cosine_recall": 0.997555,
        "cosine_ap": 0.881977,
        "manhattan_accuracy": 0.848233,
        "manhattan_f1": 0.917885,
        "manhattan_precision": 0.85,
        "manhattan_recall": 0.997555,
        "manhattan_ap": 0.882414,
        "euclidean_accuracy": 0.848233,
        "euclidean_f1": 0.917885,
        "euclidean_precision": 0.85,
        "euclidean_recall": 0.997555,
        "euclidean_ap": 0.881977,
        "dot_accuracy": 0.848233,
        "dot_f1": 0.917885,
        "dot_precision": 0.85,
        "dot_recall": 0.997555,
        "dot_ap": 0.881977,
        "max_accuracy": 0.848233,
        "max_f1": 0.917885,
        "max_precision": 0.85,
        "max_recall": 0.997555,
        "max_ap": 0.882414,
        "main_score": 0.882414,
        "hf_subset": "de",
        "languages": [
          "deu-Latn"
        ]
      },
      {
        "similarity_accuracy": 0.850622,
        "similarity_f1": 0.919101,
        "similarity_precision": 0.852083,
        "similarity_recall": 0.997561,
        "similarity_ap": 0.889899,
        "cosine_accuracy": 0.850622,
        "cosine_f1": 0.919101,
        "cosine_precision": 0.852083,
        "cosine_recall": 0.997561,
        "cosine_ap": 0.889899,
        "manhattan_accuracy": 0.848548,
        "manhattan_f1": 0.91807,
        "manhattan_precision": 0.850312,
        "manhattan_recall": 0.997561,
        "manhattan_ap": 0.889789,
        "euclidean_accuracy": 0.850622,
        "euclidean_f1": 0.919101,
        "euclidean_precision": 0.852083,
        "euclidean_recall": 0.997561,
        "euclidean_ap": 0.889899,
        "dot_accuracy": 0.850622,
        "dot_f1": 0.919101,
        "dot_precision": 0.852083,
        "dot_recall": 0.997561,
        "dot_ap": 0.889899,
        "max_accuracy": 0.850622,
        "max_f1": 0.919101,
        "max_precision": 0.852083,
        "max_recall": 0.997561,
        "max_ap": 0.889899,
        "main_score": 0.889899,
        "hf_subset": "en",
        "languages": [
          "eng-Latn"
        ]
      },
      {
        "similarity_accuracy": 0.846473,
        "similarity_f1": 0.916854,
        "similarity_precision": 0.848233,
        "similarity_recall": 0.997555,
        "similarity_ap": 0.893255,
        "cosine_accuracy": 0.846473,
        "cosine_f1": 0.916854,
        "cosine_precision": 0.848233,
        "cosine_recall": 0.997555,
        "cosine_ap": 0.893255,
        "manhattan_accuracy": 0.846473,
        "manhattan_f1": 0.916854,
        "manhattan_precision": 0.848233,
        "manhattan_recall": 0.997555,
        "manhattan_ap": 0.893075,
        "euclidean_accuracy": 0.846473,
        "euclidean_f1": 0.916854,
        "euclidean_precision": 0.848233,
        "euclidean_recall": 0.997555,
        "euclidean_ap": 0.893255,
        "dot_accuracy": 0.846473,
        "dot_f1": 0.916854,
        "dot_precision": 0.848233,
        "dot_recall": 0.997555,
        "dot_ap": 0.893255,
        "max_accuracy": 0.846473,
        "max_f1": 0.916854,
        "max_precision": 0.848233,
        "max_recall": 0.997555,
        "max_ap": 0.893255,
        "main_score": 0.893255,
        "hf_subset": "fr",
        "languages": [
          "fra-Latn"
        ]
      },
      {
        "similarity_accuracy": 0.849372,
        "similarity_f1": 0.918367,
        "similarity_precision": 0.85084,
        "similarity_recall": 0.997537,
        "similarity_ap": 0.8864,
        "cosine_accuracy": 0.849372,
        "cosine_f1": 0.918367,
        "cosine_precision": 0.85084,
        "cosine_recall": 0.997537,
        "cosine_ap": 0.8864,
        "manhattan_accuracy": 0.84728,
        "manhattan_f1": 0.917327,
        "manhattan_precision": 0.849057,
        "manhattan_recall": 0.997537,
        "manhattan_ap": 0.88588,
        "euclidean_accuracy": 0.849372,
        "euclidean_f1": 0.918367,
        "euclidean_precision": 0.85084,
        "euclidean_recall": 0.997537,
        "euclidean_ap": 0.8864,
        "dot_accuracy": 0.849372,
        "dot_f1": 0.918367,
        "dot_precision": 0.85084,
        "dot_recall": 0.997537,
        "dot_ap": 0.8864,
        "max_accuracy": 0.849372,
        "max_f1": 0.918367,
        "max_precision": 0.85084,
        "max_recall": 0.997537,
        "max_ap": 0.8864,
        "main_score": 0.8864,
        "hf_subset": "it",
        "languages": [
          "ita-Latn"
        ]
      }
    ]
  },
  "evaluation_time": 18.65705418586731,
  "kg_co2_emissions": null,
  "date": 1774408022.422696
}