{
  "dataset_revision": "d6628df131c3279007b88fe3e057e809dac056af",
  "task_name": "LLMSpartQA",
  "mteb_version": "2.11.6",
  "scores": {
    "test": [
      {
        "ndcg_at_1": 0.05,
        "ndcg_at_3": 0.08027,
        "ndcg_at_5": 0.09047,
        "ndcg_at_10": 0.11257,
        "ndcg_at_20": 0.12195,
        "ndcg_at_100": 0.14876,
        "ndcg_at_1000": 0.19015,
        "map_at_1": 0.03667,
        "map_at_3": 0.06528,
        "map_at_5": 0.07103,
        "map_at_10": 0.07987,
        "map_at_20": 0.08264,
        "map_at_100": 0.08585,
        "map_at_1000": 0.08718,
        "recall_at_1": 0.03667,
        "recall_at_3": 0.10667,
        "recall_at_5": 0.13,
        "recall_at_10": 0.19333,
        "recall_at_20": 0.225,
        "recall_at_100": 0.35167,
        "recall_at_1000": 0.64667,
        "accuracy": 0.03667,
        "precision_at_1": 0.05,
        "precision_at_3": 0.04667,
        "precision_at_5": 0.034,
        "precision_at_10": 0.026,
        "precision_at_20": 0.01575,
        "precision_at_100": 0.00555,
        "precision_at_1000": 0.00109,
        "mrr_at_1": 0.05,
        "mrr_at_3": 0.084167,
        "mrr_at_5": 0.089917,
        "mrr_at_10": 0.100175,
        "mrr_at_20": 0.102845,
        "mrr_at_100": 0.107204,
        "mrr_at_1000": 0.108381,
        "nauc_ndcg_at_1_max": -0.271183,
        "nauc_ndcg_at_1_std": 0.541347,
        "nauc_ndcg_at_1_diff1": -0.349235,
        "nauc_ndcg_at_3_max": -0.04546,
        "nauc_ndcg_at_3_std": 0.6033,
        "nauc_ndcg_at_3_diff1": -0.232775,
        "nauc_ndcg_at_5_max": -0.01094,
        "nauc_ndcg_at_5_std": 0.650277,
        "nauc_ndcg_at_5_diff1": -0.231637,
        "nauc_ndcg_at_10_max": 0.04058,
        "nauc_ndcg_at_10_std": 0.590492,
        "nauc_ndcg_at_10_diff1": -0.214906,
        "nauc_ndcg_at_20_max": 0.065075,
        "nauc_ndcg_at_20_std": 0.575009,
        "nauc_ndcg_at_20_diff1": -0.206966,
        "nauc_ndcg_at_100_max": 0.073748,
        "nauc_ndcg_at_100_std": 0.550316,
        "nauc_ndcg_at_100_diff1": -0.177881,
        "nauc_ndcg_at_1000_max": -0.010165,
        "nauc_ndcg_at_1000_std": 0.570893,
        "nauc_ndcg_at_1000_diff1": -0.208754,
        "nauc_map_at_1_max": -0.305059,
        "nauc_map_at_1_std": 0.566139,
        "nauc_map_at_1_diff1": -0.418811,
        "nauc_map_at_3_max": -0.095366,
        "nauc_map_at_3_std": 0.604347,
        "nauc_map_at_3_diff1": -0.276057,
        "nauc_map_at_5_max": -0.067442,
        "nauc_map_at_5_std": 0.64028,
        "nauc_map_at_5_diff1": -0.276484,
        "nauc_map_at_10_max": -0.030821,
        "nauc_map_at_10_std": 0.610034,
        "nauc_map_at_10_diff1": -0.26568,
        "nauc_map_at_20_max": -0.018796,
        "nauc_map_at_20_std": 0.605917,
        "nauc_map_at_20_diff1": -0.262612,
        "nauc_map_at_100_max": -0.014904,
        "nauc_map_at_100_std": 0.599243,
        "nauc_map_at_100_diff1": -0.255436,
        "nauc_map_at_1000_max": -0.019152,
        "nauc_map_at_1000_std": 0.600156,
        "nauc_map_at_1000_diff1": -0.256427,
        "nauc_recall_at_1_max": -0.305059,
        "nauc_recall_at_1_std": 0.566139,
        "nauc_recall_at_1_diff1": -0.418811,
        "nauc_recall_at_3_max": 0.047504,
        "nauc_recall_at_3_std": 0.579832,
        "nauc_recall_at_3_diff1": -0.152263,
        "nauc_recall_at_5_max": 0.092633,
        "nauc_recall_at_5_std": 0.65087,
        "nauc_recall_at_5_diff1": -0.15997,
        "nauc_recall_at_10_max": 0.149725,
        "nauc_recall_at_10_std": 0.532563,
        "nauc_recall_at_10_diff1": -0.142013,
        "nauc_recall_at_20_max": 0.194034,
        "nauc_recall_at_20_std": 0.489375,
        "nauc_recall_at_20_diff1": -0.124126,
        "nauc_recall_at_100_max": 0.202923,
        "nauc_recall_at_100_std": 0.435566,
        "nauc_recall_at_100_diff1": -0.051475,
        "nauc_recall_at_1000_max": -0.138856,
        "nauc_recall_at_1000_std": 0.427402,
        "nauc_recall_at_1000_diff1": -0.13379,
        "nauc_precision_at_1_max": -0.271183,
        "nauc_precision_at_1_std": 0.541347,
        "nauc_precision_at_1_diff1": -0.349235,
        "nauc_precision_at_3_max": 0.055832,
        "nauc_precision_at_3_std": 0.633353,
        "nauc_precision_at_3_diff1": -0.174845,
        "nauc_precision_at_5_max": 0.102529,
        "nauc_precision_at_5_std": 0.689887,
        "nauc_precision_at_5_diff1": -0.16563,
        "nauc_precision_at_10_max": 0.170724,
        "nauc_precision_at_10_std": 0.570464,
        "nauc_precision_at_10_diff1": -0.147241,
        "nauc_precision_at_20_max": 0.191303,
        "nauc_precision_at_20_std": 0.505485,
        "nauc_precision_at_20_diff1": -0.138964,
        "nauc_precision_at_100_max": 0.135221,
        "nauc_precision_at_100_std": 0.423914,
        "nauc_precision_at_100_diff1": -0.093299,
        "nauc_precision_at_1000_max": -0.204128,
        "nauc_precision_at_1000_std": 0.238618,
        "nauc_precision_at_1000_diff1": -0.162301,
        "nauc_mrr_at_1_max": -0.271183,
        "nauc_mrr_at_1_std": 0.541347,
        "nauc_mrr_at_1_diff1": -0.349235,
        "nauc_mrr_at_3_max": -0.0957,
        "nauc_mrr_at_3_std": 0.600119,
        "nauc_mrr_at_3_diff1": -0.254995,
        "nauc_mrr_at_5_max": -0.080772,
        "nauc_mrr_at_5_std": 0.619908,
        "nauc_mrr_at_5_diff1": -0.246566,
        "nauc_mrr_at_10_max": -0.053807,
        "nauc_mrr_at_10_std": 0.591822,
        "nauc_mrr_at_10_diff1": -0.237152,
        "nauc_mrr_at_20_max": -0.048873,
        "nauc_mrr_at_20_std": 0.58436,
        "nauc_mrr_at_20_diff1": -0.232341,
        "nauc_mrr_at_100_max": -0.044126,
        "nauc_mrr_at_100_std": 0.576406,
        "nauc_mrr_at_100_diff1": -0.226217,
        "nauc_mrr_at_1000_max": -0.047269,
        "nauc_mrr_at_1000_std": 0.57737,
        "nauc_mrr_at_1000_diff1": -0.227312,
        "hit_rate_at_1": 0.05,
        "hit_rate_at_3": 0.135,
        "hit_rate_at_5": 0.16,
        "hit_rate_at_10": 0.24,
        "hit_rate_at_20": 0.28,
        "hit_rate_at_100": 0.485,
        "hit_rate_at_1000": 0.795,
        "main_score": 0.11257,
        "hf_subset": "default",
        "languages": [
          "eng-Latn"
        ]
      }
    ]
  },
  "evaluation_time": 62.14821791648865,
  "kg_co2_emissions": null,
  "date": 1774446547.460154
}