{
  "dataset_revision": "31f9b918c30ef94e15a168cb95ca4ebf291396eb",
  "task_name": "LLMTwitterHjerneRetrieval",
  "mteb_version": "2.11.6",
  "scores": {
    "train": [
      {
        "ndcg_at_1": 0.81818,
        "ndcg_at_3": 0.66429,
        "ndcg_at_5": 0.66313,
        "ndcg_at_10": 0.71514,
        "ndcg_at_20": 0.73953,
        "ndcg_at_100": 0.78074,
        "ndcg_at_1000": 0.78954,
        "map_at_1": 0.27013,
        "map_at_3": 0.50368,
        "map_at_5": 0.57539,
        "map_at_10": 0.61888,
        "map_at_20": 0.63164,
        "map_at_100": 0.64375,
        "map_at_1000": 0.64475,
        "recall_at_1": 0.27013,
        "recall_at_3": 0.51753,
        "recall_at_5": 0.61991,
        "recall_at_10": 0.74026,
        "recall_at_20": 0.80758,
        "recall_at_100": 0.95476,
        "recall_at_1000": 1.0,
        "accuracy": 0.27013,
        "precision_at_1": 0.81818,
        "precision_at_3": 0.56277,
        "precision_at_5": 0.42597,
        "precision_at_10": 0.25325,
        "precision_at_20": 0.13766,
        "precision_at_100": 0.0326,
        "precision_at_1000": 0.0034,
        "mrr_at_1": 0.818182,
        "mrr_at_3": 0.839827,
        "mrr_at_5": 0.848918,
        "mrr_at_10": 0.854582,
        "mrr_at_20": 0.855664,
        "mrr_at_100": 0.856205,
        "mrr_at_1000": 0.85627,
        "nauc_ndcg_at_1_max": 0.596662,
        "nauc_ndcg_at_1_std": 0.091623,
        "nauc_ndcg_at_1_diff1": 0.690442,
        "nauc_ndcg_at_3_max": 0.378462,
        "nauc_ndcg_at_3_std": -0.071063,
        "nauc_ndcg_at_3_diff1": 0.383014,
        "nauc_ndcg_at_5_max": 0.398268,
        "nauc_ndcg_at_5_std": -0.014799,
        "nauc_ndcg_at_5_diff1": 0.360261,
        "nauc_ndcg_at_10_max": 0.39973,
        "nauc_ndcg_at_10_std": -0.031521,
        "nauc_ndcg_at_10_diff1": 0.402986,
        "nauc_ndcg_at_20_max": 0.390521,
        "nauc_ndcg_at_20_std": -0.040371,
        "nauc_ndcg_at_20_diff1": 0.373387,
        "nauc_ndcg_at_100_max": 0.437944,
        "nauc_ndcg_at_100_std": 0.020668,
        "nauc_ndcg_at_100_diff1": 0.401017,
        "nauc_ndcg_at_1000_max": 0.432108,
        "nauc_ndcg_at_1000_std": -0.000297,
        "nauc_ndcg_at_1000_diff1": 0.404438,
        "nauc_map_at_1_max": 0.111029,
        "nauc_map_at_1_std": -0.054735,
        "nauc_map_at_1_diff1": 0.387135,
        "nauc_map_at_3_max": 0.254045,
        "nauc_map_at_3_std": -0.097338,
        "nauc_map_at_3_diff1": 0.298474,
        "nauc_map_at_5_max": 0.33268,
        "nauc_map_at_5_std": -0.054083,
        "nauc_map_at_5_diff1": 0.301711,
        "nauc_map_at_10_max": 0.33736,
        "nauc_map_at_10_std": -0.071965,
        "nauc_map_at_10_diff1": 0.323861,
        "nauc_map_at_20_max": 0.33856,
        "nauc_map_at_20_std": -0.068296,
        "nauc_map_at_20_diff1": 0.311268,
        "nauc_map_at_100_max": 0.351177,
        "nauc_map_at_100_std": -0.056084,
        "nauc_map_at_100_diff1": 0.321704,
        "nauc_map_at_1000_max": 0.350984,
        "nauc_map_at_1000_std": -0.057336,
        "nauc_map_at_1000_diff1": 0.321817,
        "nauc_recall_at_1_max": 0.111029,
        "nauc_recall_at_1_std": -0.054735,
        "nauc_recall_at_1_diff1": 0.387135,
        "nauc_recall_at_3_max": 0.23651,
        "nauc_recall_at_3_std": -0.125047,
        "nauc_recall_at_3_diff1": 0.300908,
        "nauc_recall_at_5_max": 0.364427,
        "nauc_recall_at_5_std": -0.033331,
        "nauc_recall_at_5_diff1": 0.305461,
        "nauc_recall_at_10_max": 0.336511,
        "nauc_recall_at_10_std": -0.048252,
        "nauc_recall_at_10_diff1": 0.360233,
        "nauc_recall_at_20_max": 0.281272,
        "nauc_recall_at_20_std": -0.097498,
        "nauc_recall_at_20_diff1": 0.252718,
        "nauc_recall_at_100_max": 0.556319,
        "nauc_recall_at_100_std": 0.44828,
        "nauc_recall_at_100_diff1": 0.301137,
        "nauc_recall_at_1000_max": NaN,
        "nauc_recall_at_1000_std": NaN,
        "nauc_recall_at_1000_diff1": NaN,
        "nauc_precision_at_1_max": 0.596662,
        "nauc_precision_at_1_std": 0.091623,
        "nauc_precision_at_1_diff1": 0.690442,
        "nauc_precision_at_3_max": 0.364603,
        "nauc_precision_at_3_std": -0.047269,
        "nauc_precision_at_3_diff1": 0.250761,
        "nauc_precision_at_5_max": 0.371231,
        "nauc_precision_at_5_std": 0.030309,
        "nauc_precision_at_5_diff1": 0.170767,
        "nauc_precision_at_10_max": 0.322097,
        "nauc_precision_at_10_std": 0.025009,
        "nauc_precision_at_10_diff1": 0.145796,
        "nauc_precision_at_20_max": 0.28174,
        "nauc_precision_at_20_std": 0.030871,
        "nauc_precision_at_20_diff1": 0.062345,
        "nauc_precision_at_100_max": 0.261046,
        "nauc_precision_at_100_std": 0.176041,
        "nauc_precision_at_100_diff1": -0.04806,
        "nauc_precision_at_1000_max": 0.200983,
        "nauc_precision_at_1000_std": 0.123417,
        "nauc_precision_at_1000_diff1": -0.087907,
        "nauc_mrr_at_1_max": 0.596662,
        "nauc_mrr_at_1_std": 0.091623,
        "nauc_mrr_at_1_diff1": 0.690442,
        "nauc_mrr_at_3_max": 0.592276,
        "nauc_mrr_at_3_std": 0.0962,
        "nauc_mrr_at_3_diff1": 0.717709,
        "nauc_mrr_at_5_max": 0.629754,
        "nauc_mrr_at_5_std": 0.128084,
        "nauc_mrr_at_5_diff1": 0.718311,
        "nauc_mrr_at_10_max": 0.624195,
        "nauc_mrr_at_10_std": 0.132774,
        "nauc_mrr_at_10_diff1": 0.708051,
        "nauc_mrr_at_20_max": 0.622275,
        "nauc_mrr_at_20_std": 0.128142,
        "nauc_mrr_at_20_diff1": 0.707937,
        "nauc_mrr_at_100_max": 0.621303,
        "nauc_mrr_at_100_std": 0.128152,
        "nauc_mrr_at_100_diff1": 0.707879,
        "nauc_mrr_at_1000_max": 0.621124,
        "nauc_mrr_at_1000_std": 0.127739,
        "nauc_mrr_at_1000_diff1": 0.707952,
        "hit_rate_at_1": 0.81818,
        "hit_rate_at_3": 0.87013,
        "hit_rate_at_5": 0.90909,
        "hit_rate_at_10": 0.96104,
        "hit_rate_at_20": 0.97403,
        "hit_rate_at_100": 0.98701,
        "hit_rate_at_1000": 1.0,
        "main_score": 0.71514,
        "hf_subset": "default",
        "languages": [
          "dan-Latn"
        ]
      }
    ]
  },
  "evaluation_time": 11.944328784942627,
  "kg_co2_emissions": null,
  "date": 1774446562.696727
}