{
  "dataset_revision": "1c61e95df3d70835785db4d70f17d3a16a7bd4ce",
  "task_name": "LLMTempReasonL1",
  "mteb_version": "2.11.6",
  "scores": {
    "test": [
      {
        "ndcg_at_1": 0.0,
        "ndcg_at_3": 0.0,
        "ndcg_at_5": 0.00774,
        "ndcg_at_10": 0.00774,
        "ndcg_at_20": 0.01024,
        "ndcg_at_100": 0.02461,
        "ndcg_at_1000": 0.05683,
        "map_at_1": 0.0,
        "map_at_3": 0.0,
        "map_at_5": 0.004,
        "map_at_10": 0.004,
        "map_at_20": 0.00467,
        "map_at_100": 0.00647,
        "map_at_1000": 0.0074,
        "recall_at_1": 0.0,
        "recall_at_3": 0.0,
        "recall_at_5": 0.02,
        "recall_at_10": 0.02,
        "recall_at_20": 0.03,
        "recall_at_100": 0.11,
        "recall_at_1000": 0.38,
        "accuracy": 0.0,
        "precision_at_1": 0.0,
        "precision_at_3": 0.0,
        "precision_at_5": 0.004,
        "precision_at_10": 0.002,
        "precision_at_20": 0.0015,
        "precision_at_100": 0.0011,
        "precision_at_1000": 0.00038,
        "mrr_at_1": 0.0,
        "mrr_at_3": 0.0,
        "mrr_at_5": 0.004,
        "mrr_at_10": 0.004,
        "mrr_at_20": 0.004667,
        "mrr_at_100": 0.006473,
        "mrr_at_1000": 0.007397,
        "nauc_ndcg_at_1_max": NaN,
        "nauc_ndcg_at_1_std": NaN,
        "nauc_ndcg_at_1_diff1": NaN,
        "nauc_ndcg_at_3_max": NaN,
        "nauc_ndcg_at_3_std": NaN,
        "nauc_ndcg_at_3_diff1": NaN,
        "nauc_ndcg_at_5_max": 0.661926,
        "nauc_ndcg_at_5_std": 0.661926,
        "nauc_ndcg_at_5_diff1": 0.126643,
        "nauc_ndcg_at_10_max": 0.661926,
        "nauc_ndcg_at_10_std": 0.661926,
        "nauc_ndcg_at_10_diff1": 0.126643,
        "nauc_ndcg_at_20_max": 0.524324,
        "nauc_ndcg_at_20_std": 0.39891,
        "nauc_ndcg_at_20_diff1": -0.005651,
        "nauc_ndcg_at_100_max": 0.210985,
        "nauc_ndcg_at_100_std": 0.246244,
        "nauc_ndcg_at_100_diff1": 0.121754,
        "nauc_ndcg_at_1000_max": 0.082824,
        "nauc_ndcg_at_1000_std": 0.046305,
        "nauc_ndcg_at_1000_diff1": 0.157954,
        "nauc_map_at_1_max": NaN,
        "nauc_map_at_1_std": NaN,
        "nauc_map_at_1_diff1": NaN,
        "nauc_map_at_3_max": NaN,
        "nauc_map_at_3_std": NaN,
        "nauc_map_at_3_diff1": NaN,
        "nauc_map_at_5_max": 0.661926,
        "nauc_map_at_5_std": 0.661926,
        "nauc_map_at_5_diff1": 0.126643,
        "nauc_map_at_10_max": 0.661926,
        "nauc_map_at_10_std": 0.661926,
        "nauc_map_at_10_diff1": 0.126643,
        "nauc_map_at_20_max": 0.581433,
        "nauc_map_at_20_std": 0.508069,
        "nauc_map_at_20_diff1": 0.049254,
        "nauc_map_at_100_max": 0.40803,
        "nauc_map_at_100_std": 0.401541,
        "nauc_map_at_100_diff1": 0.107859,
        "nauc_map_at_1000_max": 0.377695,
        "nauc_map_at_1000_std": 0.361367,
        "nauc_map_at_1000_diff1": 0.108787,
        "nauc_recall_at_1_max": NaN,
        "nauc_recall_at_1_std": NaN,
        "nauc_recall_at_1_diff1": NaN,
        "nauc_recall_at_3_max": NaN,
        "nauc_recall_at_3_std": NaN,
        "nauc_recall_at_3_diff1": NaN,
        "nauc_recall_at_5_max": 0.661926,
        "nauc_recall_at_5_std": 0.661926,
        "nauc_recall_at_5_diff1": 0.126643,
        "nauc_recall_at_10_max": 0.661926,
        "nauc_recall_at_10_std": 0.661926,
        "nauc_recall_at_10_diff1": 0.126643,
        "nauc_recall_at_20_max": 0.474108,
        "nauc_recall_at_20_std": 0.302925,
        "nauc_recall_at_20_diff1": -0.053931,
        "nauc_recall_at_100_max": 0.124846,
        "nauc_recall_at_100_std": 0.180109,
        "nauc_recall_at_100_diff1": 0.125223,
        "nauc_recall_at_1000_max": -0.029566,
        "nauc_recall_at_1000_std": -0.090128,
        "nauc_recall_at_1000_diff1": 0.183063,
        "nauc_precision_at_1_max": NaN,
        "nauc_precision_at_1_std": NaN,
        "nauc_precision_at_1_diff1": NaN,
        "nauc_precision_at_3_max": NaN,
        "nauc_precision_at_3_std": NaN,
        "nauc_precision_at_3_diff1": NaN,
        "nauc_precision_at_5_max": 0.661926,
        "nauc_precision_at_5_std": 0.661926,
        "nauc_precision_at_5_diff1": 0.126643,
        "nauc_precision_at_10_max": 0.661926,
        "nauc_precision_at_10_std": 0.661926,
        "nauc_precision_at_10_diff1": 0.126643,
        "nauc_precision_at_20_max": 0.474108,
        "nauc_precision_at_20_std": 0.302925,
        "nauc_precision_at_20_diff1": -0.053931,
        "nauc_precision_at_100_max": 0.124846,
        "nauc_precision_at_100_std": 0.180109,
        "nauc_precision_at_100_diff1": 0.125223,
        "nauc_precision_at_1000_max": -0.029566,
        "nauc_precision_at_1000_std": -0.090128,
        "nauc_precision_at_1000_diff1": 0.183063,
        "nauc_mrr_at_1_max": NaN,
        "nauc_mrr_at_1_std": NaN,
        "nauc_mrr_at_1_diff1": NaN,
        "nauc_mrr_at_3_max": NaN,
        "nauc_mrr_at_3_std": NaN,
        "nauc_mrr_at_3_diff1": NaN,
        "nauc_mrr_at_5_max": 0.661926,
        "nauc_mrr_at_5_std": 0.661926,
        "nauc_mrr_at_5_diff1": 0.126643,
        "nauc_mrr_at_10_max": 0.661926,
        "nauc_mrr_at_10_std": 0.661926,
        "nauc_mrr_at_10_diff1": 0.126643,
        "nauc_mrr_at_20_max": 0.581433,
        "nauc_mrr_at_20_std": 0.508069,
        "nauc_mrr_at_20_diff1": 0.049254,
        "nauc_mrr_at_100_max": 0.40803,
        "nauc_mrr_at_100_std": 0.401541,
        "nauc_mrr_at_100_diff1": 0.107859,
        "nauc_mrr_at_1000_max": 0.377695,
        "nauc_mrr_at_1000_std": 0.361367,
        "nauc_mrr_at_1000_diff1": 0.108787,
        "hit_rate_at_1": 0.0,
        "hit_rate_at_3": 0.0,
        "hit_rate_at_5": 0.02,
        "hit_rate_at_10": 0.02,
        "hit_rate_at_20": 0.03,
        "hit_rate_at_100": 0.11,
        "hit_rate_at_1000": 0.38,
        "main_score": 0.00774,
        "hf_subset": "default",
        "languages": [
          "eng-Latn"
        ]
      }
    ]
  },
  "evaluation_time": 440.5279095172882,
  "kg_co2_emissions": null,
  "date": 1774446442.59947
}