{
  "dataset_revision": "bc2a1e4c24771a6f3432578016cfb737732398fd",
  "task_name": "LLMWinoGrande",
  "mteb_version": "2.11.6",
  "scores": {
    "test": [
      {
        "ndcg_at_1": 0.125,
        "ndcg_at_3": 0.17905,
        "ndcg_at_5": 0.21584,
        "ndcg_at_10": 0.23878,
        "ndcg_at_20": 0.2486,
        "ndcg_at_100": 0.25739,
        "ndcg_at_1000": 0.25811,
        "map_at_1": 0.125,
        "map_at_3": 0.165,
        "map_at_5": 0.18525,
        "map_at_10": 0.1949,
        "map_at_20": 0.19744,
        "map_at_100": 0.19883,
        "map_at_1000": 0.19887,
        "recall_at_1": 0.125,
        "recall_at_3": 0.22,
        "recall_at_5": 0.31,
        "recall_at_10": 0.38,
        "recall_at_20": 0.42,
        "recall_at_100": 0.465,
        "recall_at_1000": 0.47,
        "accuracy": 0.125,
        "precision_at_1": 0.125,
        "precision_at_3": 0.07333,
        "precision_at_5": 0.062,
        "precision_at_10": 0.038,
        "precision_at_20": 0.021,
        "precision_at_100": 0.00465,
        "precision_at_1000": 0.00047,
        "mrr_at_1": 0.125,
        "mrr_at_3": 0.165,
        "mrr_at_5": 0.18525,
        "mrr_at_10": 0.194901,
        "mrr_at_20": 0.197437,
        "mrr_at_100": 0.19883,
        "mrr_at_1000": 0.198871,
        "nauc_ndcg_at_1_max": 0.092673,
        "nauc_ndcg_at_1_std": 0.048138,
        "nauc_ndcg_at_1_diff1": 0.234567,
        "nauc_ndcg_at_3_max": 0.102597,
        "nauc_ndcg_at_3_std": 0.022532,
        "nauc_ndcg_at_3_diff1": 0.2122,
        "nauc_ndcg_at_5_max": 0.063727,
        "nauc_ndcg_at_5_std": 0.023153,
        "nauc_ndcg_at_5_diff1": 0.188934,
        "nauc_ndcg_at_10_max": 0.067999,
        "nauc_ndcg_at_10_std": 0.04678,
        "nauc_ndcg_at_10_diff1": 0.145124,
        "nauc_ndcg_at_20_max": 0.065603,
        "nauc_ndcg_at_20_std": 0.043016,
        "nauc_ndcg_at_20_diff1": 0.1395,
        "nauc_ndcg_at_100_max": 0.052274,
        "nauc_ndcg_at_100_std": 0.04048,
        "nauc_ndcg_at_100_diff1": 0.118529,
        "nauc_ndcg_at_1000_max": 0.050872,
        "nauc_ndcg_at_1000_std": 0.041935,
        "nauc_ndcg_at_1000_diff1": 0.116718,
        "nauc_map_at_1_max": 0.092673,
        "nauc_map_at_1_std": 0.048138,
        "nauc_map_at_1_diff1": 0.234567,
        "nauc_map_at_3_max": 0.10072,
        "nauc_map_at_3_std": 0.027494,
        "nauc_map_at_3_diff1": 0.212597,
        "nauc_map_at_5_max": 0.077609,
        "nauc_map_at_5_std": 0.027642,
        "nauc_map_at_5_diff1": 0.198826,
        "nauc_map_at_10_max": 0.079703,
        "nauc_map_at_10_std": 0.038665,
        "nauc_map_at_10_diff1": 0.179143,
        "nauc_map_at_20_max": 0.079326,
        "nauc_map_at_20_std": 0.038017,
        "nauc_map_at_20_diff1": 0.177461,
        "nauc_map_at_100_max": 0.076529,
        "nauc_map_at_100_std": 0.036719,
        "nauc_map_at_100_diff1": 0.173796,
        "nauc_map_at_1000_max": 0.076442,
        "nauc_map_at_1000_std": 0.036809,
        "nauc_map_at_1000_diff1": 0.173684,
        "nauc_recall_at_1_max": 0.092673,
        "nauc_recall_at_1_std": 0.048138,
        "nauc_recall_at_1_diff1": 0.234567,
        "nauc_recall_at_3_max": 0.106979,
        "nauc_recall_at_3_std": 0.010908,
        "nauc_recall_at_3_diff1": 0.212636,
        "nauc_recall_at_5_max": 0.029801,
        "nauc_recall_at_5_std": 0.013748,
        "nauc_recall_at_5_diff1": 0.166355,
        "nauc_recall_at_10_max": 0.040444,
        "nauc_recall_at_10_std": 0.070342,
        "nauc_recall_at_10_diff1": 0.059847,
        "nauc_recall_at_20_max": 0.031126,
        "nauc_recall_at_20_std": 0.056024,
        "nauc_recall_at_20_diff1": 0.042383,
        "nauc_recall_at_100_max": -0.01858,
        "nauc_recall_at_100_std": 0.054778,
        "nauc_recall_at_100_diff1": -0.043721,
        "nauc_recall_at_1000_max": -0.026438,
        "nauc_recall_at_1000_std": 0.06283,
        "nauc_recall_at_1000_diff1": -0.053996,
        "nauc_precision_at_1_max": 0.092673,
        "nauc_precision_at_1_std": 0.048138,
        "nauc_precision_at_1_diff1": 0.234567,
        "nauc_precision_at_3_max": 0.106979,
        "nauc_precision_at_3_std": 0.010908,
        "nauc_precision_at_3_diff1": 0.212636,
        "nauc_precision_at_5_max": 0.029801,
        "nauc_precision_at_5_std": 0.013748,
        "nauc_precision_at_5_diff1": 0.166355,
        "nauc_precision_at_10_max": 0.040444,
        "nauc_precision_at_10_std": 0.070342,
        "nauc_precision_at_10_diff1": 0.059847,
        "nauc_precision_at_20_max": 0.031126,
        "nauc_precision_at_20_std": 0.056024,
        "nauc_precision_at_20_diff1": 0.042383,
        "nauc_precision_at_100_max": -0.01858,
        "nauc_precision_at_100_std": 0.054778,
        "nauc_precision_at_100_diff1": -0.043721,
        "nauc_precision_at_1000_max": -0.026438,
        "nauc_precision_at_1000_std": 0.06283,
        "nauc_precision_at_1000_diff1": -0.053996,
        "nauc_mrr_at_1_max": 0.092673,
        "nauc_mrr_at_1_std": 0.048138,
        "nauc_mrr_at_1_diff1": 0.234567,
        "nauc_mrr_at_3_max": 0.10072,
        "nauc_mrr_at_3_std": 0.027494,
        "nauc_mrr_at_3_diff1": 0.212597,
        "nauc_mrr_at_5_max": 0.077609,
        "nauc_mrr_at_5_std": 0.027642,
        "nauc_mrr_at_5_diff1": 0.198826,
        "nauc_mrr_at_10_max": 0.079703,
        "nauc_mrr_at_10_std": 0.038665,
        "nauc_mrr_at_10_diff1": 0.179143,
        "nauc_mrr_at_20_max": 0.079326,
        "nauc_mrr_at_20_std": 0.038017,
        "nauc_mrr_at_20_diff1": 0.177461,
        "nauc_mrr_at_100_max": 0.076529,
        "nauc_mrr_at_100_std": 0.036719,
        "nauc_mrr_at_100_diff1": 0.173796,
        "nauc_mrr_at_1000_max": 0.076442,
        "nauc_mrr_at_1000_std": 0.036809,
        "nauc_mrr_at_1000_diff1": 0.173684,
        "hit_rate_at_1": 0.125,
        "hit_rate_at_3": 0.22,
        "hit_rate_at_5": 0.31,
        "hit_rate_at_10": 0.38,
        "hit_rate_at_20": 0.42,
        "hit_rate_at_100": 0.465,
        "hit_rate_at_1000": 0.47,
        "main_score": 0.23878,
        "hf_subset": "default",
        "languages": [
          "eng-Latn"
        ]
      }
    ]
  },
  "evaluation_time": 172.1689805984497,
  "kg_co2_emissions": null,
  "date": 1774446739.534529
}