{
  "dataset_revision": "a2acf12d293ea934823ca26752a05c5bfab24dff",
  "task_name": "LLMAILAStatutes",
  "mteb_version": "2.11.6",
  "scores": {
    "test": [
      {
        "ndcg_at_1": 0.38,
        "ndcg_at_3": 0.3321,
        "ndcg_at_5": 0.32042,
        "ndcg_at_10": 0.40348,
        "ndcg_at_20": 0.46544,
        "ndcg_at_100": 0.58645,
        "ndcg_at_1000": 0.58645,
        "map_at_1": 0.101,
        "map_at_3": 0.17806,
        "map_at_5": 0.22226,
        "map_at_10": 0.27402,
        "map_at_20": 0.30535,
        "map_at_100": 0.34492,
        "map_at_1000": 0.34492,
        "recall_at_1": 0.101,
        "recall_at_3": 0.22167,
        "recall_at_5": 0.30367,
        "recall_at_10": 0.45833,
        "recall_at_20": 0.608,
        "recall_at_100": 1.0,
        "recall_at_1000": 1.0,
        "accuracy": 0.101,
        "precision_at_1": 0.38,
        "precision_at_3": 0.30667,
        "precision_at_5": 0.26,
        "precision_at_10": 0.2,
        "precision_at_20": 0.134,
        "precision_at_100": 0.0434,
        "precision_at_1000": 0.00434,
        "mrr_at_1": 0.38,
        "mrr_at_3": 0.503333,
        "mrr_at_5": 0.526333,
        "mrr_at_10": 0.547881,
        "mrr_at_20": 0.550752,
        "mrr_at_100": 0.55243,
        "mrr_at_1000": 0.55243,
        "nauc_ndcg_at_1_max": 0.508746,
        "nauc_ndcg_at_1_std": 0.069581,
        "nauc_ndcg_at_1_diff1": 0.366491,
        "nauc_ndcg_at_3_max": 0.631769,
        "nauc_ndcg_at_3_std": 0.153006,
        "nauc_ndcg_at_3_diff1": 0.502467,
        "nauc_ndcg_at_5_max": 0.59449,
        "nauc_ndcg_at_5_std": 0.154572,
        "nauc_ndcg_at_5_diff1": 0.44285,
        "nauc_ndcg_at_10_max": 0.603085,
        "nauc_ndcg_at_10_std": 0.205607,
        "nauc_ndcg_at_10_diff1": 0.469008,
        "nauc_ndcg_at_20_max": 0.546544,
        "nauc_ndcg_at_20_std": 0.225853,
        "nauc_ndcg_at_20_diff1": 0.387656,
        "nauc_ndcg_at_100_max": 0.58636,
        "nauc_ndcg_at_100_std": 0.180001,
        "nauc_ndcg_at_100_diff1": 0.429789,
        "nauc_ndcg_at_1000_max": 0.58636,
        "nauc_ndcg_at_1000_std": 0.180001,
        "nauc_ndcg_at_1000_diff1": 0.429789,
        "nauc_map_at_1_max": 0.360319,
        "nauc_map_at_1_std": 0.099216,
        "nauc_map_at_1_diff1": 0.21888,
        "nauc_map_at_3_max": 0.585608,
        "nauc_map_at_3_std": 0.193492,
        "nauc_map_at_3_diff1": 0.457422,
        "nauc_map_at_5_max": 0.601634,
        "nauc_map_at_5_std": 0.184979,
        "nauc_map_at_5_diff1": 0.452211,
        "nauc_map_at_10_max": 0.62337,
        "nauc_map_at_10_std": 0.219215,
        "nauc_map_at_10_diff1": 0.481221,
        "nauc_map_at_20_max": 0.594064,
        "nauc_map_at_20_std": 0.225715,
        "nauc_map_at_20_diff1": 0.437535,
        "nauc_map_at_100_max": 0.603838,
        "nauc_map_at_100_std": 0.213564,
        "nauc_map_at_100_diff1": 0.446969,
        "nauc_map_at_1000_max": 0.603838,
        "nauc_map_at_1000_std": 0.213564,
        "nauc_map_at_1000_diff1": 0.446969,
        "nauc_recall_at_1_max": 0.360319,
        "nauc_recall_at_1_std": 0.099216,
        "nauc_recall_at_1_diff1": 0.21888,
        "nauc_recall_at_3_max": 0.624621,
        "nauc_recall_at_3_std": 0.20138,
        "nauc_recall_at_3_diff1": 0.469369,
        "nauc_recall_at_5_max": 0.569551,
        "nauc_recall_at_5_std": 0.166878,
        "nauc_recall_at_5_diff1": 0.413019,
        "nauc_recall_at_10_max": 0.551875,
        "nauc_recall_at_10_std": 0.247722,
        "nauc_recall_at_10_diff1": 0.446109,
        "nauc_recall_at_20_max": 0.325386,
        "nauc_recall_at_20_std": 0.264801,
        "nauc_recall_at_20_diff1": 0.181759,
        "nauc_recall_at_100_max": NaN,
        "nauc_recall_at_100_std": NaN,
        "nauc_recall_at_100_diff1": NaN,
        "nauc_recall_at_1000_max": NaN,
        "nauc_recall_at_1000_std": NaN,
        "nauc_recall_at_1000_diff1": NaN,
        "nauc_precision_at_1_max": 0.508746,
        "nauc_precision_at_1_std": 0.069581,
        "nauc_precision_at_1_diff1": 0.366491,
        "nauc_precision_at_3_max": 0.694682,
        "nauc_precision_at_3_std": 0.173853,
        "nauc_precision_at_3_diff1": 0.565854,
        "nauc_precision_at_5_max": 0.566749,
        "nauc_precision_at_5_std": 0.125494,
        "nauc_precision_at_5_diff1": 0.439057,
        "nauc_precision_at_10_max": 0.516206,
        "nauc_precision_at_10_std": 0.191499,
        "nauc_precision_at_10_diff1": 0.43502,
        "nauc_precision_at_20_max": 0.277388,
        "nauc_precision_at_20_std": 0.186516,
        "nauc_precision_at_20_diff1": 0.172717,
        "nauc_precision_at_100_max": 0.032747,
        "nauc_precision_at_100_std": -0.103511,
        "nauc_precision_at_100_diff1": -0.003147,
        "nauc_precision_at_1000_max": 0.032747,
        "nauc_precision_at_1000_std": -0.103511,
        "nauc_precision_at_1000_diff1": -0.003147,
        "nauc_mrr_at_1_max": 0.508746,
        "nauc_mrr_at_1_std": 0.069581,
        "nauc_mrr_at_1_diff1": 0.366491,
        "nauc_mrr_at_3_max": 0.566536,
        "nauc_mrr_at_3_std": 0.072755,
        "nauc_mrr_at_3_diff1": 0.417385,
        "nauc_mrr_at_5_max": 0.542308,
        "nauc_mrr_at_5_std": 0.07251,
        "nauc_mrr_at_5_diff1": 0.414537,
        "nauc_mrr_at_10_max": 0.534827,
        "nauc_mrr_at_10_std": 0.085875,
        "nauc_mrr_at_10_diff1": 0.406825,
        "nauc_mrr_at_20_max": 0.534298,
        "nauc_mrr_at_20_std": 0.079315,
        "nauc_mrr_at_20_diff1": 0.409285,
        "nauc_mrr_at_100_max": 0.537305,
        "nauc_mrr_at_100_std": 0.081251,
        "nauc_mrr_at_100_diff1": 0.409353,
        "nauc_mrr_at_1000_max": 0.537305,
        "nauc_mrr_at_1000_std": 0.081251,
        "nauc_mrr_at_1000_diff1": 0.409353,
        "hit_rate_at_1": 0.38,
        "hit_rate_at_3": 0.66,
        "hit_rate_at_5": 0.76,
        "hit_rate_at_10": 0.92,
        "hit_rate_at_20": 0.96,
        "hit_rate_at_100": 1.0,
        "hit_rate_at_1000": 1.0,
        "main_score": 0.40348,
        "hf_subset": "default",
        "languages": [
          "eng-Latn"
        ]
      }
    ]
  },
  "evaluation_time": 4.328237771987915,
  "kg_co2_emissions": null,
  "date": 1774447716.330587
}