{
  "dataset_revision": "300cb175d1b608cfc3fdb94fd06b3ceb937f9b6a",
  "task_name": "LLMLegalBenchCorporateLobbying",
  "mteb_version": "2.11.6",
  "scores": {
    "test": [
      {
        "ndcg_at_1": 0.88824,
        "ndcg_at_3": 0.94793,
        "ndcg_at_5": 0.9492,
        "ndcg_at_10": 0.95018,
        "ndcg_at_20": 0.95087,
        "ndcg_at_100": 0.95134,
        "ndcg_at_1000": 0.95172,
        "map_at_1": 0.88824,
        "map_at_3": 0.9348,
        "map_at_5": 0.93554,
        "map_at_10": 0.93596,
        "map_at_20": 0.93612,
        "map_at_100": 0.93616,
        "map_at_1000": 0.93618,
        "recall_at_1": 0.88824,
        "recall_at_3": 0.98529,
        "recall_at_5": 0.98824,
        "recall_at_10": 0.99118,
        "recall_at_20": 0.99412,
        "recall_at_100": 0.99706,
        "recall_at_1000": 1.0,
        "accuracy": 0.88824,
        "precision_at_1": 0.88824,
        "precision_at_3": 0.32843,
        "precision_at_5": 0.19765,
        "precision_at_10": 0.09912,
        "precision_at_20": 0.04971,
        "precision_at_100": 0.00997,
        "precision_at_1000": 0.001,
        "mrr_at_1": 0.888235,
        "mrr_at_3": 0.934804,
        "mrr_at_5": 0.935539,
        "mrr_at_10": 0.935959,
        "mrr_at_20": 0.936123,
        "mrr_at_100": 0.936161,
        "mrr_at_1000": 0.936176,
        "nauc_ndcg_at_1_max": 0.365041,
        "nauc_ndcg_at_1_std": -0.200944,
        "nauc_ndcg_at_1_diff1": 0.898039,
        "nauc_ndcg_at_3_max": 0.439924,
        "nauc_ndcg_at_3_std": -0.200135,
        "nauc_ndcg_at_3_diff1": 0.878166,
        "nauc_ndcg_at_5_max": 0.429098,
        "nauc_ndcg_at_5_std": -0.190973,
        "nauc_ndcg_at_5_diff1": 0.875094,
        "nauc_ndcg_at_10_max": 0.420336,
        "nauc_ndcg_at_10_std": -0.171849,
        "nauc_ndcg_at_10_diff1": 0.87521,
        "nauc_ndcg_at_20_max": 0.412071,
        "nauc_ndcg_at_20_std": -0.186693,
        "nauc_ndcg_at_20_diff1": 0.875294,
        "nauc_ndcg_at_100_max": 0.417747,
        "nauc_ndcg_at_100_std": -0.17158,
        "nauc_ndcg_at_100_diff1": 0.880327,
        "nauc_ndcg_at_1000_max": 0.413047,
        "nauc_ndcg_at_1000_std": -0.181038,
        "nauc_ndcg_at_1000_diff1": 0.880416,
        "nauc_map_at_1_max": 0.365041,
        "nauc_map_at_1_std": -0.200944,
        "nauc_map_at_1_diff1": 0.898039,
        "nauc_map_at_3_max": 0.41713,
        "nauc_map_at_3_std": -0.192078,
        "nauc_map_at_3_diff1": 0.885073,
        "nauc_map_at_5_max": 0.41191,
        "nauc_map_at_5_std": -0.18779,
        "nauc_map_at_5_diff1": 0.883746,
        "nauc_map_at_10_max": 0.408873,
        "nauc_map_at_10_std": -0.181389,
        "nauc_map_at_10_diff1": 0.883842,
        "nauc_map_at_20_max": 0.407343,
        "nauc_map_at_20_std": -0.18411,
        "nauc_map_at_20_diff1": 0.88388,
        "nauc_map_at_100_max": 0.407693,
        "nauc_map_at_100_std": -0.183167,
        "nauc_map_at_100_diff1": 0.884198,
        "nauc_map_at_1000_max": 0.407553,
        "nauc_map_at_1000_std": -0.183446,
        "nauc_map_at_1000_diff1": 0.884202,
        "nauc_recall_at_1_max": 0.365041,
        "nauc_recall_at_1_std": -0.200944,
        "nauc_recall_at_1_diff1": 0.898039,
        "nauc_recall_at_3_max": 0.713445,
        "nauc_recall_at_3_std": -0.31718,
        "nauc_recall_at_3_diff1": 0.793184,
        "nauc_recall_at_5_max": 0.674486,
        "nauc_recall_at_5_std": -0.255602,
        "nauc_recall_at_5_diff1": 0.74148,
        "nauc_recall_at_10_max": 0.609555,
        "nauc_recall_at_10_std": 0.043106,
        "nauc_recall_at_10_diff1": 0.69888,
        "nauc_recall_at_20_max": 0.414332,
        "nauc_recall_at_20_std": -0.369981,
        "nauc_recall_at_20_diff1": 0.613679,
        "nauc_recall_at_100_max": 1.0,
        "nauc_recall_at_100_std": 1.0,
        "nauc_recall_at_100_diff1": 0.869281,
        "nauc_recall_at_1000_max": NaN,
        "nauc_recall_at_1000_std": NaN,
        "nauc_recall_at_1000_diff1": NaN,
        "nauc_precision_at_1_max": 0.365041,
        "nauc_precision_at_1_std": -0.200944,
        "nauc_precision_at_1_diff1": 0.898039,
        "nauc_precision_at_3_max": 0.713445,
        "nauc_precision_at_3_std": -0.31718,
        "nauc_precision_at_3_diff1": 0.793184,
        "nauc_precision_at_5_max": 0.674486,
        "nauc_precision_at_5_std": -0.255602,
        "nauc_precision_at_5_diff1": 0.74148,
        "nauc_precision_at_10_max": 0.609555,
        "nauc_precision_at_10_std": 0.043106,
        "nauc_precision_at_10_diff1": 0.69888,
        "nauc_precision_at_20_max": 0.414332,
        "nauc_precision_at_20_std": -0.369981,
        "nauc_precision_at_20_diff1": 0.613679,
        "nauc_precision_at_100_max": 1.0,
        "nauc_precision_at_100_std": 1.0,
        "nauc_precision_at_100_diff1": 0.869281,
        "nauc_precision_at_1000_max": 1.0,
        "nauc_precision_at_1000_std": 1.0,
        "nauc_precision_at_1000_diff1": 1.0,
        "nauc_mrr_at_1_max": 0.365041,
        "nauc_mrr_at_1_std": -0.200944,
        "nauc_mrr_at_1_diff1": 0.898039,
        "nauc_mrr_at_3_max": 0.41713,
        "nauc_mrr_at_3_std": -0.192078,
        "nauc_mrr_at_3_diff1": 0.885073,
        "nauc_mrr_at_5_max": 0.41191,
        "nauc_mrr_at_5_std": -0.18779,
        "nauc_mrr_at_5_diff1": 0.883746,
        "nauc_mrr_at_10_max": 0.408873,
        "nauc_mrr_at_10_std": -0.181389,
        "nauc_mrr_at_10_diff1": 0.883842,
        "nauc_mrr_at_20_max": 0.407343,
        "nauc_mrr_at_20_std": -0.18411,
        "nauc_mrr_at_20_diff1": 0.88388,
        "nauc_mrr_at_100_max": 0.407693,
        "nauc_mrr_at_100_std": -0.183167,
        "nauc_mrr_at_100_diff1": 0.884198,
        "nauc_mrr_at_1000_max": 0.407553,
        "nauc_mrr_at_1000_std": -0.183446,
        "nauc_mrr_at_1000_diff1": 0.884202,
        "hit_rate_at_1": 0.88824,
        "hit_rate_at_3": 0.98529,
        "hit_rate_at_5": 0.98824,
        "hit_rate_at_10": 0.99118,
        "hit_rate_at_20": 0.99412,
        "hit_rate_at_100": 0.99706,
        "hit_rate_at_1000": 1.0,
        "main_score": 0.95018,
        "hf_subset": "default",
        "languages": [
          "eng-Latn"
        ]
      }
    ]
  },
  "evaluation_time": 13.827591180801392,
  "kg_co2_emissions": null,
  "date": 1774447730.165964
}