{
  "dataset_revision": "d6628df131c3279007b88fe3e057e809dac056af",
  "task_name": "LLMSpartQA",
  "mteb_version": "2.11.6",
  "scores": {
    "test": [
      {
        "ndcg_at_1": 0.005,
        "ndcg_at_3": 0.02377,
        "ndcg_at_5": 0.0418,
        "ndcg_at_10": 0.08123,
        "ndcg_at_20": 0.10358,
        "ndcg_at_100": 0.1388,
        "ndcg_at_1000": 0.17926,
        "map_at_1": 0.005,
        "map_at_3": 0.01639,
        "map_at_5": 0.02564,
        "map_at_10": 0.04143,
        "map_at_20": 0.04776,
        "map_at_100": 0.05224,
        "map_at_1000": 0.05353,
        "recall_at_1": 0.005,
        "recall_at_3": 0.03333,
        "recall_at_5": 0.075,
        "recall_at_10": 0.18667,
        "recall_at_20": 0.26333,
        "recall_at_100": 0.43,
        "recall_at_1000": 0.725,
        "accuracy": 0.005,
        "precision_at_1": 0.005,
        "precision_at_3": 0.02,
        "precision_at_5": 0.023,
        "precision_at_10": 0.027,
        "precision_at_20": 0.0195,
        "precision_at_100": 0.007,
        "precision_at_1000": 0.00122,
        "mrr_at_1": 0.005,
        "mrr_at_3": 0.0275,
        "mrr_at_5": 0.03975,
        "mrr_at_10": 0.059734,
        "mrr_at_20": 0.067401,
        "mrr_at_100": 0.072417,
        "mrr_at_1000": 0.073437,
        "nauc_ndcg_at_1_max": -0.318487,
        "nauc_ndcg_at_1_std": 1.0,
        "nauc_ndcg_at_1_diff1": -0.318487,
        "nauc_ndcg_at_3_max": -0.188113,
        "nauc_ndcg_at_3_std": 0.632835,
        "nauc_ndcg_at_3_diff1": -0.171604,
        "nauc_ndcg_at_5_max": -0.13735,
        "nauc_ndcg_at_5_std": 0.579271,
        "nauc_ndcg_at_5_diff1": -0.169177,
        "nauc_ndcg_at_10_max": -0.057696,
        "nauc_ndcg_at_10_std": 0.601924,
        "nauc_ndcg_at_10_diff1": -0.169294,
        "nauc_ndcg_at_20_max": 0.025559,
        "nauc_ndcg_at_20_std": 0.663848,
        "nauc_ndcg_at_20_diff1": -0.186497,
        "nauc_ndcg_at_100_max": 0.02363,
        "nauc_ndcg_at_100_std": 0.66753,
        "nauc_ndcg_at_100_diff1": -0.164166,
        "nauc_ndcg_at_1000_max": 0.032698,
        "nauc_ndcg_at_1000_std": 0.661677,
        "nauc_ndcg_at_1000_diff1": -0.145574,
        "nauc_map_at_1_max": -0.318487,
        "nauc_map_at_1_std": 1.0,
        "nauc_map_at_1_diff1": -0.318487,
        "nauc_map_at_3_max": -0.225833,
        "nauc_map_at_3_std": 0.656196,
        "nauc_map_at_3_diff1": -0.214104,
        "nauc_map_at_5_max": -0.17173,
        "nauc_map_at_5_std": 0.615139,
        "nauc_map_at_5_diff1": -0.19507,
        "nauc_map_at_10_max": -0.095642,
        "nauc_map_at_10_std": 0.631126,
        "nauc_map_at_10_diff1": -0.185998,
        "nauc_map_at_20_max": -0.047975,
        "nauc_map_at_20_std": 0.669467,
        "nauc_map_at_20_diff1": -0.192198,
        "nauc_map_at_100_max": -0.044376,
        "nauc_map_at_100_std": 0.666386,
        "nauc_map_at_100_diff1": -0.18958,
        "nauc_map_at_1000_max": -0.043486,
        "nauc_map_at_1000_std": 0.668139,
        "nauc_map_at_1000_diff1": -0.185921,
        "nauc_recall_at_1_max": -0.318487,
        "nauc_recall_at_1_std": 1.0,
        "nauc_recall_at_1_diff1": -0.318487,
        "nauc_recall_at_3_max": -0.188785,
        "nauc_recall_at_3_std": 0.611215,
        "nauc_recall_at_3_diff1": -0.151274,
        "nauc_recall_at_5_max": -0.114051,
        "nauc_recall_at_5_std": 0.562522,
        "nauc_recall_at_5_diff1": -0.142075,
        "nauc_recall_at_10_max": -0.045816,
        "nauc_recall_at_10_std": 0.564872,
        "nauc_recall_at_10_diff1": -0.162724,
        "nauc_recall_at_20_max": 0.080915,
        "nauc_recall_at_20_std": 0.645302,
        "nauc_recall_at_20_diff1": -0.178366,
        "nauc_recall_at_100_max": 0.072997,
        "nauc_recall_at_100_std": 0.637573,
        "nauc_recall_at_100_diff1": -0.149788,
        "nauc_recall_at_1000_max": 0.093776,
        "nauc_recall_at_1000_std": 0.455584,
        "nauc_recall_at_1000_diff1": -0.095628,
        "nauc_precision_at_1_max": -0.318487,
        "nauc_precision_at_1_std": 1.0,
        "nauc_precision_at_1_diff1": -0.318487,
        "nauc_precision_at_3_max": -0.111439,
        "nauc_precision_at_3_std": 0.614972,
        "nauc_precision_at_3_diff1": -0.088051,
        "nauc_precision_at_5_max": -0.093543,
        "nauc_precision_at_5_std": 0.52456,
        "nauc_precision_at_5_diff1": -0.146801,
        "nauc_precision_at_10_max": 0.007571,
        "nauc_precision_at_10_std": 0.582027,
        "nauc_precision_at_10_diff1": -0.153445,
        "nauc_precision_at_20_max": 0.108367,
        "nauc_precision_at_20_std": 0.641293,
        "nauc_precision_at_20_diff1": -0.193557,
        "nauc_precision_at_100_max": 0.008382,
        "nauc_precision_at_100_std": 0.486446,
        "nauc_precision_at_100_diff1": -0.041762,
        "nauc_precision_at_1000_max": 0.058355,
        "nauc_precision_at_1000_std": 0.091412,
        "nauc_precision_at_1000_diff1": 0.094487,
        "nauc_mrr_at_1_max": -0.318487,
        "nauc_mrr_at_1_std": 1.0,
        "nauc_mrr_at_1_diff1": -0.318487,
        "nauc_mrr_at_3_max": -0.153613,
        "nauc_mrr_at_3_std": 0.631193,
        "nauc_mrr_at_3_diff1": -0.161101,
        "nauc_mrr_at_5_max": -0.136477,
        "nauc_mrr_at_5_std": 0.573268,
        "nauc_mrr_at_5_diff1": -0.181812,
        "nauc_mrr_at_10_max": -0.063539,
        "nauc_mrr_at_10_std": 0.599684,
        "nauc_mrr_at_10_diff1": -0.161519,
        "nauc_mrr_at_20_max": -0.031761,
        "nauc_mrr_at_20_std": 0.61771,
        "nauc_mrr_at_20_diff1": -0.175627,
        "nauc_mrr_at_100_max": -0.019523,
        "nauc_mrr_at_100_std": 0.612366,
        "nauc_mrr_at_100_diff1": -0.163676,
        "nauc_mrr_at_1000_max": -0.020095,
        "nauc_mrr_at_1000_std": 0.612837,
        "nauc_mrr_at_1000_diff1": -0.162274,
        "hit_rate_at_1": 0.005,
        "hit_rate_at_3": 0.06,
        "hit_rate_at_5": 0.115,
        "hit_rate_at_10": 0.26,
        "hit_rate_at_20": 0.36,
        "hit_rate_at_100": 0.575,
        "hit_rate_at_1000": 0.89,
        "main_score": 0.08123,
        "hf_subset": "default",
        "languages": [
          "eng-Latn"
        ]
      }
    ]
  },
  "evaluation_time": 34.8673415184021,
  "kg_co2_emissions": null,
  "date": 1774447765.043057
}