{
  "dataset_revision": "31f9b918c30ef94e15a168cb95ca4ebf291396eb",
  "task_name": "LLMTwitterHjerneRetrieval",
  "mteb_version": "2.11.6",
  "scores": {
    "train": [
      {
        "ndcg_at_1": 0.8961,
        "ndcg_at_3": 0.75278,
        "ndcg_at_5": 0.73486,
        "ndcg_at_10": 0.7705,
        "ndcg_at_20": 0.80001,
        "ndcg_at_100": 0.82277,
        "ndcg_at_1000": 0.83505,
        "map_at_1": 0.29113,
        "map_at_3": 0.58167,
        "map_at_5": 0.65575,
        "map_at_10": 0.68887,
        "map_at_20": 0.70443,
        "map_at_100": 0.71096,
        "map_at_1000": 0.71221,
        "recall_at_1": 0.29113,
        "recall_at_3": 0.59069,
        "recall_at_5": 0.68874,
        "recall_at_10": 0.76732,
        "recall_at_20": 0.84935,
        "recall_at_100": 0.93442,
        "recall_at_1000": 1.0,
        "accuracy": 0.29113,
        "precision_at_1": 0.8961,
        "precision_at_3": 0.65368,
        "precision_at_5": 0.47013,
        "precision_at_10": 0.26623,
        "precision_at_20": 0.14545,
        "precision_at_100": 0.03208,
        "precision_at_1000": 0.0034,
        "mrr_at_1": 0.896104,
        "mrr_at_3": 0.904762,
        "mrr_at_5": 0.904762,
        "mrr_at_10": 0.90855,
        "mrr_at_20": 0.910658,
        "mrr_at_100": 0.910829,
        "mrr_at_1000": 0.910929,
        "nauc_ndcg_at_1_max": 0.876859,
        "nauc_ndcg_at_1_std": 0.263583,
        "nauc_ndcg_at_1_diff1": 0.7493,
        "nauc_ndcg_at_3_max": 0.681717,
        "nauc_ndcg_at_3_std": 0.193001,
        "nauc_ndcg_at_3_diff1": 0.242471,
        "nauc_ndcg_at_5_max": 0.58687,
        "nauc_ndcg_at_5_std": 0.132404,
        "nauc_ndcg_at_5_diff1": 0.287352,
        "nauc_ndcg_at_10_max": 0.632812,
        "nauc_ndcg_at_10_std": 0.147217,
        "nauc_ndcg_at_10_diff1": 0.319869,
        "nauc_ndcg_at_20_max": 0.656447,
        "nauc_ndcg_at_20_std": 0.180018,
        "nauc_ndcg_at_20_diff1": 0.350154,
        "nauc_ndcg_at_100_max": 0.680299,
        "nauc_ndcg_at_100_std": 0.231626,
        "nauc_ndcg_at_100_diff1": 0.354725,
        "nauc_ndcg_at_1000_max": 0.67706,
        "nauc_ndcg_at_1000_std": 0.196712,
        "nauc_ndcg_at_1000_diff1": 0.349671,
        "nauc_map_at_1_max": 0.009382,
        "nauc_map_at_1_std": -0.209096,
        "nauc_map_at_1_diff1": 0.30442,
        "nauc_map_at_3_max": 0.444107,
        "nauc_map_at_3_std": 0.001279,
        "nauc_map_at_3_diff1": 0.30963,
        "nauc_map_at_5_max": 0.522173,
        "nauc_map_at_5_std": 0.083572,
        "nauc_map_at_5_diff1": 0.241542,
        "nauc_map_at_10_max": 0.576486,
        "nauc_map_at_10_std": 0.112694,
        "nauc_map_at_10_diff1": 0.261737,
        "nauc_map_at_20_max": 0.588785,
        "nauc_map_at_20_std": 0.127823,
        "nauc_map_at_20_diff1": 0.268767,
        "nauc_map_at_100_max": 0.596375,
        "nauc_map_at_100_std": 0.139021,
        "nauc_map_at_100_diff1": 0.270136,
        "nauc_map_at_1000_max": 0.596172,
        "nauc_map_at_1000_std": 0.136461,
        "nauc_map_at_1000_diff1": 0.269803,
        "nauc_recall_at_1_max": 0.009382,
        "nauc_recall_at_1_std": -0.209096,
        "nauc_recall_at_1_diff1": 0.30442,
        "nauc_recall_at_3_max": 0.434252,
        "nauc_recall_at_3_std": -0.008614,
        "nauc_recall_at_3_diff1": 0.30557,
        "nauc_recall_at_5_max": 0.492836,
        "nauc_recall_at_5_std": 0.089964,
        "nauc_recall_at_5_diff1": 0.235122,
        "nauc_recall_at_10_max": 0.578437,
        "nauc_recall_at_10_std": 0.135228,
        "nauc_recall_at_10_diff1": 0.273207,
        "nauc_recall_at_20_max": 0.579145,
        "nauc_recall_at_20_std": 0.197086,
        "nauc_recall_at_20_diff1": 0.354953,
        "nauc_recall_at_100_max": 0.627833,
        "nauc_recall_at_100_std": 0.58436,
        "nauc_recall_at_100_diff1": 0.368648,
        "nauc_recall_at_1000_max": NaN,
        "nauc_recall_at_1000_std": NaN,
        "nauc_recall_at_1000_diff1": NaN,
        "nauc_precision_at_1_max": 0.876859,
        "nauc_precision_at_1_std": 0.263583,
        "nauc_precision_at_1_diff1": 0.7493,
        "nauc_precision_at_3_max": 0.683246,
        "nauc_precision_at_3_std": 0.302652,
        "nauc_precision_at_3_diff1": 0.122753,
        "nauc_precision_at_5_max": 0.570109,
        "nauc_precision_at_5_std": 0.311048,
        "nauc_precision_at_5_diff1": 0.002127,
        "nauc_precision_at_10_max": 0.5524,
        "nauc_precision_at_10_std": 0.344148,
        "nauc_precision_at_10_diff1": -0.007954,
        "nauc_precision_at_20_max": 0.525798,
        "nauc_precision_at_20_std": 0.412724,
        "nauc_precision_at_20_diff1": -0.034332,
        "nauc_precision_at_100_max": 0.424697,
        "nauc_precision_at_100_std": 0.49255,
        "nauc_precision_at_100_diff1": -0.115605,
        "nauc_precision_at_1000_max": 0.32494,
        "nauc_precision_at_1000_std": 0.385045,
        "nauc_precision_at_1000_diff1": -0.169744,
        "nauc_mrr_at_1_max": 0.876859,
        "nauc_mrr_at_1_std": 0.263583,
        "nauc_mrr_at_1_diff1": 0.7493,
        "nauc_mrr_at_3_max": 0.885899,
        "nauc_mrr_at_3_std": 0.295016,
        "nauc_mrr_at_3_diff1": 0.746744,
        "nauc_mrr_at_5_max": 0.885899,
        "nauc_mrr_at_5_std": 0.295016,
        "nauc_mrr_at_5_diff1": 0.746744,
        "nauc_mrr_at_10_max": 0.88428,
        "nauc_mrr_at_10_std": 0.293089,
        "nauc_mrr_at_10_diff1": 0.739361,
        "nauc_mrr_at_20_max": 0.886165,
        "nauc_mrr_at_20_std": 0.296276,
        "nauc_mrr_at_20_diff1": 0.747058,
        "nauc_mrr_at_100_max": 0.885947,
        "nauc_mrr_at_100_std": 0.29578,
        "nauc_mrr_at_100_diff1": 0.746825,
        "nauc_mrr_at_1000_max": 0.885819,
        "nauc_mrr_at_1000_std": 0.29499,
        "nauc_mrr_at_1000_diff1": 0.746541,
        "hit_rate_at_1": 0.8961,
        "hit_rate_at_3": 0.92208,
        "hit_rate_at_5": 0.92208,
        "hit_rate_at_10": 0.94805,
        "hit_rate_at_20": 0.97403,
        "hit_rate_at_100": 0.98701,
        "hit_rate_at_1000": 1.0,
        "main_score": 0.7705,
        "hf_subset": "default",
        "languages": [
          "dan-Latn"
        ]
      }
    ]
  },
  "evaluation_time": 6.764429569244385,
  "kg_co2_emissions": null,
  "date": 1774447771.815909
}