{
  "dataset_revision": "1c61e95df3d70835785db4d70f17d3a16a7bd4ce",
  "task_name": "LLMTempReasonL1",
  "mteb_version": "2.11.6",
  "scores": {
    "test": [
      {
        "ndcg_at_1": 0.01,
        "ndcg_at_3": 0.03393,
        "ndcg_at_5": 0.04166,
        "ndcg_at_10": 0.05379,
        "ndcg_at_20": 0.06145,
        "ndcg_at_100": 0.08465,
        "ndcg_at_1000": 0.14968,
        "map_at_1": 0.01,
        "map_at_3": 0.02833,
        "map_at_5": 0.03233,
        "map_at_10": 0.03687,
        "map_at_20": 0.03901,
        "map_at_100": 0.04186,
        "map_at_1000": 0.04383,
        "recall_at_1": 0.01,
        "recall_at_3": 0.05,
        "recall_at_5": 0.07,
        "recall_at_10": 0.11,
        "recall_at_20": 0.14,
        "recall_at_100": 0.27,
        "recall_at_1000": 0.81,
        "accuracy": 0.01,
        "precision_at_1": 0.01,
        "precision_at_3": 0.01667,
        "precision_at_5": 0.014,
        "precision_at_10": 0.011,
        "precision_at_20": 0.007,
        "precision_at_100": 0.0027,
        "precision_at_1000": 0.00081,
        "mrr_at_1": 0.01,
        "mrr_at_3": 0.028333,
        "mrr_at_5": 0.032333,
        "mrr_at_10": 0.036873,
        "mrr_at_20": 0.039009,
        "mrr_at_100": 0.041864,
        "mrr_at_1000": 0.043829,
        "nauc_ndcg_at_1_max": -0.205796,
        "nauc_ndcg_at_1_std": 0.323853,
        "nauc_ndcg_at_1_diff1": 0.661926,
        "nauc_ndcg_at_3_max": 0.17403,
        "nauc_ndcg_at_3_std": 0.244721,
        "nauc_ndcg_at_3_diff1": 0.275606,
        "nauc_ndcg_at_5_max": 0.14981,
        "nauc_ndcg_at_5_std": 0.269879,
        "nauc_ndcg_at_5_diff1": 0.141494,
        "nauc_ndcg_at_10_max": 0.046136,
        "nauc_ndcg_at_10_std": 0.286531,
        "nauc_ndcg_at_10_diff1": 0.03509,
        "nauc_ndcg_at_20_max": 0.043073,
        "nauc_ndcg_at_20_std": 0.30429,
        "nauc_ndcg_at_20_diff1": -0.012587,
        "nauc_ndcg_at_100_max": 0.01693,
        "nauc_ndcg_at_100_std": 0.279727,
        "nauc_ndcg_at_100_diff1": 0.021578,
        "nauc_ndcg_at_1000_max": 0.127753,
        "nauc_ndcg_at_1000_std": 0.288376,
        "nauc_ndcg_at_1000_diff1": 0.058761,
        "nauc_map_at_1_max": -0.205796,
        "nauc_map_at_1_std": 0.323853,
        "nauc_map_at_1_diff1": 0.661926,
        "nauc_map_at_3_max": 0.142884,
        "nauc_map_at_3_std": 0.233747,
        "nauc_map_at_3_diff1": 0.30283,
        "nauc_map_at_5_max": 0.130602,
        "nauc_map_at_5_std": 0.251865,
        "nauc_map_at_5_diff1": 0.210116,
        "nauc_map_at_10_max": 0.074831,
        "nauc_map_at_10_std": 0.259371,
        "nauc_map_at_10_diff1": 0.144156,
        "nauc_map_at_20_max": 0.070005,
        "nauc_map_at_20_std": 0.267935,
        "nauc_map_at_20_diff1": 0.118908,
        "nauc_map_at_100_max": 0.062116,
        "nauc_map_at_100_std": 0.268346,
        "nauc_map_at_100_diff1": 0.120423,
        "nauc_map_at_1000_max": 0.06184,
        "nauc_map_at_1000_std": 0.266635,
        "nauc_map_at_1000_diff1": 0.12574,
        "nauc_recall_at_1_max": -0.205796,
        "nauc_recall_at_1_std": 0.323853,
        "nauc_recall_at_1_diff1": 0.661926,
        "nauc_recall_at_3_max": 0.224685,
        "nauc_recall_at_3_std": 0.26681,
        "nauc_recall_at_3_diff1": 0.232412,
        "nauc_recall_at_5_max": 0.172946,
        "nauc_recall_at_5_std": 0.299207,
        "nauc_recall_at_5_diff1": 0.038407,
        "nauc_recall_at_10_max": -0.000805,
        "nauc_recall_at_10_std": 0.323225,
        "nauc_recall_at_10_diff1": -0.099177,
        "nauc_recall_at_20_max": 0.006576,
        "nauc_recall_at_20_std": 0.349294,
        "nauc_recall_at_20_diff1": -0.161505,
        "nauc_recall_at_100_max": -0.030715,
        "nauc_recall_at_100_std": 0.269744,
        "nauc_recall_at_100_diff1": -0.039154,
        "nauc_recall_at_1000_max": 0.592435,
        "nauc_recall_at_1000_std": 0.334748,
        "nauc_recall_at_1000_diff1": 0.006522,
        "nauc_precision_at_1_max": -0.205796,
        "nauc_precision_at_1_std": 0.323853,
        "nauc_precision_at_1_diff1": 0.661926,
        "nauc_precision_at_3_max": 0.224685,
        "nauc_precision_at_3_std": 0.26681,
        "nauc_precision_at_3_diff1": 0.232412,
        "nauc_precision_at_5_max": 0.172946,
        "nauc_precision_at_5_std": 0.299207,
        "nauc_precision_at_5_diff1": 0.038407,
        "nauc_precision_at_10_max": -0.000805,
        "nauc_precision_at_10_std": 0.323225,
        "nauc_precision_at_10_diff1": -0.099177,
        "nauc_precision_at_20_max": 0.006576,
        "nauc_precision_at_20_std": 0.349294,
        "nauc_precision_at_20_diff1": -0.161505,
        "nauc_precision_at_100_max": -0.030715,
        "nauc_precision_at_100_std": 0.269744,
        "nauc_precision_at_100_diff1": -0.039154,
        "nauc_precision_at_1000_max": 0.592435,
        "nauc_precision_at_1000_std": 0.334748,
        "nauc_precision_at_1000_diff1": 0.006522,
        "nauc_mrr_at_1_max": -0.205796,
        "nauc_mrr_at_1_std": 0.323853,
        "nauc_mrr_at_1_diff1": 0.661926,
        "nauc_mrr_at_3_max": 0.142884,
        "nauc_mrr_at_3_std": 0.233747,
        "nauc_mrr_at_3_diff1": 0.30283,
        "nauc_mrr_at_5_max": 0.130602,
        "nauc_mrr_at_5_std": 0.251865,
        "nauc_mrr_at_5_diff1": 0.210116,
        "nauc_mrr_at_10_max": 0.074831,
        "nauc_mrr_at_10_std": 0.259371,
        "nauc_mrr_at_10_diff1": 0.144156,
        "nauc_mrr_at_20_max": 0.070005,
        "nauc_mrr_at_20_std": 0.267935,
        "nauc_mrr_at_20_diff1": 0.118908,
        "nauc_mrr_at_100_max": 0.062116,
        "nauc_mrr_at_100_std": 0.268346,
        "nauc_mrr_at_100_diff1": 0.120423,
        "nauc_mrr_at_1000_max": 0.06184,
        "nauc_mrr_at_1000_std": 0.266635,
        "nauc_mrr_at_1000_diff1": 0.12574,
        "hit_rate_at_1": 0.01,
        "hit_rate_at_3": 0.05,
        "hit_rate_at_5": 0.07,
        "hit_rate_at_10": 0.11,
        "hit_rate_at_20": 0.14,
        "hit_rate_at_100": 0.27,
        "hit_rate_at_1000": 0.81,
        "main_score": 0.05379,
        "hf_subset": "default",
        "languages": [
          "eng-Latn"
        ]
      }
    ]
  },
  "evaluation_time": 251.84740662574768,
  "kg_co2_emissions": null,
  "date": 1774447711.992082
}