{
  "dataset_revision": "bc2a1e4c24771a6f3432578016cfb737732398fd",
  "task_name": "LLMWinoGrande",
  "mteb_version": "2.11.6",
  "scores": {
    "test": [
      {
        "ndcg_at_1": 0.205,
        "ndcg_at_3": 0.36476,
        "ndcg_at_5": 0.42071,
        "ndcg_at_10": 0.46408,
        "ndcg_at_20": 0.48779,
        "ndcg_at_100": 0.50966,
        "ndcg_at_1000": 0.51507,
        "map_at_1": 0.205,
        "map_at_3": 0.325,
        "map_at_5": 0.35625,
        "map_at_10": 0.37399,
        "map_at_20": 0.38101,
        "map_at_100": 0.38419,
        "map_at_1000": 0.38443,
        "recall_at_1": 0.205,
        "recall_at_3": 0.48,
        "recall_at_5": 0.615,
        "recall_at_10": 0.75,
        "recall_at_20": 0.84,
        "recall_at_100": 0.955,
        "recall_at_1000": 0.995,
        "accuracy": 0.205,
        "precision_at_1": 0.205,
        "precision_at_3": 0.16,
        "precision_at_5": 0.123,
        "precision_at_10": 0.075,
        "precision_at_20": 0.042,
        "precision_at_100": 0.00955,
        "precision_at_1000": 0.001,
        "mrr_at_1": 0.205,
        "mrr_at_3": 0.325,
        "mrr_at_5": 0.35625,
        "mrr_at_10": 0.373988,
        "mrr_at_20": 0.381008,
        "mrr_at_100": 0.384188,
        "mrr_at_1000": 0.384434,
        "nauc_ndcg_at_1_max": 0.082079,
        "nauc_ndcg_at_1_std": 0.007587,
        "nauc_ndcg_at_1_diff1": 0.199157,
        "nauc_ndcg_at_3_max": -0.053565,
        "nauc_ndcg_at_3_std": -0.133409,
        "nauc_ndcg_at_3_diff1": 0.104595,
        "nauc_ndcg_at_5_max": -0.100246,
        "nauc_ndcg_at_5_std": -0.183977,
        "nauc_ndcg_at_5_diff1": 0.091112,
        "nauc_ndcg_at_10_max": -0.082978,
        "nauc_ndcg_at_10_std": -0.164819,
        "nauc_ndcg_at_10_diff1": 0.111003,
        "nauc_ndcg_at_20_max": -0.082637,
        "nauc_ndcg_at_20_std": -0.172348,
        "nauc_ndcg_at_20_diff1": 0.14531,
        "nauc_ndcg_at_100_max": -0.079725,
        "nauc_ndcg_at_100_std": -0.141996,
        "nauc_ndcg_at_100_diff1": 0.111484,
        "nauc_ndcg_at_1000_max": -0.066818,
        "nauc_ndcg_at_1000_std": -0.136771,
        "nauc_ndcg_at_1000_diff1": 0.117278,
        "nauc_map_at_1_max": 0.082079,
        "nauc_map_at_1_std": 0.007587,
        "nauc_map_at_1_diff1": 0.199157,
        "nauc_map_at_3_max": -0.023492,
        "nauc_map_at_3_std": -0.100206,
        "nauc_map_at_3_diff1": 0.122227,
        "nauc_map_at_5_max": -0.048687,
        "nauc_map_at_5_std": -0.128192,
        "nauc_map_at_5_diff1": 0.114828,
        "nauc_map_at_10_max": -0.04201,
        "nauc_map_at_10_std": -0.118163,
        "nauc_map_at_10_diff1": 0.122589,
        "nauc_map_at_20_max": -0.041354,
        "nauc_map_at_20_std": -0.119334,
        "nauc_map_at_20_diff1": 0.131902,
        "nauc_map_at_100_max": -0.041227,
        "nauc_map_at_100_std": -0.114674,
        "nauc_map_at_100_diff1": 0.127614,
        "nauc_map_at_1000_max": -0.040618,
        "nauc_map_at_1000_std": -0.114374,
        "nauc_map_at_1000_diff1": 0.127864,
        "nauc_recall_at_1_max": 0.082079,
        "nauc_recall_at_1_std": 0.007587,
        "nauc_recall_at_1_diff1": 0.199157,
        "nauc_recall_at_3_max": -0.133296,
        "nauc_recall_at_3_std": -0.22216,
        "nauc_recall_at_3_diff1": 0.059086,
        "nauc_recall_at_5_max": -0.259278,
        "nauc_recall_at_5_std": -0.355978,
        "nauc_recall_at_5_diff1": 0.021082,
        "nauc_recall_at_10_max": -0.236714,
        "nauc_recall_at_10_std": -0.348571,
        "nauc_recall_at_10_diff1": 0.079205,
        "nauc_recall_at_20_max": -0.303372,
        "nauc_recall_at_20_std": -0.484321,
        "nauc_recall_at_20_diff1": 0.293722,
        "nauc_recall_at_100_max": -0.686067,
        "nauc_recall_at_100_std": -0.37452,
        "nauc_recall_at_100_diff1": -0.318809,
        "nauc_recall_at_1000_max": -1.151727,
        "nauc_recall_at_1000_std": -0.563492,
        "nauc_recall_at_1000_diff1": -1.739963,
        "nauc_precision_at_1_max": 0.082079,
        "nauc_precision_at_1_std": 0.007587,
        "nauc_precision_at_1_diff1": 0.199157,
        "nauc_precision_at_3_max": -0.133296,
        "nauc_precision_at_3_std": -0.22216,
        "nauc_precision_at_3_diff1": 0.059086,
        "nauc_precision_at_5_max": -0.259278,
        "nauc_precision_at_5_std": -0.355978,
        "nauc_precision_at_5_diff1": 0.021082,
        "nauc_precision_at_10_max": -0.236714,
        "nauc_precision_at_10_std": -0.348571,
        "nauc_precision_at_10_diff1": 0.079205,
        "nauc_precision_at_20_max": -0.303372,
        "nauc_precision_at_20_std": -0.484321,
        "nauc_precision_at_20_diff1": 0.293722,
        "nauc_precision_at_100_max": -0.686067,
        "nauc_precision_at_100_std": -0.37452,
        "nauc_precision_at_100_diff1": -0.318809,
        "nauc_precision_at_1000_max": -1.151727,
        "nauc_precision_at_1000_std": -0.563492,
        "nauc_precision_at_1000_diff1": -1.739963,
        "nauc_mrr_at_1_max": 0.082079,
        "nauc_mrr_at_1_std": 0.007587,
        "nauc_mrr_at_1_diff1": 0.199157,
        "nauc_mrr_at_3_max": -0.023492,
        "nauc_mrr_at_3_std": -0.100206,
        "nauc_mrr_at_3_diff1": 0.122227,
        "nauc_mrr_at_5_max": -0.048687,
        "nauc_mrr_at_5_std": -0.128192,
        "nauc_mrr_at_5_diff1": 0.114828,
        "nauc_mrr_at_10_max": -0.04201,
        "nauc_mrr_at_10_std": -0.118163,
        "nauc_mrr_at_10_diff1": 0.122589,
        "nauc_mrr_at_20_max": -0.041354,
        "nauc_mrr_at_20_std": -0.119334,
        "nauc_mrr_at_20_diff1": 0.131902,
        "nauc_mrr_at_100_max": -0.041227,
        "nauc_mrr_at_100_std": -0.114674,
        "nauc_mrr_at_100_diff1": 0.127614,
        "nauc_mrr_at_1000_max": -0.040618,
        "nauc_mrr_at_1000_std": -0.114374,
        "nauc_mrr_at_1000_diff1": 0.127864,
        "hit_rate_at_1": 0.205,
        "hit_rate_at_3": 0.48,
        "hit_rate_at_5": 0.615,
        "hit_rate_at_10": 0.75,
        "hit_rate_at_20": 0.84,
        "hit_rate_at_100": 0.955,
        "hit_rate_at_1000": 0.995,
        "main_score": 0.46408,
        "hf_subset": "default",
        "languages": [
          "eng-Latn"
        ]
      }
    ]
  },
  "evaluation_time": 101.52850198745728,
  "kg_co2_emissions": null,
  "date": 1774447873.352453
}