{
  "dataset_revision": "a2acf12d293ea934823ca26752a05c5bfab24dff",
  "task_name": "LLMAILAStatutes",
  "mteb_version": "2.11.6",
  "scores": {
    "test": [
      {
        "ndcg_at_1": 0.34,
        "ndcg_at_3": 0.29204,
        "ndcg_at_5": 0.29617,
        "ndcg_at_10": 0.37789,
        "ndcg_at_20": 0.45842,
        "ndcg_at_100": 0.56257,
        "ndcg_at_1000": 0.56257,
        "map_at_1": 0.081,
        "map_at_3": 0.14533,
        "map_at_5": 0.19328,
        "map_at_10": 0.23946,
        "map_at_20": 0.27891,
        "map_at_100": 0.31272,
        "map_at_1000": 0.31272,
        "recall_at_1": 0.081,
        "recall_at_3": 0.191,
        "recall_at_5": 0.297,
        "recall_at_10": 0.452,
        "recall_at_20": 0.65633,
        "recall_at_100": 1.0,
        "recall_at_1000": 1.0,
        "accuracy": 0.081,
        "precision_at_1": 0.34,
        "precision_at_3": 0.28,
        "precision_at_5": 0.26,
        "precision_at_10": 0.2,
        "precision_at_20": 0.142,
        "precision_at_100": 0.0434,
        "precision_at_1000": 0.00434,
        "mrr_at_1": 0.34,
        "mrr_at_3": 0.453333,
        "mrr_at_5": 0.480333,
        "mrr_at_10": 0.505333,
        "mrr_at_20": 0.51083,
        "mrr_at_100": 0.51083,
        "mrr_at_1000": 0.51083,
        "nauc_ndcg_at_1_max": 0.509897,
        "nauc_ndcg_at_1_std": 0.113066,
        "nauc_ndcg_at_1_diff1": 0.294072,
        "nauc_ndcg_at_3_max": 0.520829,
        "nauc_ndcg_at_3_std": 0.156671,
        "nauc_ndcg_at_3_diff1": 0.264921,
        "nauc_ndcg_at_5_max": 0.591607,
        "nauc_ndcg_at_5_std": 0.278879,
        "nauc_ndcg_at_5_diff1": 0.295727,
        "nauc_ndcg_at_10_max": 0.582026,
        "nauc_ndcg_at_10_std": 0.316539,
        "nauc_ndcg_at_10_diff1": 0.298166,
        "nauc_ndcg_at_20_max": 0.553327,
        "nauc_ndcg_at_20_std": 0.267957,
        "nauc_ndcg_at_20_diff1": 0.221336,
        "nauc_ndcg_at_100_max": 0.552268,
        "nauc_ndcg_at_100_std": 0.244862,
        "nauc_ndcg_at_100_diff1": 0.25239,
        "nauc_ndcg_at_1000_max": 0.552268,
        "nauc_ndcg_at_1000_std": 0.244862,
        "nauc_ndcg_at_1000_diff1": 0.25239,
        "nauc_map_at_1_max": 0.48321,
        "nauc_map_at_1_std": 0.175784,
        "nauc_map_at_1_diff1": 0.250666,
        "nauc_map_at_3_max": 0.542846,
        "nauc_map_at_3_std": 0.174684,
        "nauc_map_at_3_diff1": 0.256239,
        "nauc_map_at_5_max": 0.589291,
        "nauc_map_at_5_std": 0.251238,
        "nauc_map_at_5_diff1": 0.30498,
        "nauc_map_at_10_max": 0.588716,
        "nauc_map_at_10_std": 0.280555,
        "nauc_map_at_10_diff1": 0.297563,
        "nauc_map_at_20_max": 0.569622,
        "nauc_map_at_20_std": 0.261819,
        "nauc_map_at_20_diff1": 0.246305,
        "nauc_map_at_100_max": 0.570062,
        "nauc_map_at_100_std": 0.257363,
        "nauc_map_at_100_diff1": 0.253486,
        "nauc_map_at_1000_max": 0.570062,
        "nauc_map_at_1000_std": 0.257363,
        "nauc_map_at_1000_diff1": 0.253486,
        "nauc_recall_at_1_max": 0.48321,
        "nauc_recall_at_1_std": 0.175784,
        "nauc_recall_at_1_diff1": 0.250666,
        "nauc_recall_at_3_max": 0.528077,
        "nauc_recall_at_3_std": 0.220384,
        "nauc_recall_at_3_diff1": 0.254373,
        "nauc_recall_at_5_max": 0.601705,
        "nauc_recall_at_5_std": 0.362762,
        "nauc_recall_at_5_diff1": 0.290226,
        "nauc_recall_at_10_max": 0.55475,
        "nauc_recall_at_10_std": 0.417017,
        "nauc_recall_at_10_diff1": 0.289121,
        "nauc_recall_at_20_max": 0.401494,
        "nauc_recall_at_20_std": 0.260749,
        "nauc_recall_at_20_diff1": 0.066644,
        "nauc_recall_at_100_max": NaN,
        "nauc_recall_at_100_std": NaN,
        "nauc_recall_at_100_diff1": NaN,
        "nauc_recall_at_1000_max": NaN,
        "nauc_recall_at_1000_std": NaN,
        "nauc_recall_at_1000_diff1": NaN,
        "nauc_precision_at_1_max": 0.509897,
        "nauc_precision_at_1_std": 0.113066,
        "nauc_precision_at_1_diff1": 0.294072,
        "nauc_precision_at_3_max": 0.501161,
        "nauc_precision_at_3_std": 0.152574,
        "nauc_precision_at_3_diff1": 0.260268,
        "nauc_precision_at_5_max": 0.551546,
        "nauc_precision_at_5_std": 0.269564,
        "nauc_precision_at_5_diff1": 0.280935,
        "nauc_precision_at_10_max": 0.466039,
        "nauc_precision_at_10_std": 0.300411,
        "nauc_precision_at_10_diff1": 0.239326,
        "nauc_precision_at_20_max": 0.315444,
        "nauc_precision_at_20_std": 0.133713,
        "nauc_precision_at_20_diff1": 0.024116,
        "nauc_precision_at_100_max": -0.15512,
        "nauc_precision_at_100_std": -0.248111,
        "nauc_precision_at_100_diff1": -0.142862,
        "nauc_precision_at_1000_max": -0.15512,
        "nauc_precision_at_1000_std": -0.248111,
        "nauc_precision_at_1000_diff1": -0.142862,
        "nauc_mrr_at_1_max": 0.509897,
        "nauc_mrr_at_1_std": 0.113066,
        "nauc_mrr_at_1_diff1": 0.294072,
        "nauc_mrr_at_3_max": 0.520659,
        "nauc_mrr_at_3_std": 0.183087,
        "nauc_mrr_at_3_diff1": 0.273898,
        "nauc_mrr_at_5_max": 0.541043,
        "nauc_mrr_at_5_std": 0.214508,
        "nauc_mrr_at_5_diff1": 0.268045,
        "nauc_mrr_at_10_max": 0.529739,
        "nauc_mrr_at_10_std": 0.206315,
        "nauc_mrr_at_10_diff1": 0.27106,
        "nauc_mrr_at_20_max": 0.53205,
        "nauc_mrr_at_20_std": 0.197905,
        "nauc_mrr_at_20_diff1": 0.271331,
        "nauc_mrr_at_100_max": 0.53205,
        "nauc_mrr_at_100_std": 0.197905,
        "nauc_mrr_at_100_diff1": 0.271331,
        "nauc_mrr_at_1000_max": 0.53205,
        "nauc_mrr_at_1000_std": 0.197905,
        "nauc_mrr_at_1000_diff1": 0.271331,
        "hit_rate_at_1": 0.34,
        "hit_rate_at_3": 0.62,
        "hit_rate_at_5": 0.74,
        "hit_rate_at_10": 0.92,
        "hit_rate_at_20": 1.0,
        "hit_rate_at_100": 1.0,
        "hit_rate_at_1000": 1.0,
        "main_score": 0.37789,
        "hf_subset": "default",
        "languages": [
          "eng-Latn"
        ]
      }
    ]
  },
  "evaluation_time": 6.063673973083496,
  "kg_co2_emissions": null,
  "date": 1774394161.485237
}