{
  "dataset_revision": "300cb175d1b608cfc3fdb94fd06b3ceb937f9b6a",
  "task_name": "LLMLegalBenchCorporateLobbying",
  "mteb_version": "2.11.6",
  "scores": {
    "test": [
      {
        "ndcg_at_1": 0.87647,
        "ndcg_at_3": 0.93841,
        "ndcg_at_5": 0.94221,
        "ndcg_at_10": 0.94417,
        "ndcg_at_20": 0.94492,
        "ndcg_at_100": 0.94541,
        "ndcg_at_1000": 0.94576,
        "map_at_1": 0.87647,
        "map_at_3": 0.925,
        "map_at_5": 0.92721,
        "map_at_10": 0.92805,
        "map_at_20": 0.92826,
        "map_at_100": 0.9283,
        "map_at_1000": 0.92831,
        "recall_at_1": 0.87647,
        "recall_at_3": 0.97647,
        "recall_at_5": 0.98529,
        "recall_at_10": 0.99118,
        "recall_at_20": 0.99412,
        "recall_at_100": 0.99706,
        "recall_at_1000": 1.0,
        "accuracy": 0.87647,
        "precision_at_1": 0.87647,
        "precision_at_3": 0.32549,
        "precision_at_5": 0.19706,
        "precision_at_10": 0.09912,
        "precision_at_20": 0.04971,
        "precision_at_100": 0.00997,
        "precision_at_1000": 0.001,
        "mrr_at_1": 0.876471,
        "mrr_at_3": 0.925,
        "mrr_at_5": 0.927206,
        "mrr_at_10": 0.928046,
        "mrr_at_20": 0.928256,
        "mrr_at_100": 0.928301,
        "mrr_at_1000": 0.92831,
        "nauc_ndcg_at_1_max": 0.534289,
        "nauc_ndcg_at_1_std": -0.129805,
        "nauc_ndcg_at_1_diff1": 0.91463,
        "nauc_ndcg_at_3_max": 0.560733,
        "nauc_ndcg_at_3_std": -0.152421,
        "nauc_ndcg_at_3_diff1": 0.911315,
        "nauc_ndcg_at_5_max": 0.560015,
        "nauc_ndcg_at_5_std": -0.127042,
        "nauc_ndcg_at_5_diff1": 0.908289,
        "nauc_ndcg_at_10_max": 0.549221,
        "nauc_ndcg_at_10_std": -0.123897,
        "nauc_ndcg_at_10_diff1": 0.90998,
        "nauc_ndcg_at_20_max": 0.54293,
        "nauc_ndcg_at_20_std": -0.139582,
        "nauc_ndcg_at_20_diff1": 0.908724,
        "nauc_ndcg_at_100_max": 0.552965,
        "nauc_ndcg_at_100_std": -0.125067,
        "nauc_ndcg_at_100_diff1": 0.910415,
        "nauc_ndcg_at_1000_max": 0.549979,
        "nauc_ndcg_at_1000_std": -0.132584,
        "nauc_ndcg_at_1000_diff1": 0.91069,
        "nauc_map_at_1_max": 0.534289,
        "nauc_map_at_1_std": -0.129805,
        "nauc_map_at_1_diff1": 0.91463,
        "nauc_map_at_3_max": 0.554725,
        "nauc_map_at_3_std": -0.144717,
        "nauc_map_at_3_diff1": 0.912784,
        "nauc_map_at_5_max": 0.554208,
        "nauc_map_at_5_std": -0.132765,
        "nauc_map_at_5_diff1": 0.911432,
        "nauc_map_at_10_max": 0.550545,
        "nauc_map_at_10_std": -0.131786,
        "nauc_map_at_10_diff1": 0.912033,
        "nauc_map_at_20_max": 0.5492,
        "nauc_map_at_20_std": -0.135173,
        "nauc_map_at_20_diff1": 0.91177,
        "nauc_map_at_100_max": 0.549907,
        "nauc_map_at_100_std": -0.134154,
        "nauc_map_at_100_diff1": 0.91189,
        "nauc_map_at_1000_max": 0.549846,
        "nauc_map_at_1000_std": -0.134306,
        "nauc_map_at_1000_diff1": 0.911896,
        "nauc_recall_at_1_max": 0.534289,
        "nauc_recall_at_1_std": -0.129805,
        "nauc_recall_at_1_diff1": 0.91463,
        "nauc_recall_at_3_max": 0.609127,
        "nauc_recall_at_3_std": -0.220238,
        "nauc_recall_at_3_diff1": 0.897876,
        "nauc_recall_at_5_max": 0.631746,
        "nauc_recall_at_5_std": -0.033894,
        "nauc_recall_at_5_diff1": 0.862745,
        "nauc_recall_at_10_max": 0.478836,
        "nauc_recall_at_10_std": 0.086679,
        "nauc_recall_at_10_diff1": 0.863834,
        "nauc_recall_at_20_max": 0.218254,
        "nauc_recall_at_20_std": -0.369981,
        "nauc_recall_at_20_diff1": 0.795752,
        "nauc_recall_at_100_max": 1.0,
        "nauc_recall_at_100_std": 1.0,
        "nauc_recall_at_100_diff1": 0.869281,
        "nauc_recall_at_1000_max": NaN,
        "nauc_recall_at_1000_std": NaN,
        "nauc_recall_at_1000_diff1": NaN,
        "nauc_precision_at_1_max": 0.534289,
        "nauc_precision_at_1_std": -0.129805,
        "nauc_precision_at_1_diff1": 0.91463,
        "nauc_precision_at_3_max": 0.609127,
        "nauc_precision_at_3_std": -0.220238,
        "nauc_precision_at_3_diff1": 0.897876,
        "nauc_precision_at_5_max": 0.631746,
        "nauc_precision_at_5_std": -0.033894,
        "nauc_precision_at_5_diff1": 0.862745,
        "nauc_precision_at_10_max": 0.478836,
        "nauc_precision_at_10_std": 0.086679,
        "nauc_precision_at_10_diff1": 0.863834,
        "nauc_precision_at_20_max": 0.218254,
        "nauc_precision_at_20_std": -0.369981,
        "nauc_precision_at_20_diff1": 0.795752,
        "nauc_precision_at_100_max": 1.0,
        "nauc_precision_at_100_std": 1.0,
        "nauc_precision_at_100_diff1": 0.869281,
        "nauc_precision_at_1000_max": 1.0,
        "nauc_precision_at_1000_std": 1.0,
        "nauc_precision_at_1000_diff1": 1.0,
        "nauc_mrr_at_1_max": 0.534289,
        "nauc_mrr_at_1_std": -0.129805,
        "nauc_mrr_at_1_diff1": 0.91463,
        "nauc_mrr_at_3_max": 0.554725,
        "nauc_mrr_at_3_std": -0.144717,
        "nauc_mrr_at_3_diff1": 0.912784,
        "nauc_mrr_at_5_max": 0.554208,
        "nauc_mrr_at_5_std": -0.132765,
        "nauc_mrr_at_5_diff1": 0.911432,
        "nauc_mrr_at_10_max": 0.550545,
        "nauc_mrr_at_10_std": -0.131786,
        "nauc_mrr_at_10_diff1": 0.912033,
        "nauc_mrr_at_20_max": 0.5492,
        "nauc_mrr_at_20_std": -0.135173,
        "nauc_mrr_at_20_diff1": 0.91177,
        "nauc_mrr_at_100_max": 0.549907,
        "nauc_mrr_at_100_std": -0.134154,
        "nauc_mrr_at_100_diff1": 0.91189,
        "nauc_mrr_at_1000_max": 0.549846,
        "nauc_mrr_at_1000_std": -0.134306,
        "nauc_mrr_at_1000_diff1": 0.911896,
        "hit_rate_at_1": 0.87647,
        "hit_rate_at_3": 0.97647,
        "hit_rate_at_5": 0.98529,
        "hit_rate_at_10": 0.99118,
        "hit_rate_at_20": 0.99412,
        "hit_rate_at_100": 0.99706,
        "hit_rate_at_1000": 1.0,
        "main_score": 0.94417,
        "hf_subset": "default",
        "languages": [
          "eng-Latn"
        ]
      }
    ]
  },
  "evaluation_time": 4.521647691726685,
  "kg_co2_emissions": null,
  "date": 1774394168.00923
}