{
  "dataset_revision": "5d745bd9e435cc190599f916f54c0ab197ddeb73",
  "task_name": "LLMRTE3PC",
  "mteb_version": "2.11.6",
  "scores": {
    "test": [
      {
        "similarity_accuracy": 0.848233,
        "similarity_f1": 0.917885,
        "similarity_precision": 0.85,
        "similarity_recall": 0.997555,
        "similarity_ap": 0.880347,
        "cosine_accuracy": 0.848233,
        "cosine_f1": 0.917885,
        "cosine_precision": 0.85,
        "cosine_recall": 0.997555,
        "cosine_ap": 0.880347,
        "manhattan_accuracy": 0.848233,
        "manhattan_f1": 0.917885,
        "manhattan_precision": 0.85,
        "manhattan_recall": 0.997555,
        "manhattan_ap": 0.879977,
        "euclidean_accuracy": 0.848233,
        "euclidean_f1": 0.917885,
        "euclidean_precision": 0.85,
        "euclidean_recall": 0.997555,
        "euclidean_ap": 0.880168,
        "dot_accuracy": 0.848233,
        "dot_f1": 0.917885,
        "dot_precision": 0.85,
        "dot_recall": 0.997555,
        "dot_ap": 0.880459,
        "max_accuracy": 0.848233,
        "max_f1": 0.917885,
        "max_precision": 0.85,
        "max_recall": 0.997555,
        "max_ap": 0.880459,
        "main_score": 0.880459,
        "hf_subset": "de",
        "languages": [
          "deu-Latn"
        ]
      },
      {
        "similarity_accuracy": 0.848548,
        "similarity_f1": 0.91807,
        "similarity_precision": 0.850312,
        "similarity_recall": 0.997561,
        "similarity_ap": 0.87891,
        "cosine_accuracy": 0.848548,
        "cosine_f1": 0.91807,
        "cosine_precision": 0.850312,
        "cosine_recall": 0.997561,
        "cosine_ap": 0.87891,
        "manhattan_accuracy": 0.848548,
        "manhattan_f1": 0.91807,
        "manhattan_precision": 0.850312,
        "manhattan_recall": 0.997561,
        "manhattan_ap": 0.878618,
        "euclidean_accuracy": 0.848548,
        "euclidean_f1": 0.91807,
        "euclidean_precision": 0.850312,
        "euclidean_recall": 0.997561,
        "euclidean_ap": 0.878829,
        "dot_accuracy": 0.848548,
        "dot_f1": 0.91807,
        "dot_precision": 0.850312,
        "dot_recall": 0.997561,
        "dot_ap": 0.879075,
        "max_accuracy": 0.848548,
        "max_f1": 0.91807,
        "max_precision": 0.850312,
        "max_recall": 0.997561,
        "max_ap": 0.879075,
        "main_score": 0.879075,
        "hf_subset": "en",
        "languages": [
          "eng-Latn"
        ]
      },
      {
        "similarity_accuracy": 0.846473,
        "similarity_f1": 0.916854,
        "similarity_precision": 0.848233,
        "similarity_recall": 0.997555,
        "similarity_ap": 0.880761,
        "cosine_accuracy": 0.846473,
        "cosine_f1": 0.916854,
        "cosine_precision": 0.848233,
        "cosine_recall": 0.997555,
        "cosine_ap": 0.880761,
        "manhattan_accuracy": 0.846473,
        "manhattan_f1": 0.916854,
        "manhattan_precision": 0.848233,
        "manhattan_recall": 0.997555,
        "manhattan_ap": 0.880673,
        "euclidean_accuracy": 0.846473,
        "euclidean_f1": 0.916854,
        "euclidean_precision": 0.848233,
        "euclidean_recall": 0.997555,
        "euclidean_ap": 0.880897,
        "dot_accuracy": 0.846473,
        "dot_f1": 0.916854,
        "dot_precision": 0.848233,
        "dot_recall": 0.997555,
        "dot_ap": 0.880351,
        "max_accuracy": 0.846473,
        "max_f1": 0.916854,
        "max_precision": 0.848233,
        "max_recall": 0.997555,
        "max_ap": 0.880897,
        "main_score": 0.880897,
        "hf_subset": "fr",
        "languages": [
          "fra-Latn"
        ]
      },
      {
        "similarity_accuracy": 0.84728,
        "similarity_f1": 0.917327,
        "similarity_precision": 0.849057,
        "similarity_recall": 0.997537,
        "similarity_ap": 0.879033,
        "cosine_accuracy": 0.84728,
        "cosine_f1": 0.917327,
        "cosine_precision": 0.849057,
        "cosine_recall": 0.997537,
        "cosine_ap": 0.879033,
        "manhattan_accuracy": 0.84728,
        "manhattan_f1": 0.917327,
        "manhattan_precision": 0.849057,
        "manhattan_recall": 0.997537,
        "manhattan_ap": 0.878732,
        "euclidean_accuracy": 0.84728,
        "euclidean_f1": 0.917327,
        "euclidean_precision": 0.849057,
        "euclidean_recall": 0.997537,
        "euclidean_ap": 0.878698,
        "dot_accuracy": 0.84728,
        "dot_f1": 0.917327,
        "dot_precision": 0.849057,
        "dot_recall": 0.997537,
        "dot_ap": 0.87925,
        "max_accuracy": 0.84728,
        "max_f1": 0.917327,
        "max_precision": 0.849057,
        "max_recall": 0.997537,
        "max_ap": 0.87925,
        "main_score": 0.87925,
        "hf_subset": "it",
        "languages": [
          "ita-Latn"
        ]
      }
    ]
  },
  "evaluation_time": 9.667518854141235,
  "kg_co2_emissions": null,
  "date": 1774394122.399792
}