{
  "dataset_revision": "d6628df131c3279007b88fe3e057e809dac056af",
  "task_name": "LLMSpartQA",
  "mteb_version": "2.11.6",
  "scores": {
    "test": [
      {
        "ndcg_at_1": 0.015,
        "ndcg_at_3": 0.04227,
        "ndcg_at_5": 0.07713,
        "ndcg_at_10": 0.11339,
        "ndcg_at_20": 0.13245,
        "ndcg_at_100": 0.16502,
        "ndcg_at_1000": 0.20094,
        "map_at_1": 0.01167,
        "map_at_3": 0.03167,
        "map_at_5": 0.04967,
        "map_at_10": 0.0644,
        "map_at_20": 0.06972,
        "map_at_100": 0.07434,
        "map_at_1000": 0.07543,
        "recall_at_1": 0.01167,
        "recall_at_3": 0.06167,
        "recall_at_5": 0.13833,
        "recall_at_10": 0.235,
        "recall_at_20": 0.30333,
        "recall_at_100": 0.44833,
        "recall_at_1000": 0.71333,
        "accuracy": 0.01167,
        "precision_at_1": 0.015,
        "precision_at_3": 0.02833,
        "precision_at_5": 0.039,
        "precision_at_10": 0.0365,
        "precision_at_20": 0.023,
        "precision_at_100": 0.00755,
        "precision_at_1000": 0.0012,
        "mrr_at_1": 0.015,
        "mrr_at_3": 0.043333,
        "mrr_at_5": 0.069333,
        "mrr_at_10": 0.087188,
        "mrr_at_20": 0.093394,
        "mrr_at_100": 0.098318,
        "mrr_at_1000": 0.099316,
        "nauc_ndcg_at_1_max": 0.249709,
        "nauc_ndcg_at_1_std": 0.436544,
        "nauc_ndcg_at_1_diff1": 0.158573,
        "nauc_ndcg_at_3_max": 0.549622,
        "nauc_ndcg_at_3_std": 0.428736,
        "nauc_ndcg_at_3_diff1": -0.078777,
        "nauc_ndcg_at_5_max": 0.433421,
        "nauc_ndcg_at_5_std": 0.526781,
        "nauc_ndcg_at_5_diff1": 0.019452,
        "nauc_ndcg_at_10_max": 0.394209,
        "nauc_ndcg_at_10_std": 0.537382,
        "nauc_ndcg_at_10_diff1": 0.049641,
        "nauc_ndcg_at_20_max": 0.456506,
        "nauc_ndcg_at_20_std": 0.574892,
        "nauc_ndcg_at_20_diff1": 0.083083,
        "nauc_ndcg_at_100_max": 0.429129,
        "nauc_ndcg_at_100_std": 0.594182,
        "nauc_ndcg_at_100_diff1": 0.158736,
        "nauc_ndcg_at_1000_max": 0.463226,
        "nauc_ndcg_at_1000_std": 0.589174,
        "nauc_ndcg_at_1000_diff1": 0.149721,
        "nauc_map_at_1_max": 0.485262,
        "nauc_map_at_1_std": 0.468742,
        "nauc_map_at_1_diff1": -0.081835,
        "nauc_map_at_3_max": 0.553373,
        "nauc_map_at_3_std": 0.435259,
        "nauc_map_at_3_diff1": -0.109949,
        "nauc_map_at_5_max": 0.464173,
        "nauc_map_at_5_std": 0.509672,
        "nauc_map_at_5_diff1": -0.023325,
        "nauc_map_at_10_max": 0.435567,
        "nauc_map_at_10_std": 0.52292,
        "nauc_map_at_10_diff1": 0.000942,
        "nauc_map_at_20_max": 0.470323,
        "nauc_map_at_20_std": 0.544921,
        "nauc_map_at_20_diff1": 0.014395,
        "nauc_map_at_100_max": 0.463932,
        "nauc_map_at_100_std": 0.552433,
        "nauc_map_at_100_diff1": 0.035326,
        "nauc_map_at_1000_max": 0.464925,
        "nauc_map_at_1000_std": 0.55299,
        "nauc_map_at_1000_diff1": 0.035279,
        "nauc_recall_at_1_max": 0.485262,
        "nauc_recall_at_1_std": 0.468742,
        "nauc_recall_at_1_diff1": -0.081835,
        "nauc_recall_at_3_max": 0.602136,
        "nauc_recall_at_3_std": 0.452991,
        "nauc_recall_at_3_diff1": -0.139885,
        "nauc_recall_at_5_max": 0.417719,
        "nauc_recall_at_5_std": 0.550019,
        "nauc_recall_at_5_diff1": -0.004683,
        "nauc_recall_at_10_max": 0.363887,
        "nauc_recall_at_10_std": 0.52697,
        "nauc_recall_at_10_diff1": 0.030613,
        "nauc_recall_at_20_max": 0.455741,
        "nauc_recall_at_20_std": 0.569013,
        "nauc_recall_at_20_diff1": 0.090881,
        "nauc_recall_at_100_max": 0.392641,
        "nauc_recall_at_100_std": 0.576627,
        "nauc_recall_at_100_diff1": 0.230003,
        "nauc_recall_at_1000_max": 0.428354,
        "nauc_recall_at_1000_std": 0.420707,
        "nauc_recall_at_1000_diff1": 0.177298,
        "nauc_precision_at_1_max": 0.249709,
        "nauc_precision_at_1_std": 0.436544,
        "nauc_precision_at_1_diff1": 0.158573,
        "nauc_precision_at_3_max": 0.541075,
        "nauc_precision_at_3_std": 0.402074,
        "nauc_precision_at_3_diff1": 0.008744,
        "nauc_precision_at_5_max": 0.388097,
        "nauc_precision_at_5_std": 0.544851,
        "nauc_precision_at_5_diff1": 0.113505,
        "nauc_precision_at_10_max": 0.297939,
        "nauc_precision_at_10_std": 0.556935,
        "nauc_precision_at_10_diff1": 0.154711,
        "nauc_precision_at_20_max": 0.372371,
        "nauc_precision_at_20_std": 0.605656,
        "nauc_precision_at_20_diff1": 0.210209,
        "nauc_precision_at_100_max": 0.167666,
        "nauc_precision_at_100_std": 0.482773,
        "nauc_precision_at_100_diff1": 0.315337,
        "nauc_precision_at_1000_max": 0.137517,
        "nauc_precision_at_1000_std": 0.222661,
        "nauc_precision_at_1000_diff1": 0.273904,
        "nauc_mrr_at_1_max": 0.249709,
        "nauc_mrr_at_1_std": 0.436544,
        "nauc_mrr_at_1_diff1": 0.158573,
        "nauc_mrr_at_3_max": 0.450383,
        "nauc_mrr_at_3_std": 0.386483,
        "nauc_mrr_at_3_diff1": 0.063409,
        "nauc_mrr_at_5_max": 0.38687,
        "nauc_mrr_at_5_std": 0.481832,
        "nauc_mrr_at_5_diff1": 0.123466,
        "nauc_mrr_at_10_max": 0.366114,
        "nauc_mrr_at_10_std": 0.497682,
        "nauc_mrr_at_10_diff1": 0.141538,
        "nauc_mrr_at_20_max": 0.38862,
        "nauc_mrr_at_20_std": 0.50952,
        "nauc_mrr_at_20_diff1": 0.152795,
        "nauc_mrr_at_100_max": 0.384358,
        "nauc_mrr_at_100_std": 0.510672,
        "nauc_mrr_at_100_diff1": 0.169267,
        "nauc_mrr_at_1000_max": 0.385243,
        "nauc_mrr_at_1000_std": 0.510651,
        "nauc_mrr_at_1000_diff1": 0.168863,
        "hit_rate_at_1": 0.015,
        "hit_rate_at_3": 0.085,
        "hit_rate_at_5": 0.195,
        "hit_rate_at_10": 0.325,
        "hit_rate_at_20": 0.41,
        "hit_rate_at_100": 0.59,
        "hit_rate_at_1000": 0.885,
        "main_score": 0.11339,
        "hf_subset": "default",
        "languages": [
          "eng-Latn"
        ]
      }
    ]
  },
  "evaluation_time": 3.9635069370269775,
  "kg_co2_emissions": null,
  "date": 1774394173.966174
}