{
  "dataset_revision": "31f9b918c30ef94e15a168cb95ca4ebf291396eb",
  "task_name": "LLMTwitterHjerneRetrieval",
  "mteb_version": "2.11.6",
  "scores": {
    "train": [
      {
        "ndcg_at_1": 0.90909,
        "ndcg_at_3": 0.78952,
        "ndcg_at_5": 0.7884,
        "ndcg_at_10": 0.81848,
        "ndcg_at_20": 0.83383,
        "ndcg_at_100": 0.85994,
        "ndcg_at_1000": 0.86443,
        "map_at_1": 0.29437,
        "map_at_3": 0.60664,
        "map_at_5": 0.70609,
        "map_at_10": 0.73977,
        "map_at_20": 0.74829,
        "map_at_100": 0.7555,
        "map_at_1000": 0.75604,
        "recall_at_1": 0.29437,
        "recall_at_3": 0.62684,
        "recall_at_5": 0.76255,
        "recall_at_10": 0.83247,
        "recall_at_20": 0.87511,
        "recall_at_100": 0.97727,
        "recall_at_1000": 1.0,
        "accuracy": 0.29437,
        "precision_at_1": 0.90909,
        "precision_at_3": 0.69697,
        "precision_at_5": 0.52208,
        "precision_at_10": 0.28831,
        "precision_at_20": 0.1513,
        "precision_at_100": 0.03338,
        "precision_at_1000": 0.0034,
        "mrr_at_1": 0.909091,
        "mrr_at_3": 0.926407,
        "mrr_at_5": 0.9329,
        "mrr_at_10": 0.934756,
        "mrr_at_20": 0.935683,
        "mrr_at_100": 0.935683,
        "mrr_at_1000": 0.935683,
        "nauc_ndcg_at_1_max": 0.788414,
        "nauc_ndcg_at_1_std": 0.408689,
        "nauc_ndcg_at_1_diff1": 0.492683,
        "nauc_ndcg_at_3_max": 0.535326,
        "nauc_ndcg_at_3_std": 0.224062,
        "nauc_ndcg_at_3_diff1": 0.106776,
        "nauc_ndcg_at_5_max": 0.530599,
        "nauc_ndcg_at_5_std": 0.170465,
        "nauc_ndcg_at_5_diff1": 0.146802,
        "nauc_ndcg_at_10_max": 0.562476,
        "nauc_ndcg_at_10_std": 0.179397,
        "nauc_ndcg_at_10_diff1": 0.193714,
        "nauc_ndcg_at_20_max": 0.545798,
        "nauc_ndcg_at_20_std": 0.198096,
        "nauc_ndcg_at_20_diff1": 0.149385,
        "nauc_ndcg_at_100_max": 0.580301,
        "nauc_ndcg_at_100_std": 0.246524,
        "nauc_ndcg_at_100_diff1": 0.193273,
        "nauc_ndcg_at_1000_max": 0.58194,
        "nauc_ndcg_at_1000_std": 0.243004,
        "nauc_ndcg_at_1000_diff1": 0.186909,
        "nauc_map_at_1_max": -0.007523,
        "nauc_map_at_1_std": -0.210724,
        "nauc_map_at_1_diff1": 0.312141,
        "nauc_map_at_3_max": 0.322936,
        "nauc_map_at_3_std": -0.023116,
        "nauc_map_at_3_diff1": 0.195728,
        "nauc_map_at_5_max": 0.509576,
        "nauc_map_at_5_std": 0.149489,
        "nauc_map_at_5_diff1": 0.147838,
        "nauc_map_at_10_max": 0.544469,
        "nauc_map_at_10_std": 0.185259,
        "nauc_map_at_10_diff1": 0.149248,
        "nauc_map_at_20_max": 0.53833,
        "nauc_map_at_20_std": 0.191649,
        "nauc_map_at_20_diff1": 0.131032,
        "nauc_map_at_100_max": 0.544344,
        "nauc_map_at_100_std": 0.202084,
        "nauc_map_at_100_diff1": 0.137682,
        "nauc_map_at_1000_max": 0.544392,
        "nauc_map_at_1000_std": 0.201831,
        "nauc_map_at_1000_diff1": 0.136953,
        "nauc_recall_at_1_max": -0.007523,
        "nauc_recall_at_1_std": -0.210724,
        "nauc_recall_at_1_diff1": 0.312141,
        "nauc_recall_at_3_max": 0.257664,
        "nauc_recall_at_3_std": -0.08879,
        "nauc_recall_at_3_diff1": 0.159084,
        "nauc_recall_at_5_max": 0.423327,
        "nauc_recall_at_5_std": 0.057442,
        "nauc_recall_at_5_diff1": 0.114109,
        "nauc_recall_at_10_max": 0.501655,
        "nauc_recall_at_10_std": 0.091778,
        "nauc_recall_at_10_diff1": 0.186482,
        "nauc_recall_at_20_max": 0.414423,
        "nauc_recall_at_20_std": 0.10489,
        "nauc_recall_at_20_diff1": 0.016793,
        "nauc_recall_at_100_max": 0.477942,
        "nauc_recall_at_100_std": 0.323513,
        "nauc_recall_at_100_diff1": 0.305494,
        "nauc_recall_at_1000_max": NaN,
        "nauc_recall_at_1000_std": NaN,
        "nauc_recall_at_1000_diff1": NaN,
        "nauc_precision_at_1_max": 0.788414,
        "nauc_precision_at_1_std": 0.408689,
        "nauc_precision_at_1_diff1": 0.492683,
        "nauc_precision_at_3_max": 0.516317,
        "nauc_precision_at_3_std": 0.313356,
        "nauc_precision_at_3_diff1": -0.053672,
        "nauc_precision_at_5_max": 0.489376,
        "nauc_precision_at_5_std": 0.372022,
        "nauc_precision_at_5_diff1": -0.089518,
        "nauc_precision_at_10_max": 0.443905,
        "nauc_precision_at_10_std": 0.385028,
        "nauc_precision_at_10_diff1": -0.096812,
        "nauc_precision_at_20_max": 0.3819,
        "nauc_precision_at_20_std": 0.407063,
        "nauc_precision_at_20_diff1": -0.156985,
        "nauc_precision_at_100_max": 0.325318,
        "nauc_precision_at_100_std": 0.468237,
        "nauc_precision_at_100_diff1": -0.136314,
        "nauc_precision_at_1000_max": 0.309429,
        "nauc_precision_at_1000_std": 0.469929,
        "nauc_precision_at_1000_diff1": -0.164724,
        "nauc_mrr_at_1_max": 0.788414,
        "nauc_mrr_at_1_std": 0.408689,
        "nauc_mrr_at_1_diff1": 0.492683,
        "nauc_mrr_at_3_max": 0.757936,
        "nauc_mrr_at_3_std": 0.31851,
        "nauc_mrr_at_3_diff1": 0.478366,
        "nauc_mrr_at_5_max": 0.762403,
        "nauc_mrr_at_5_std": 0.280452,
        "nauc_mrr_at_5_diff1": 0.509743,
        "nauc_mrr_at_10_max": 0.773905,
        "nauc_mrr_at_10_std": 0.337636,
        "nauc_mrr_at_10_diff1": 0.50846,
        "nauc_mrr_at_20_max": 0.770644,
        "nauc_mrr_at_20_std": 0.332084,
        "nauc_mrr_at_20_diff1": 0.503264,
        "nauc_mrr_at_100_max": 0.770644,
        "nauc_mrr_at_100_std": 0.332084,
        "nauc_mrr_at_100_diff1": 0.503264,
        "nauc_mrr_at_1000_max": 0.770644,
        "nauc_mrr_at_1000_std": 0.332084,
        "nauc_mrr_at_1000_diff1": 0.503264,
        "hit_rate_at_1": 0.90909,
        "hit_rate_at_3": 0.94805,
        "hit_rate_at_5": 0.97403,
        "hit_rate_at_10": 0.98701,
        "hit_rate_at_20": 1.0,
        "hit_rate_at_100": 1.0,
        "hit_rate_at_1000": 1.0,
        "main_score": 0.81848,
        "hf_subset": "default",
        "languages": [
          "dan-Latn"
        ]
      }
    ]
  },
  "evaluation_time": 1.120633840560913,
  "kg_co2_emissions": null,
  "date": 1774394177.411395
}