{
  "dataset_revision": "1c61e95df3d70835785db4d70f17d3a16a7bd4ce",
  "task_name": "LLMTempReasonL1",
  "mteb_version": "2.11.6",
  "scores": {
    "test": [
      {
        "ndcg_at_1": 0.0,
        "ndcg_at_3": 0.01131,
        "ndcg_at_5": 0.01131,
        "ndcg_at_10": 0.02054,
        "ndcg_at_20": 0.02784,
        "ndcg_at_100": 0.05056,
        "ndcg_at_1000": 0.11417,
        "map_at_1": 0.0,
        "map_at_3": 0.00833,
        "map_at_5": 0.00833,
        "map_at_10": 0.01187,
        "map_at_20": 0.01372,
        "map_at_100": 0.01633,
        "map_at_1000": 0.01857,
        "recall_at_1": 0.0,
        "recall_at_3": 0.02,
        "recall_at_5": 0.02,
        "recall_at_10": 0.05,
        "recall_at_20": 0.08,
        "recall_at_100": 0.21,
        "recall_at_1000": 0.72,
        "accuracy": 0.0,
        "precision_at_1": 0.0,
        "precision_at_3": 0.00667,
        "precision_at_5": 0.004,
        "precision_at_10": 0.005,
        "precision_at_20": 0.004,
        "precision_at_100": 0.0021,
        "precision_at_1000": 0.00072,
        "mrr_at_1": 0.0,
        "mrr_at_3": 0.008333,
        "mrr_at_5": 0.008333,
        "mrr_at_10": 0.011873,
        "mrr_at_20": 0.01372,
        "mrr_at_100": 0.01633,
        "mrr_at_1000": 0.018572,
        "nauc_ndcg_at_1_max": NaN,
        "nauc_ndcg_at_1_std": NaN,
        "nauc_ndcg_at_1_diff1": NaN,
        "nauc_ndcg_at_3_max": 0.121483,
        "nauc_ndcg_at_3_std": -0.277096,
        "nauc_ndcg_at_3_diff1": 0.177837,
        "nauc_ndcg_at_5_max": 0.121483,
        "nauc_ndcg_at_5_std": -0.277096,
        "nauc_ndcg_at_5_diff1": 0.177837,
        "nauc_ndcg_at_10_max": -0.034456,
        "nauc_ndcg_at_10_std": 0.005998,
        "nauc_ndcg_at_10_diff1": 0.127686,
        "nauc_ndcg_at_20_max": -0.122889,
        "nauc_ndcg_at_20_std": -0.126166,
        "nauc_ndcg_at_20_diff1": 0.193562,
        "nauc_ndcg_at_100_max": -0.044284,
        "nauc_ndcg_at_100_std": -0.024646,
        "nauc_ndcg_at_100_diff1": 0.099982,
        "nauc_ndcg_at_1000_max": 0.080748,
        "nauc_ndcg_at_1000_std": 0.151519,
        "nauc_ndcg_at_1000_diff1": 0.059983,
        "nauc_map_at_1_max": NaN,
        "nauc_map_at_1_std": NaN,
        "nauc_map_at_1_diff1": NaN,
        "nauc_map_at_3_max": 0.055165,
        "nauc_map_at_3_std": -0.305447,
        "nauc_map_at_3_diff1": 0.141293,
        "nauc_map_at_5_max": 0.055165,
        "nauc_map_at_5_std": -0.305447,
        "nauc_map_at_5_diff1": 0.141293,
        "nauc_map_at_10_max": -0.03394,
        "nauc_map_at_10_std": -0.113315,
        "nauc_map_at_10_diff1": 0.109296,
        "nauc_map_at_20_max": -0.078936,
        "nauc_map_at_20_std": -0.16555,
        "nauc_map_at_20_diff1": 0.150053,
        "nauc_map_at_100_max": -0.062682,
        "nauc_map_at_100_std": -0.131727,
        "nauc_map_at_100_diff1": 0.123326,
        "nauc_map_at_1000_max": -0.054045,
        "nauc_map_at_1000_std": -0.114712,
        "nauc_map_at_1000_diff1": 0.117886,
        "nauc_recall_at_1_max": NaN,
        "nauc_recall_at_1_std": NaN,
        "nauc_recall_at_1_diff1": NaN,
        "nauc_recall_at_3_max": 0.212638,
        "nauc_recall_at_3_std": -0.238127,
        "nauc_recall_at_3_diff1": 0.228065,
        "nauc_recall_at_5_max": 0.212638,
        "nauc_recall_at_5_std": -0.238127,
        "nauc_recall_at_5_diff1": 0.228065,
        "nauc_recall_at_10_max": -0.043091,
        "nauc_recall_at_10_std": 0.121599,
        "nauc_recall_at_10_diff1": 0.143386,
        "nauc_recall_at_20_max": -0.166991,
        "nauc_recall_at_20_std": -0.110176,
        "nauc_recall_at_20_diff1": 0.225517,
        "nauc_recall_at_100_max": -0.025116,
        "nauc_recall_at_100_std": 0.034301,
        "nauc_recall_at_100_diff1": 0.072577,
        "nauc_recall_at_1000_max": 0.287813,
        "nauc_recall_at_1000_std": 0.469589,
        "nauc_recall_at_1000_diff1": -0.02194,
        "nauc_precision_at_1_max": NaN,
        "nauc_precision_at_1_std": NaN,
        "nauc_precision_at_1_diff1": NaN,
        "nauc_precision_at_3_max": 0.212638,
        "nauc_precision_at_3_std": -0.238127,
        "nauc_precision_at_3_diff1": 0.228065,
        "nauc_precision_at_5_max": 0.212638,
        "nauc_precision_at_5_std": -0.238127,
        "nauc_precision_at_5_diff1": 0.228065,
        "nauc_precision_at_10_max": -0.043091,
        "nauc_precision_at_10_std": 0.121599,
        "nauc_precision_at_10_diff1": 0.143386,
        "nauc_precision_at_20_max": -0.166991,
        "nauc_precision_at_20_std": -0.110176,
        "nauc_precision_at_20_diff1": 0.225517,
        "nauc_precision_at_100_max": -0.025116,
        "nauc_precision_at_100_std": 0.034301,
        "nauc_precision_at_100_diff1": 0.072577,
        "nauc_precision_at_1000_max": 0.287813,
        "nauc_precision_at_1000_std": 0.469589,
        "nauc_precision_at_1000_diff1": -0.02194,
        "nauc_mrr_at_1_max": NaN,
        "nauc_mrr_at_1_std": NaN,
        "nauc_mrr_at_1_diff1": NaN,
        "nauc_mrr_at_3_max": 0.055165,
        "nauc_mrr_at_3_std": -0.305447,
        "nauc_mrr_at_3_diff1": 0.141293,
        "nauc_mrr_at_5_max": 0.055165,
        "nauc_mrr_at_5_std": -0.305447,
        "nauc_mrr_at_5_diff1": 0.141293,
        "nauc_mrr_at_10_max": -0.03394,
        "nauc_mrr_at_10_std": -0.113315,
        "nauc_mrr_at_10_diff1": 0.109296,
        "nauc_mrr_at_20_max": -0.078936,
        "nauc_mrr_at_20_std": -0.16555,
        "nauc_mrr_at_20_diff1": 0.150053,
        "nauc_mrr_at_100_max": -0.062682,
        "nauc_mrr_at_100_std": -0.131727,
        "nauc_mrr_at_100_diff1": 0.123326,
        "nauc_mrr_at_1000_max": -0.054045,
        "nauc_mrr_at_1000_std": -0.114712,
        "nauc_mrr_at_1000_diff1": 0.117886,
        "hit_rate_at_1": 0.0,
        "hit_rate_at_3": 0.02,
        "hit_rate_at_5": 0.02,
        "hit_rate_at_10": 0.05,
        "hit_rate_at_20": 0.08,
        "hit_rate_at_100": 0.21,
        "hit_rate_at_1000": 0.72,
        "main_score": 0.02054,
        "hf_subset": "default",
        "languages": [
          "eng-Latn"
        ]
      }
    ]
  },
  "evaluation_time": 28.612926959991455,
  "kg_co2_emissions": null,
  "date": 1774394153.187552
}