{
  "dataset_revision": "bc2a1e4c24771a6f3432578016cfb737732398fd",
  "task_name": "LLMWinoGrande",
  "mteb_version": "2.11.6",
  "scores": {
    "test": [
      {
        "ndcg_at_1": 0.415,
        "ndcg_at_3": 0.6322,
        "ndcg_at_5": 0.65716,
        "ndcg_at_10": 0.68129,
        "ndcg_at_20": 0.69126,
        "ndcg_at_100": 0.69931,
        "ndcg_at_1000": 0.69989,
        "map_at_1": 0.415,
        "map_at_3": 0.58083,
        "map_at_5": 0.59483,
        "map_at_10": 0.60473,
        "map_at_20": 0.60739,
        "map_at_100": 0.60875,
        "map_at_1000": 0.60876,
        "recall_at_1": 0.415,
        "recall_at_3": 0.78,
        "recall_at_5": 0.84,
        "recall_at_10": 0.915,
        "recall_at_20": 0.955,
        "recall_at_100": 0.995,
        "recall_at_1000": 1.0,
        "accuracy": 0.415,
        "precision_at_1": 0.415,
        "precision_at_3": 0.26,
        "precision_at_5": 0.168,
        "precision_at_10": 0.0915,
        "precision_at_20": 0.04775,
        "precision_at_100": 0.00995,
        "precision_at_1000": 0.001,
        "mrr_at_1": 0.415,
        "mrr_at_3": 0.580833,
        "mrr_at_5": 0.594833,
        "mrr_at_10": 0.604726,
        "mrr_at_20": 0.607388,
        "mrr_at_100": 0.608749,
        "mrr_at_1000": 0.608761,
        "nauc_ndcg_at_1_max": 0.082046,
        "nauc_ndcg_at_1_std": -0.095658,
        "nauc_ndcg_at_1_diff1": 0.246754,
        "nauc_ndcg_at_3_max": 0.020927,
        "nauc_ndcg_at_3_std": -0.260108,
        "nauc_ndcg_at_3_diff1": 0.292236,
        "nauc_ndcg_at_5_max": 0.009205,
        "nauc_ndcg_at_5_std": -0.292873,
        "nauc_ndcg_at_5_diff1": 0.301226,
        "nauc_ndcg_at_10_max": 0.01199,
        "nauc_ndcg_at_10_std": -0.282486,
        "nauc_ndcg_at_10_diff1": 0.267263,
        "nauc_ndcg_at_20_max": 0.003999,
        "nauc_ndcg_at_20_std": -0.250425,
        "nauc_ndcg_at_20_diff1": 0.246207,
        "nauc_ndcg_at_100_max": 0.028062,
        "nauc_ndcg_at_100_std": -0.241211,
        "nauc_ndcg_at_100_diff1": 0.274479,
        "nauc_ndcg_at_1000_max": 0.02613,
        "nauc_ndcg_at_1000_std": -0.238678,
        "nauc_ndcg_at_1000_diff1": 0.273233,
        "nauc_map_at_1_max": 0.082046,
        "nauc_map_at_1_std": -0.095658,
        "nauc_map_at_1_diff1": 0.246754,
        "nauc_map_at_3_max": 0.038485,
        "nauc_map_at_3_std": -0.217688,
        "nauc_map_at_3_diff1": 0.283576,
        "nauc_map_at_5_max": 0.033262,
        "nauc_map_at_5_std": -0.231742,
        "nauc_map_at_5_diff1": 0.286602,
        "nauc_map_at_10_max": 0.03371,
        "nauc_map_at_10_std": -0.22649,
        "nauc_map_at_10_diff1": 0.273709,
        "nauc_map_at_20_max": 0.031848,
        "nauc_map_at_20_std": -0.219749,
        "nauc_map_at_20_diff1": 0.269324,
        "nauc_map_at_100_max": 0.034964,
        "nauc_map_at_100_std": -0.218729,
        "nauc_map_at_100_diff1": 0.273504,
        "nauc_map_at_1000_max": 0.034931,
        "nauc_map_at_1000_std": -0.218684,
        "nauc_map_at_1000_diff1": 0.273483,
        "nauc_recall_at_1_max": 0.082046,
        "nauc_recall_at_1_std": -0.095658,
        "nauc_recall_at_1_diff1": 0.246754,
        "nauc_recall_at_3_max": -0.052314,
        "nauc_recall_at_3_std": -0.434066,
        "nauc_recall_at_3_diff1": 0.325625,
        "nauc_recall_at_5_max": -0.121165,
        "nauc_recall_at_5_std": -0.622791,
        "nauc_recall_at_5_diff1": 0.380047,
        "nauc_recall_at_10_max": -0.178393,
        "nauc_recall_at_10_std": -0.792168,
        "nauc_recall_at_10_diff1": 0.173972,
        "nauc_recall_at_20_max": -0.486565,
        "nauc_recall_at_20_std": -0.592385,
        "nauc_recall_at_20_diff1": -0.320676,
        "nauc_recall_at_100_max": 0.722222,
        "nauc_recall_at_100_std": -1.151727,
        "nauc_recall_at_100_diff1": 0.722222,
        "nauc_recall_at_1000_max": NaN,
        "nauc_recall_at_1000_std": NaN,
        "nauc_recall_at_1000_diff1": NaN,
        "nauc_precision_at_1_max": 0.082046,
        "nauc_precision_at_1_std": -0.095658,
        "nauc_precision_at_1_diff1": 0.246754,
        "nauc_precision_at_3_max": -0.052314,
        "nauc_precision_at_3_std": -0.434066,
        "nauc_precision_at_3_diff1": 0.325625,
        "nauc_precision_at_5_max": -0.121165,
        "nauc_precision_at_5_std": -0.622791,
        "nauc_precision_at_5_diff1": 0.380047,
        "nauc_precision_at_10_max": -0.178393,
        "nauc_precision_at_10_std": -0.792168,
        "nauc_precision_at_10_diff1": 0.173972,
        "nauc_precision_at_20_max": -0.486565,
        "nauc_precision_at_20_std": -0.592385,
        "nauc_precision_at_20_diff1": -0.320676,
        "nauc_precision_at_100_max": 0.722222,
        "nauc_precision_at_100_std": -1.151727,
        "nauc_precision_at_100_diff1": 0.722222,
        "nauc_precision_at_1000_max": 1.0,
        "nauc_precision_at_1000_std": 1.0,
        "nauc_precision_at_1000_diff1": 1.0,
        "nauc_mrr_at_1_max": 0.082046,
        "nauc_mrr_at_1_std": -0.095658,
        "nauc_mrr_at_1_diff1": 0.246754,
        "nauc_mrr_at_3_max": 0.038485,
        "nauc_mrr_at_3_std": -0.217688,
        "nauc_mrr_at_3_diff1": 0.283576,
        "nauc_mrr_at_5_max": 0.033262,
        "nauc_mrr_at_5_std": -0.231742,
        "nauc_mrr_at_5_diff1": 0.286602,
        "nauc_mrr_at_10_max": 0.03371,
        "nauc_mrr_at_10_std": -0.22649,
        "nauc_mrr_at_10_diff1": 0.273709,
        "nauc_mrr_at_20_max": 0.031848,
        "nauc_mrr_at_20_std": -0.219749,
        "nauc_mrr_at_20_diff1": 0.269324,
        "nauc_mrr_at_100_max": 0.034964,
        "nauc_mrr_at_100_std": -0.218729,
        "nauc_mrr_at_100_diff1": 0.273504,
        "nauc_mrr_at_1000_max": 0.034931,
        "nauc_mrr_at_1000_std": -0.218684,
        "nauc_mrr_at_1000_diff1": 0.273483,
        "hit_rate_at_1": 0.415,
        "hit_rate_at_3": 0.78,
        "hit_rate_at_5": 0.84,
        "hit_rate_at_10": 0.915,
        "hit_rate_at_20": 0.955,
        "hit_rate_at_100": 0.995,
        "hit_rate_at_1000": 1.0,
        "main_score": 0.68129,
        "hf_subset": "default",
        "languages": [
          "eng-Latn"
        ]
      }
    ]
  },
  "evaluation_time": 8.720782041549683,
  "kg_co2_emissions": null,
  "date": 1774394188.024833
}