{
  "dataset_revision": "a2acf12d293ea934823ca26752a05c5bfab24dff",
  "task_name": "LLMAILAStatutes",
  "mteb_version": "2.11.6",
  "scores": {
    "test": [
      {
        "ndcg_at_1": 0.3,
        "ndcg_at_3": 0.2679,
        "ndcg_at_5": 0.26679,
        "ndcg_at_10": 0.32872,
        "ndcg_at_20": 0.4144,
        "ndcg_at_100": 0.53503,
        "ndcg_at_1000": 0.53503,
        "map_at_1": 0.065,
        "map_at_3": 0.13433,
        "map_at_5": 0.17257,
        "map_at_10": 0.19973,
        "map_at_20": 0.2365,
        "map_at_100": 0.27545,
        "map_at_1000": 0.27545,
        "recall_at_1": 0.065,
        "recall_at_3": 0.18,
        "recall_at_5": 0.26567,
        "recall_at_10": 0.38733,
        "recall_at_20": 0.59967,
        "recall_at_100": 1.0,
        "recall_at_1000": 1.0,
        "accuracy": 0.065,
        "precision_at_1": 0.3,
        "precision_at_3": 0.24667,
        "precision_at_5": 0.224,
        "precision_at_10": 0.166,
        "precision_at_20": 0.131,
        "precision_at_100": 0.0434,
        "precision_at_1000": 0.00434,
        "mrr_at_1": 0.3,
        "mrr_at_3": 0.43,
        "mrr_at_5": 0.456,
        "mrr_at_10": 0.482048,
        "mrr_at_20": 0.487271,
        "mrr_at_100": 0.487843,
        "mrr_at_1000": 0.487843,
        "nauc_ndcg_at_1_max": 0.18484,
        "nauc_ndcg_at_1_std": 0.004675,
        "nauc_ndcg_at_1_diff1": 0.49769,
        "nauc_ndcg_at_3_max": 0.311609,
        "nauc_ndcg_at_3_std": -0.115131,
        "nauc_ndcg_at_3_diff1": 0.406567,
        "nauc_ndcg_at_5_max": 0.351803,
        "nauc_ndcg_at_5_std": -0.068629,
        "nauc_ndcg_at_5_diff1": 0.375892,
        "nauc_ndcg_at_10_max": 0.28508,
        "nauc_ndcg_at_10_std": -0.049596,
        "nauc_ndcg_at_10_diff1": 0.376269,
        "nauc_ndcg_at_20_max": 0.2179,
        "nauc_ndcg_at_20_std": -0.118474,
        "nauc_ndcg_at_20_diff1": 0.330778,
        "nauc_ndcg_at_100_max": 0.262481,
        "nauc_ndcg_at_100_std": -0.072359,
        "nauc_ndcg_at_100_diff1": 0.386652,
        "nauc_ndcg_at_1000_max": 0.262481,
        "nauc_ndcg_at_1000_std": -0.072359,
        "nauc_ndcg_at_1000_diff1": 0.386652,
        "nauc_map_at_1_max": 0.149944,
        "nauc_map_at_1_std": -0.003504,
        "nauc_map_at_1_diff1": 0.477747,
        "nauc_map_at_3_max": 0.291303,
        "nauc_map_at_3_std": -0.166647,
        "nauc_map_at_3_diff1": 0.376192,
        "nauc_map_at_5_max": 0.362473,
        "nauc_map_at_5_std": -0.100488,
        "nauc_map_at_5_diff1": 0.375864,
        "nauc_map_at_10_max": 0.332217,
        "nauc_map_at_10_std": -0.089014,
        "nauc_map_at_10_diff1": 0.375063,
        "nauc_map_at_20_max": 0.29234,
        "nauc_map_at_20_std": -0.115824,
        "nauc_map_at_20_diff1": 0.357622,
        "nauc_map_at_100_max": 0.300388,
        "nauc_map_at_100_std": -0.101868,
        "nauc_map_at_100_diff1": 0.369781,
        "nauc_map_at_1000_max": 0.300388,
        "nauc_map_at_1000_std": -0.101868,
        "nauc_map_at_1000_diff1": 0.369781,
        "nauc_recall_at_1_max": 0.149944,
        "nauc_recall_at_1_std": -0.003504,
        "nauc_recall_at_1_diff1": 0.477747,
        "nauc_recall_at_3_max": 0.285689,
        "nauc_recall_at_3_std": -0.191551,
        "nauc_recall_at_3_diff1": 0.286831,
        "nauc_recall_at_5_max": 0.374848,
        "nauc_recall_at_5_std": -0.064289,
        "nauc_recall_at_5_diff1": 0.267367,
        "nauc_recall_at_10_max": 0.215233,
        "nauc_recall_at_10_std": -0.005134,
        "nauc_recall_at_10_diff1": 0.234594,
        "nauc_recall_at_20_max": -0.010932,
        "nauc_recall_at_20_std": -0.146675,
        "nauc_recall_at_20_diff1": 0.018053,
        "nauc_recall_at_100_max": NaN,
        "nauc_recall_at_100_std": NaN,
        "nauc_recall_at_100_diff1": NaN,
        "nauc_recall_at_1000_max": NaN,
        "nauc_recall_at_1000_std": NaN,
        "nauc_recall_at_1000_diff1": NaN,
        "nauc_precision_at_1_max": 0.18484,
        "nauc_precision_at_1_std": 0.004675,
        "nauc_precision_at_1_diff1": 0.49769,
        "nauc_precision_at_3_max": 0.357022,
        "nauc_precision_at_3_std": -0.125054,
        "nauc_precision_at_3_diff1": 0.358577,
        "nauc_precision_at_5_max": 0.404554,
        "nauc_precision_at_5_std": -0.003904,
        "nauc_precision_at_5_diff1": 0.301879,
        "nauc_precision_at_10_max": 0.218159,
        "nauc_precision_at_10_std": 0.057291,
        "nauc_precision_at_10_diff1": 0.2493,
        "nauc_precision_at_20_max": -0.014509,
        "nauc_precision_at_20_std": -0.119245,
        "nauc_precision_at_20_diff1": 0.048185,
        "nauc_precision_at_100_max": -0.02671,
        "nauc_precision_at_100_std": 0.076307,
        "nauc_precision_at_100_diff1": -0.014892,
        "nauc_precision_at_1000_max": -0.02671,
        "nauc_precision_at_1000_std": 0.076307,
        "nauc_precision_at_1000_diff1": -0.014892,
        "nauc_mrr_at_1_max": 0.18484,
        "nauc_mrr_at_1_std": 0.004675,
        "nauc_mrr_at_1_diff1": 0.49769,
        "nauc_mrr_at_3_max": 0.247551,
        "nauc_mrr_at_3_std": -0.031852,
        "nauc_mrr_at_3_diff1": 0.466604,
        "nauc_mrr_at_5_max": 0.245258,
        "nauc_mrr_at_5_std": -0.035342,
        "nauc_mrr_at_5_diff1": 0.431571,
        "nauc_mrr_at_10_max": 0.228013,
        "nauc_mrr_at_10_std": -0.025005,
        "nauc_mrr_at_10_diff1": 0.443326,
        "nauc_mrr_at_20_max": 0.234591,
        "nauc_mrr_at_20_std": -0.03267,
        "nauc_mrr_at_20_diff1": 0.448177,
        "nauc_mrr_at_100_max": 0.233654,
        "nauc_mrr_at_100_std": -0.031651,
        "nauc_mrr_at_100_diff1": 0.448802,
        "nauc_mrr_at_1000_max": 0.233654,
        "nauc_mrr_at_1000_std": -0.031651,
        "nauc_mrr_at_1000_diff1": 0.448802,
        "hit_rate_at_1": 0.3,
        "hit_rate_at_3": 0.58,
        "hit_rate_at_5": 0.7,
        "hit_rate_at_10": 0.9,
        "hit_rate_at_20": 0.98,
        "hit_rate_at_100": 1.0,
        "hit_rate_at_1000": 1.0,
        "main_score": 0.32872,
        "hf_subset": "default",
        "languages": [
          "eng-Latn"
        ]
      }
    ]
  },
  "evaluation_time": 0.8451838493347168,
  "kg_co2_emissions": null,
  "date": 1774415233.901298
}