{
  "dataset_revision": "300cb175d1b608cfc3fdb94fd06b3ceb937f9b6a",
  "task_name": "LLMLegalBenchCorporateLobbying",
  "mteb_version": "2.11.6",
  "scores": {
    "test": [
      {
        "ndcg_at_1": 0.84412,
        "ndcg_at_3": 0.91341,
        "ndcg_at_5": 0.91835,
        "ndcg_at_10": 0.92313,
        "ndcg_at_20": 0.92546,
        "ndcg_at_100": 0.92546,
        "ndcg_at_1000": 0.92625,
        "map_at_1": 0.84412,
        "map_at_3": 0.89755,
        "map_at_5": 0.90034,
        "map_at_10": 0.90234,
        "map_at_20": 0.90303,
        "map_at_100": 0.90303,
        "map_at_1000": 0.90306,
        "recall_at_1": 0.84412,
        "recall_at_3": 0.95882,
        "recall_at_5": 0.97059,
        "recall_at_10": 0.98529,
        "recall_at_20": 0.99412,
        "recall_at_100": 0.99412,
        "recall_at_1000": 1.0,
        "accuracy": 0.84412,
        "precision_at_1": 0.84412,
        "precision_at_3": 0.31961,
        "precision_at_5": 0.19412,
        "precision_at_10": 0.09853,
        "precision_at_20": 0.04971,
        "precision_at_100": 0.00994,
        "precision_at_1000": 0.001,
        "mrr_at_1": 0.844118,
        "mrr_at_3": 0.897549,
        "mrr_at_5": 0.900343,
        "mrr_at_10": 0.902335,
        "mrr_at_20": 0.903025,
        "mrr_at_100": 0.903025,
        "mrr_at_1000": 0.903059,
        "nauc_ndcg_at_1_max": 0.391013,
        "nauc_ndcg_at_1_std": -0.088359,
        "nauc_ndcg_at_1_diff1": 0.894553,
        "nauc_ndcg_at_3_max": 0.554274,
        "nauc_ndcg_at_3_std": -0.144246,
        "nauc_ndcg_at_3_diff1": 0.889576,
        "nauc_ndcg_at_5_max": 0.535649,
        "nauc_ndcg_at_5_std": -0.124695,
        "nauc_ndcg_at_5_diff1": 0.88877,
        "nauc_ndcg_at_10_max": 0.513278,
        "nauc_ndcg_at_10_std": -0.081622,
        "nauc_ndcg_at_10_diff1": 0.891714,
        "nauc_ndcg_at_20_max": 0.497505,
        "nauc_ndcg_at_20_std": -0.108611,
        "nauc_ndcg_at_20_diff1": 0.889542,
        "nauc_ndcg_at_100_max": 0.497505,
        "nauc_ndcg_at_100_std": -0.108611,
        "nauc_ndcg_at_100_diff1": 0.889542,
        "nauc_ndcg_at_1000_max": 0.495609,
        "nauc_ndcg_at_1000_std": -0.105225,
        "nauc_ndcg_at_1000_diff1": 0.889907,
        "nauc_map_at_1_max": 0.391013,
        "nauc_map_at_1_std": -0.088359,
        "nauc_map_at_1_diff1": 0.894553,
        "nauc_map_at_3_max": 0.506558,
        "nauc_map_at_3_std": -0.122735,
        "nauc_map_at_3_diff1": 0.890449,
        "nauc_map_at_5_max": 0.496612,
        "nauc_map_at_5_std": -0.11225,
        "nauc_map_at_5_diff1": 0.889964,
        "nauc_map_at_10_max": 0.488634,
        "nauc_map_at_10_std": -0.09737,
        "nauc_map_at_10_diff1": 0.890863,
        "nauc_map_at_20_max": 0.484855,
        "nauc_map_at_20_std": -0.103757,
        "nauc_map_at_20_diff1": 0.890331,
        "nauc_map_at_100_max": 0.484855,
        "nauc_map_at_100_std": -0.103757,
        "nauc_map_at_100_diff1": 0.890331,
        "nauc_map_at_1000_max": 0.484804,
        "nauc_map_at_1000_std": -0.103579,
        "nauc_map_at_1000_diff1": 0.890349,
        "nauc_recall_at_1_max": 0.391013,
        "nauc_recall_at_1_std": -0.088359,
        "nauc_recall_at_1_diff1": 0.894553,
        "nauc_recall_at_3_max": 0.873283,
        "nauc_recall_at_3_std": -0.294418,
        "nauc_recall_at_3_diff1": 0.884454,
        "nauc_recall_at_5_max": 0.880252,
        "nauc_recall_at_5_std": -0.239729,
        "nauc_recall_at_5_diff1": 0.879085,
        "nauc_recall_at_10_max": 0.871615,
        "nauc_recall_at_10_std": 0.297479,
        "nauc_recall_at_10_diff1": 0.918301,
        "nauc_recall_at_20_max": 0.679038,
        "nauc_recall_at_20_std": -0.369981,
        "nauc_recall_at_20_diff1": 0.861111,
        "nauc_recall_at_100_max": 0.679038,
        "nauc_recall_at_100_std": -0.369981,
        "nauc_recall_at_100_diff1": 0.861111,
        "nauc_recall_at_1000_max": NaN,
        "nauc_recall_at_1000_std": NaN,
        "nauc_recall_at_1000_diff1": NaN,
        "nauc_precision_at_1_max": 0.391013,
        "nauc_precision_at_1_std": -0.088359,
        "nauc_precision_at_1_diff1": 0.894553,
        "nauc_precision_at_3_max": 0.873283,
        "nauc_precision_at_3_std": -0.294418,
        "nauc_precision_at_3_diff1": 0.884454,
        "nauc_precision_at_5_max": 0.880252,
        "nauc_precision_at_5_std": -0.239729,
        "nauc_precision_at_5_diff1": 0.879085,
        "nauc_precision_at_10_max": 0.871615,
        "nauc_precision_at_10_std": 0.297479,
        "nauc_precision_at_10_diff1": 0.918301,
        "nauc_precision_at_20_max": 0.679038,
        "nauc_precision_at_20_std": -0.369981,
        "nauc_precision_at_20_diff1": 0.861111,
        "nauc_precision_at_100_max": 0.679038,
        "nauc_precision_at_100_std": -0.369981,
        "nauc_precision_at_100_diff1": 0.861111,
        "nauc_precision_at_1000_max": 1.0,
        "nauc_precision_at_1000_std": 1.0,
        "nauc_precision_at_1000_diff1": 1.0,
        "nauc_mrr_at_1_max": 0.391013,
        "nauc_mrr_at_1_std": -0.088359,
        "nauc_mrr_at_1_diff1": 0.894553,
        "nauc_mrr_at_3_max": 0.506558,
        "nauc_mrr_at_3_std": -0.122735,
        "nauc_mrr_at_3_diff1": 0.890449,
        "nauc_mrr_at_5_max": 0.496612,
        "nauc_mrr_at_5_std": -0.11225,
        "nauc_mrr_at_5_diff1": 0.889964,
        "nauc_mrr_at_10_max": 0.488634,
        "nauc_mrr_at_10_std": -0.09737,
        "nauc_mrr_at_10_diff1": 0.890863,
        "nauc_mrr_at_20_max": 0.484855,
        "nauc_mrr_at_20_std": -0.103757,
        "nauc_mrr_at_20_diff1": 0.890331,
        "nauc_mrr_at_100_max": 0.484855,
        "nauc_mrr_at_100_std": -0.103757,
        "nauc_mrr_at_100_diff1": 0.890331,
        "nauc_mrr_at_1000_max": 0.484804,
        "nauc_mrr_at_1000_std": -0.103579,
        "nauc_mrr_at_1000_diff1": 0.890349,
        "hit_rate_at_1": 0.84412,
        "hit_rate_at_3": 0.95882,
        "hit_rate_at_5": 0.97059,
        "hit_rate_at_10": 0.98529,
        "hit_rate_at_20": 0.99412,
        "hit_rate_at_100": 0.99412,
        "hit_rate_at_1000": 1.0,
        "main_score": 0.92313,
        "hf_subset": "default",
        "languages": [
          "eng-Latn"
        ]
      }
    ]
  },
  "evaluation_time": 2.749265193939209,
  "kg_co2_emissions": null,
  "date": 1774415239.676913
}