{
  "dataset_revision": "d6628df131c3279007b88fe3e057e809dac056af",
  "task_name": "LLMSpartQA",
  "mteb_version": "2.11.6",
  "scores": {
    "test": [
      {
        "ndcg_at_1": 0.035,
        "ndcg_at_3": 0.06855,
        "ndcg_at_5": 0.09811,
        "ndcg_at_10": 0.12295,
        "ndcg_at_20": 0.14449,
        "ndcg_at_100": 0.18225,
        "ndcg_at_1000": 0.22351,
        "map_at_1": 0.01833,
        "map_at_3": 0.05167,
        "map_at_5": 0.06625,
        "map_at_10": 0.07696,
        "map_at_20": 0.08261,
        "map_at_100": 0.08777,
        "map_at_1000": 0.08918,
        "recall_at_1": 0.01833,
        "recall_at_3": 0.09167,
        "recall_at_5": 0.15667,
        "recall_at_10": 0.225,
        "recall_at_20": 0.3,
        "recall_at_100": 0.47167,
        "recall_at_1000": 0.76833,
        "accuracy": 0.01833,
        "precision_at_1": 0.035,
        "precision_at_3": 0.045,
        "precision_at_5": 0.048,
        "precision_at_10": 0.0345,
        "precision_at_20": 0.0235,
        "precision_at_100": 0.00815,
        "precision_at_1000": 0.00131,
        "mrr_at_1": 0.035,
        "mrr_at_3": 0.08,
        "mrr_at_5": 0.10225,
        "mrr_at_10": 0.11281,
        "mrr_at_20": 0.120242,
        "mrr_at_100": 0.125406,
        "mrr_at_1000": 0.126689,
        "nauc_ndcg_at_1_max": 0.159148,
        "nauc_ndcg_at_1_std": 0.36088,
        "nauc_ndcg_at_1_diff1": 0.028633,
        "nauc_ndcg_at_3_max": 0.484848,
        "nauc_ndcg_at_3_std": 0.409464,
        "nauc_ndcg_at_3_diff1": -0.051129,
        "nauc_ndcg_at_5_max": 0.45115,
        "nauc_ndcg_at_5_std": 0.454576,
        "nauc_ndcg_at_5_diff1": -0.04696,
        "nauc_ndcg_at_10_max": 0.484544,
        "nauc_ndcg_at_10_std": 0.45182,
        "nauc_ndcg_at_10_diff1": -0.03563,
        "nauc_ndcg_at_20_max": 0.474072,
        "nauc_ndcg_at_20_std": 0.429301,
        "nauc_ndcg_at_20_diff1": -0.023332,
        "nauc_ndcg_at_100_max": 0.449154,
        "nauc_ndcg_at_100_std": 0.480885,
        "nauc_ndcg_at_100_diff1": -0.013135,
        "nauc_ndcg_at_1000_max": 0.451397,
        "nauc_ndcg_at_1000_std": 0.452653,
        "nauc_ndcg_at_1000_diff1": -0.01524,
        "nauc_map_at_1_max": 0.403444,
        "nauc_map_at_1_std": 0.531819,
        "nauc_map_at_1_diff1": 0.034076,
        "nauc_map_at_3_max": 0.498537,
        "nauc_map_at_3_std": 0.435015,
        "nauc_map_at_3_diff1": -0.049907,
        "nauc_map_at_5_max": 0.468851,
        "nauc_map_at_5_std": 0.463649,
        "nauc_map_at_5_diff1": -0.051979,
        "nauc_map_at_10_max": 0.485779,
        "nauc_map_at_10_std": 0.459876,
        "nauc_map_at_10_diff1": -0.045329,
        "nauc_map_at_20_max": 0.482571,
        "nauc_map_at_20_std": 0.451053,
        "nauc_map_at_20_diff1": -0.040538,
        "nauc_map_at_100_max": 0.471245,
        "nauc_map_at_100_std": 0.464739,
        "nauc_map_at_100_diff1": -0.037373,
        "nauc_map_at_1000_max": 0.470725,
        "nauc_map_at_1000_std": 0.463891,
        "nauc_map_at_1000_diff1": -0.037548,
        "nauc_recall_at_1_max": 0.403444,
        "nauc_recall_at_1_std": 0.531819,
        "nauc_recall_at_1_diff1": 0.034076,
        "nauc_recall_at_3_max": 0.52257,
        "nauc_recall_at_3_std": 0.42112,
        "nauc_recall_at_3_diff1": -0.077073,
        "nauc_recall_at_5_max": 0.451135,
        "nauc_recall_at_5_std": 0.461206,
        "nauc_recall_at_5_diff1": -0.072499,
        "nauc_recall_at_10_max": 0.505014,
        "nauc_recall_at_10_std": 0.435478,
        "nauc_recall_at_10_diff1": -0.0411,
        "nauc_recall_at_20_max": 0.472262,
        "nauc_recall_at_20_std": 0.37413,
        "nauc_recall_at_20_diff1": -0.024231,
        "nauc_recall_at_100_max": 0.40616,
        "nauc_recall_at_100_std": 0.442283,
        "nauc_recall_at_100_diff1": 0.010326,
        "nauc_recall_at_1000_max": 0.316278,
        "nauc_recall_at_1000_std": 0.170538,
        "nauc_recall_at_1000_diff1": 0.006473,
        "nauc_precision_at_1_max": 0.159148,
        "nauc_precision_at_1_std": 0.36088,
        "nauc_precision_at_1_diff1": 0.028633,
        "nauc_precision_at_3_max": 0.468473,
        "nauc_precision_at_3_std": 0.355619,
        "nauc_precision_at_3_diff1": -0.035715,
        "nauc_precision_at_5_max": 0.401996,
        "nauc_precision_at_5_std": 0.44395,
        "nauc_precision_at_5_diff1": -0.005307,
        "nauc_precision_at_10_max": 0.448928,
        "nauc_precision_at_10_std": 0.44222,
        "nauc_precision_at_10_diff1": -0.003174,
        "nauc_precision_at_20_max": 0.398623,
        "nauc_precision_at_20_std": 0.401369,
        "nauc_precision_at_20_diff1": 0.037092,
        "nauc_precision_at_100_max": 0.217401,
        "nauc_precision_at_100_std": 0.432008,
        "nauc_precision_at_100_diff1": 0.02622,
        "nauc_precision_at_1000_max": -0.002,
        "nauc_precision_at_1000_std": 0.050862,
        "nauc_precision_at_1000_diff1": 0.047616,
        "nauc_mrr_at_1_max": 0.159148,
        "nauc_mrr_at_1_std": 0.36088,
        "nauc_mrr_at_1_diff1": 0.028633,
        "nauc_mrr_at_3_max": 0.393718,
        "nauc_mrr_at_3_std": 0.352484,
        "nauc_mrr_at_3_diff1": -0.022211,
        "nauc_mrr_at_5_max": 0.386011,
        "nauc_mrr_at_5_std": 0.391152,
        "nauc_mrr_at_5_diff1": -0.007796,
        "nauc_mrr_at_10_max": 0.392941,
        "nauc_mrr_at_10_std": 0.39884,
        "nauc_mrr_at_10_diff1": -0.007848,
        "nauc_mrr_at_20_max": 0.388406,
        "nauc_mrr_at_20_std": 0.392428,
        "nauc_mrr_at_20_diff1": -0.001454,
        "nauc_mrr_at_100_max": 0.383014,
        "nauc_mrr_at_100_std": 0.397424,
        "nauc_mrr_at_100_diff1": -0.000488,
        "nauc_mrr_at_1000_max": 0.382455,
        "nauc_mrr_at_1000_std": 0.396759,
        "nauc_mrr_at_1000_diff1": -0.000478,
        "hit_rate_at_1": 0.035,
        "hit_rate_at_3": 0.135,
        "hit_rate_at_5": 0.235,
        "hit_rate_at_10": 0.31,
        "hit_rate_at_20": 0.415,
        "hit_rate_at_100": 0.635,
        "hit_rate_at_1000": 0.92,
        "main_score": 0.12295,
        "hf_subset": "default",
        "languages": [
          "eng-Latn"
        ]
      }
    ]
  },
  "evaluation_time": 5.728987455368042,
  "kg_co2_emissions": null,
  "date": 1774415248.360161
}