{
  "dataset_revision": "31f9b918c30ef94e15a168cb95ca4ebf291396eb",
  "task_name": "LLMTwitterHjerneRetrieval",
  "mteb_version": "2.11.6",
  "scores": {
    "train": [
      {
        "ndcg_at_1": 0.87013,
        "ndcg_at_3": 0.76058,
        "ndcg_at_5": 0.76466,
        "ndcg_at_10": 0.78939,
        "ndcg_at_20": 0.81593,
        "ndcg_at_100": 0.83732,
        "ndcg_at_1000": 0.84565,
        "map_at_1": 0.27597,
        "map_at_3": 0.58824,
        "map_at_5": 0.69127,
        "map_at_10": 0.71745,
        "map_at_20": 0.73081,
        "map_at_100": 0.73751,
        "map_at_1000": 0.73838,
        "recall_at_1": 0.27597,
        "recall_at_3": 0.60476,
        "recall_at_5": 0.74048,
        "recall_at_10": 0.80281,
        "recall_at_20": 0.87597,
        "recall_at_100": 0.95433,
        "recall_at_1000": 1.0,
        "accuracy": 0.27597,
        "precision_at_1": 0.87013,
        "precision_at_3": 0.671,
        "precision_at_5": 0.51169,
        "precision_at_10": 0.27792,
        "precision_at_20": 0.1513,
        "precision_at_100": 0.03286,
        "precision_at_1000": 0.0034,
        "mrr_at_1": 0.87013,
        "mrr_at_3": 0.883117,
        "mrr_at_5": 0.892208,
        "mrr_at_10": 0.894063,
        "mrr_at_20": 0.895549,
        "mrr_at_100": 0.896068,
        "mrr_at_1000": 0.896159,
        "nauc_ndcg_at_1_max": 0.869758,
        "nauc_ndcg_at_1_std": 0.549157,
        "nauc_ndcg_at_1_diff1": 0.599439,
        "nauc_ndcg_at_3_max": 0.66445,
        "nauc_ndcg_at_3_std": 0.257001,
        "nauc_ndcg_at_3_diff1": 0.195512,
        "nauc_ndcg_at_5_max": 0.609045,
        "nauc_ndcg_at_5_std": 0.174639,
        "nauc_ndcg_at_5_diff1": 0.194965,
        "nauc_ndcg_at_10_max": 0.624609,
        "nauc_ndcg_at_10_std": 0.193125,
        "nauc_ndcg_at_10_diff1": 0.15214,
        "nauc_ndcg_at_20_max": 0.642854,
        "nauc_ndcg_at_20_std": 0.234449,
        "nauc_ndcg_at_20_diff1": 0.159795,
        "nauc_ndcg_at_100_max": 0.680346,
        "nauc_ndcg_at_100_std": 0.292817,
        "nauc_ndcg_at_100_diff1": 0.206396,
        "nauc_ndcg_at_1000_max": 0.671099,
        "nauc_ndcg_at_1000_std": 0.268888,
        "nauc_ndcg_at_1000_diff1": 0.2024,
        "nauc_map_at_1_max": 0.189613,
        "nauc_map_at_1_std": 0.004186,
        "nauc_map_at_1_diff1": 0.297978,
        "nauc_map_at_3_max": 0.417563,
        "nauc_map_at_3_std": 0.065591,
        "nauc_map_at_3_diff1": 0.152057,
        "nauc_map_at_5_max": 0.536042,
        "nauc_map_at_5_std": 0.104599,
        "nauc_map_at_5_diff1": 0.135367,
        "nauc_map_at_10_max": 0.573858,
        "nauc_map_at_10_std": 0.142744,
        "nauc_map_at_10_diff1": 0.1206,
        "nauc_map_at_20_max": 0.584706,
        "nauc_map_at_20_std": 0.157002,
        "nauc_map_at_20_diff1": 0.120056,
        "nauc_map_at_100_max": 0.593846,
        "nauc_map_at_100_std": 0.173912,
        "nauc_map_at_100_diff1": 0.127392,
        "nauc_map_at_1000_max": 0.593158,
        "nauc_map_at_1000_std": 0.172301,
        "nauc_map_at_1000_diff1": 0.127237,
        "nauc_recall_at_1_max": 0.189613,
        "nauc_recall_at_1_std": 0.004186,
        "nauc_recall_at_1_diff1": 0.297978,
        "nauc_recall_at_3_max": 0.377025,
        "nauc_recall_at_3_std": 0.040881,
        "nauc_recall_at_3_diff1": 0.153492,
        "nauc_recall_at_5_max": 0.479197,
        "nauc_recall_at_5_std": 0.048934,
        "nauc_recall_at_5_diff1": 0.123028,
        "nauc_recall_at_10_max": 0.526275,
        "nauc_recall_at_10_std": 0.093146,
        "nauc_recall_at_10_diff1": 0.032551,
        "nauc_recall_at_20_max": 0.524546,
        "nauc_recall_at_20_std": 0.195082,
        "nauc_recall_at_20_diff1": -0.013658,
        "nauc_recall_at_100_max": 0.780486,
        "nauc_recall_at_100_std": 0.669556,
        "nauc_recall_at_100_diff1": 0.295269,
        "nauc_recall_at_1000_max": NaN,
        "nauc_recall_at_1000_std": NaN,
        "nauc_recall_at_1000_diff1": NaN,
        "nauc_precision_at_1_max": 0.869758,
        "nauc_precision_at_1_std": 0.549157,
        "nauc_precision_at_1_diff1": 0.599439,
        "nauc_precision_at_3_max": 0.569867,
        "nauc_precision_at_3_std": 0.276569,
        "nauc_precision_at_3_diff1": 0.038855,
        "nauc_precision_at_5_max": 0.47186,
        "nauc_precision_at_5_std": 0.202237,
        "nauc_precision_at_5_diff1": -0.017144,
        "nauc_precision_at_10_max": 0.441986,
        "nauc_precision_at_10_std": 0.23727,
        "nauc_precision_at_10_diff1": -0.061202,
        "nauc_precision_at_20_max": 0.385364,
        "nauc_precision_at_20_std": 0.270238,
        "nauc_precision_at_20_diff1": -0.072604,
        "nauc_precision_at_100_max": 0.340929,
        "nauc_precision_at_100_std": 0.345996,
        "nauc_precision_at_100_diff1": -0.033571,
        "nauc_precision_at_1000_max": 0.266413,
        "nauc_precision_at_1000_std": 0.284722,
        "nauc_precision_at_1000_diff1": -0.0482,
        "nauc_mrr_at_1_max": 0.869758,
        "nauc_mrr_at_1_std": 0.549157,
        "nauc_mrr_at_1_diff1": 0.599439,
        "nauc_mrr_at_3_max": 0.849599,
        "nauc_mrr_at_3_std": 0.505831,
        "nauc_mrr_at_3_diff1": 0.602096,
        "nauc_mrr_at_5_max": 0.843943,
        "nauc_mrr_at_5_std": 0.501143,
        "nauc_mrr_at_5_diff1": 0.58328,
        "nauc_mrr_at_10_max": 0.856728,
        "nauc_mrr_at_10_std": 0.513028,
        "nauc_mrr_at_10_diff1": 0.5782,
        "nauc_mrr_at_20_max": 0.855579,
        "nauc_mrr_at_20_std": 0.516242,
        "nauc_mrr_at_20_diff1": 0.584742,
        "nauc_mrr_at_100_max": 0.855512,
        "nauc_mrr_at_100_std": 0.516046,
        "nauc_mrr_at_100_diff1": 0.584042,
        "nauc_mrr_at_1000_max": 0.855383,
        "nauc_mrr_at_1000_std": 0.515613,
        "nauc_mrr_at_1000_diff1": 0.584068,
        "hit_rate_at_1": 0.87013,
        "hit_rate_at_3": 0.8961,
        "hit_rate_at_5": 0.93506,
        "hit_rate_at_10": 0.94805,
        "hit_rate_at_20": 0.97403,
        "hit_rate_at_100": 0.98701,
        "hit_rate_at_1000": 1.0,
        "main_score": 0.78939,
        "hf_subset": "default",
        "languages": [
          "dan-Latn"
        ]
      }
    ]
  },
  "evaluation_time": 1.2620861530303955,
  "kg_co2_emissions": null,
  "date": 1774415252.662898
}