{
  "dataset_revision": "bc2a1e4c24771a6f3432578016cfb737732398fd",
  "task_name": "LLMWinoGrande",
  "mteb_version": "2.11.6",
  "scores": {
    "test": [
      {
        "ndcg_at_1": 0.36,
        "ndcg_at_3": 0.51803,
        "ndcg_at_5": 0.54946,
        "ndcg_at_10": 0.59425,
        "ndcg_at_20": 0.60441,
        "ndcg_at_100": 0.62131,
        "ndcg_at_1000": 0.62557,
        "map_at_1": 0.36,
        "map_at_3": 0.48083,
        "map_at_5": 0.49858,
        "map_at_10": 0.51774,
        "map_at_20": 0.52055,
        "map_at_100": 0.52331,
        "map_at_1000": 0.52343,
        "recall_at_1": 0.36,
        "recall_at_3": 0.625,
        "recall_at_5": 0.7,
        "recall_at_10": 0.835,
        "recall_at_20": 0.875,
        "recall_at_100": 0.96,
        "recall_at_1000": 0.995,
        "accuracy": 0.36,
        "precision_at_1": 0.36,
        "precision_at_3": 0.20833,
        "precision_at_5": 0.14,
        "precision_at_10": 0.0835,
        "precision_at_20": 0.04375,
        "precision_at_100": 0.0096,
        "precision_at_1000": 0.001,
        "mrr_at_1": 0.36,
        "mrr_at_3": 0.480833,
        "mrr_at_5": 0.498583,
        "mrr_at_10": 0.517742,
        "mrr_at_20": 0.520546,
        "mrr_at_100": 0.523307,
        "mrr_at_1000": 0.523431,
        "nauc_ndcg_at_1_max": 0.171095,
        "nauc_ndcg_at_1_std": 0.147372,
        "nauc_ndcg_at_1_diff1": 0.133148,
        "nauc_ndcg_at_3_max": 0.180049,
        "nauc_ndcg_at_3_std": 0.14579,
        "nauc_ndcg_at_3_diff1": 0.149991,
        "nauc_ndcg_at_5_max": 0.119878,
        "nauc_ndcg_at_5_std": 0.137135,
        "nauc_ndcg_at_5_diff1": 0.121484,
        "nauc_ndcg_at_10_max": 0.110315,
        "nauc_ndcg_at_10_std": 0.160162,
        "nauc_ndcg_at_10_diff1": 0.117075,
        "nauc_ndcg_at_20_max": 0.098754,
        "nauc_ndcg_at_20_std": 0.152317,
        "nauc_ndcg_at_20_diff1": 0.115436,
        "nauc_ndcg_at_100_max": 0.118053,
        "nauc_ndcg_at_100_std": 0.157727,
        "nauc_ndcg_at_100_diff1": 0.119409,
        "nauc_ndcg_at_1000_max": 0.12308,
        "nauc_ndcg_at_1000_std": 0.153598,
        "nauc_ndcg_at_1000_diff1": 0.118285,
        "nauc_map_at_1_max": 0.171095,
        "nauc_map_at_1_std": 0.147372,
        "nauc_map_at_1_diff1": 0.133148,
        "nauc_map_at_3_max": 0.175681,
        "nauc_map_at_3_std": 0.147297,
        "nauc_map_at_3_diff1": 0.145131,
        "nauc_map_at_5_max": 0.143262,
        "nauc_map_at_5_std": 0.14237,
        "nauc_map_at_5_diff1": 0.129907,
        "nauc_map_at_10_max": 0.139776,
        "nauc_map_at_10_std": 0.150423,
        "nauc_map_at_10_diff1": 0.126998,
        "nauc_map_at_20_max": 0.137164,
        "nauc_map_at_20_std": 0.14847,
        "nauc_map_at_20_diff1": 0.126258,
        "nauc_map_at_100_max": 0.140672,
        "nauc_map_at_100_std": 0.149616,
        "nauc_map_at_100_diff1": 0.127225,
        "nauc_map_at_1000_max": 0.140847,
        "nauc_map_at_1000_std": 0.149519,
        "nauc_map_at_1000_diff1": 0.127247,
        "nauc_recall_at_1_max": 0.171095,
        "nauc_recall_at_1_std": 0.147372,
        "nauc_recall_at_1_diff1": 0.133148,
        "nauc_recall_at_3_max": 0.194962,
        "nauc_recall_at_3_std": 0.14047,
        "nauc_recall_at_3_diff1": 0.165775,
        "nauc_recall_at_5_max": 0.026743,
        "nauc_recall_at_5_std": 0.116772,
        "nauc_recall_at_5_diff1": 0.086336,
        "nauc_recall_at_10_max": -0.07468,
        "nauc_recall_at_10_std": 0.234242,
        "nauc_recall_at_10_diff1": 0.056901,
        "nauc_recall_at_20_max": -0.224449,
        "nauc_recall_at_20_std": 0.18815,
        "nauc_recall_at_20_diff1": 0.034362,
        "nauc_recall_at_100_max": -0.338644,
        "nauc_recall_at_100_std": 0.390056,
        "nauc_recall_at_100_diff1": -0.032738,
        "nauc_recall_at_1000_max": -1.739963,
        "nauc_recall_at_1000_std": 0.358077,
        "nauc_recall_at_1000_diff1": -1.739963,
        "nauc_precision_at_1_max": 0.171095,
        "nauc_precision_at_1_std": 0.147372,
        "nauc_precision_at_1_diff1": 0.133148,
        "nauc_precision_at_3_max": 0.194962,
        "nauc_precision_at_3_std": 0.14047,
        "nauc_precision_at_3_diff1": 0.165775,
        "nauc_precision_at_5_max": 0.026743,
        "nauc_precision_at_5_std": 0.116772,
        "nauc_precision_at_5_diff1": 0.086336,
        "nauc_precision_at_10_max": -0.07468,
        "nauc_precision_at_10_std": 0.234242,
        "nauc_precision_at_10_diff1": 0.056901,
        "nauc_precision_at_20_max": -0.224449,
        "nauc_precision_at_20_std": 0.18815,
        "nauc_precision_at_20_diff1": 0.034362,
        "nauc_precision_at_100_max": -0.338644,
        "nauc_precision_at_100_std": 0.390056,
        "nauc_precision_at_100_diff1": -0.032738,
        "nauc_precision_at_1000_max": -1.739963,
        "nauc_precision_at_1000_std": 0.358077,
        "nauc_precision_at_1000_diff1": -1.739963,
        "nauc_mrr_at_1_max": 0.171095,
        "nauc_mrr_at_1_std": 0.147372,
        "nauc_mrr_at_1_diff1": 0.133148,
        "nauc_mrr_at_3_max": 0.175681,
        "nauc_mrr_at_3_std": 0.147297,
        "nauc_mrr_at_3_diff1": 0.145131,
        "nauc_mrr_at_5_max": 0.143262,
        "nauc_mrr_at_5_std": 0.14237,
        "nauc_mrr_at_5_diff1": 0.129907,
        "nauc_mrr_at_10_max": 0.139776,
        "nauc_mrr_at_10_std": 0.150423,
        "nauc_mrr_at_10_diff1": 0.126998,
        "nauc_mrr_at_20_max": 0.137164,
        "nauc_mrr_at_20_std": 0.14847,
        "nauc_mrr_at_20_diff1": 0.126258,
        "nauc_mrr_at_100_max": 0.140672,
        "nauc_mrr_at_100_std": 0.149616,
        "nauc_mrr_at_100_diff1": 0.127225,
        "nauc_mrr_at_1000_max": 0.140847,
        "nauc_mrr_at_1000_std": 0.149519,
        "nauc_mrr_at_1000_diff1": 0.127247,
        "hit_rate_at_1": 0.36,
        "hit_rate_at_3": 0.625,
        "hit_rate_at_5": 0.7,
        "hit_rate_at_10": 0.835,
        "hit_rate_at_20": 0.875,
        "hit_rate_at_100": 0.96,
        "hit_rate_at_1000": 0.995,
        "main_score": 0.59425,
        "hf_subset": "default",
        "languages": [
          "eng-Latn"
        ]
      }
    ]
  },
  "evaluation_time": 15.700090885162354,
  "kg_co2_emissions": null,
  "date": 1774415271.383205
}