{
  "dataset_revision": "a2acf12d293ea934823ca26752a05c5bfab24dff",
  "task_name": "LLMAILAStatutes",
  "mteb_version": "2.11.6",
  "scores": {
    "test": [
      {
        "ndcg_at_1": 0.86,
        "ndcg_at_3": 0.7386,
        "ndcg_at_5": 0.70604,
        "ndcg_at_10": 0.81633,
        "ndcg_at_20": 0.85683,
        "ndcg_at_100": 0.86456,
        "ndcg_at_1000": 0.86456,
        "map_at_1": 0.20967,
        "map_at_3": 0.44572,
        "map_at_5": 0.57542,
        "map_at_10": 0.68462,
        "map_at_20": 0.71457,
        "map_at_100": 0.71873,
        "map_at_1000": 0.71873,
        "recall_at_1": 0.20967,
        "recall_at_3": 0.48467,
        "recall_at_5": 0.67033,
        "recall_at_10": 0.881,
        "recall_at_20": 0.978,
        "recall_at_100": 1.0,
        "recall_at_1000": 1.0,
        "accuracy": 0.20967,
        "precision_at_1": 0.86,
        "precision_at_3": 0.68667,
        "precision_at_5": 0.58,
        "precision_at_10": 0.38,
        "precision_at_20": 0.212,
        "precision_at_100": 0.0434,
        "precision_at_1000": 0.00434,
        "mrr_at_1": 0.86,
        "mrr_at_3": 0.93,
        "mrr_at_5": 0.93,
        "mrr_at_10": 0.93,
        "mrr_at_20": 0.93,
        "mrr_at_100": 0.93,
        "mrr_at_1000": 0.93,
        "nauc_ndcg_at_1_max": 0.791811,
        "nauc_ndcg_at_1_std": 0.512748,
        "nauc_ndcg_at_1_diff1": 0.645351,
        "nauc_ndcg_at_3_max": 0.227488,
        "nauc_ndcg_at_3_std": 0.209946,
        "nauc_ndcg_at_3_diff1": 0.130106,
        "nauc_ndcg_at_5_max": 0.256856,
        "nauc_ndcg_at_5_std": 0.20193,
        "nauc_ndcg_at_5_diff1": 0.160712,
        "nauc_ndcg_at_10_max": 0.44059,
        "nauc_ndcg_at_10_std": 0.199973,
        "nauc_ndcg_at_10_diff1": 0.165086,
        "nauc_ndcg_at_20_max": 0.444728,
        "nauc_ndcg_at_20_std": 0.31895,
        "nauc_ndcg_at_20_diff1": 0.188913,
        "nauc_ndcg_at_100_max": 0.420416,
        "nauc_ndcg_at_100_std": 0.287868,
        "nauc_ndcg_at_100_diff1": 0.198441,
        "nauc_ndcg_at_1000_max": 0.420416,
        "nauc_ndcg_at_1000_std": 0.287868,
        "nauc_ndcg_at_1000_diff1": 0.198441,
        "nauc_map_at_1_max": 0.42928,
        "nauc_map_at_1_std": 0.1127,
        "nauc_map_at_1_diff1": 0.397575,
        "nauc_map_at_3_max": 0.280005,
        "nauc_map_at_3_std": 0.176418,
        "nauc_map_at_3_diff1": 0.265589,
        "nauc_map_at_5_max": 0.264103,
        "nauc_map_at_5_std": 0.204588,
        "nauc_map_at_5_diff1": 0.171291,
        "nauc_map_at_10_max": 0.397301,
        "nauc_map_at_10_std": 0.21204,
        "nauc_map_at_10_diff1": 0.142945,
        "nauc_map_at_20_max": 0.386232,
        "nauc_map_at_20_std": 0.265004,
        "nauc_map_at_20_diff1": 0.135648,
        "nauc_map_at_100_max": 0.374467,
        "nauc_map_at_100_std": 0.252237,
        "nauc_map_at_100_diff1": 0.135099,
        "nauc_map_at_1000_max": 0.374467,
        "nauc_map_at_1000_std": 0.252237,
        "nauc_map_at_1000_diff1": 0.135099,
        "nauc_recall_at_1_max": 0.42928,
        "nauc_recall_at_1_std": 0.1127,
        "nauc_recall_at_1_diff1": 0.397575,
        "nauc_recall_at_3_max": 0.078001,
        "nauc_recall_at_3_std": 0.016856,
        "nauc_recall_at_3_diff1": 0.162152,
        "nauc_recall_at_5_max": 0.075461,
        "nauc_recall_at_5_std": 0.084843,
        "nauc_recall_at_5_diff1": 0.032529,
        "nauc_recall_at_10_max": 0.362995,
        "nauc_recall_at_10_std": 0.001975,
        "nauc_recall_at_10_diff1": 0.025202,
        "nauc_recall_at_20_max": 0.434046,
        "nauc_recall_at_20_std": 0.430757,
        "nauc_recall_at_20_diff1": -0.012563,
        "nauc_recall_at_100_max": NaN,
        "nauc_recall_at_100_std": NaN,
        "nauc_recall_at_100_diff1": NaN,
        "nauc_recall_at_1000_max": NaN,
        "nauc_recall_at_1000_std": NaN,
        "nauc_recall_at_1000_diff1": NaN,
        "nauc_precision_at_1_max": 0.791811,
        "nauc_precision_at_1_std": 0.512748,
        "nauc_precision_at_1_diff1": 0.645351,
        "nauc_precision_at_3_max": 0.018072,
        "nauc_precision_at_3_std": 0.152188,
        "nauc_precision_at_3_diff1": -0.021105,
        "nauc_precision_at_5_max": -0.003529,
        "nauc_precision_at_5_std": 0.163789,
        "nauc_precision_at_5_diff1": -0.177361,
        "nauc_precision_at_10_max": 0.130607,
        "nauc_precision_at_10_std": 0.10572,
        "nauc_precision_at_10_diff1": -0.202281,
        "nauc_precision_at_20_max": -0.064944,
        "nauc_precision_at_20_std": 0.176564,
        "nauc_precision_at_20_diff1": -0.333576,
        "nauc_precision_at_100_max": -0.16145,
        "nauc_precision_at_100_std": 0.095534,
        "nauc_precision_at_100_diff1": -0.36838,
        "nauc_precision_at_1000_max": -0.16145,
        "nauc_precision_at_1000_std": 0.095534,
        "nauc_precision_at_1000_diff1": -0.36838,
        "nauc_mrr_at_1_max": 0.791811,
        "nauc_mrr_at_1_std": 0.512748,
        "nauc_mrr_at_1_diff1": 0.645351,
        "nauc_mrr_at_3_max": 0.791811,
        "nauc_mrr_at_3_std": 0.512748,
        "nauc_mrr_at_3_diff1": 0.645351,
        "nauc_mrr_at_5_max": 0.791811,
        "nauc_mrr_at_5_std": 0.512748,
        "nauc_mrr_at_5_diff1": 0.645351,
        "nauc_mrr_at_10_max": 0.791811,
        "nauc_mrr_at_10_std": 0.512748,
        "nauc_mrr_at_10_diff1": 0.645351,
        "nauc_mrr_at_20_max": 0.791811,
        "nauc_mrr_at_20_std": 0.512748,
        "nauc_mrr_at_20_diff1": 0.645351,
        "nauc_mrr_at_100_max": 0.791811,
        "nauc_mrr_at_100_std": 0.512748,
        "nauc_mrr_at_100_diff1": 0.645351,
        "nauc_mrr_at_1000_max": 0.791811,
        "nauc_mrr_at_1000_std": 0.512748,
        "nauc_mrr_at_1000_diff1": 0.645351,
        "hit_rate_at_1": 0.86,
        "hit_rate_at_3": 1.0,
        "hit_rate_at_5": 1.0,
        "hit_rate_at_10": 1.0,
        "hit_rate_at_20": 1.0,
        "hit_rate_at_100": 1.0,
        "hit_rate_at_1000": 1.0,
        "main_score": 0.81633,
        "hf_subset": "default",
        "languages": [
          "eng-Latn"
        ]
      }
    ]
  },
  "evaluation_time": 4.099226474761963,
  "kg_co2_emissions": null,
  "date": 1774377821.51933
}