{
  "dataset_revision": "300cb175d1b608cfc3fdb94fd06b3ceb937f9b6a",
  "task_name": "LLMLegalBenchCorporateLobbying",
  "mteb_version": "2.11.6",
  "scores": {
    "test": [
      {
        "ndcg_at_1": 0.87647,
        "ndcg_at_3": 0.93802,
        "ndcg_at_5": 0.94056,
        "ndcg_at_10": 0.94354,
        "ndcg_at_20": 0.94436,
        "ndcg_at_100": 0.94482,
        "ndcg_at_1000": 0.94521,
        "map_at_1": 0.87647,
        "map_at_3": 0.92451,
        "map_at_5": 0.92598,
        "map_at_10": 0.92729,
        "map_at_20": 0.92755,
        "map_at_100": 0.92759,
        "map_at_1000": 0.92761,
        "recall_at_1": 0.87647,
        "recall_at_3": 0.97647,
        "recall_at_5": 0.98235,
        "recall_at_10": 0.99118,
        "recall_at_20": 0.99412,
        "recall_at_100": 0.99706,
        "recall_at_1000": 1.0,
        "accuracy": 0.87647,
        "precision_at_1": 0.87647,
        "precision_at_3": 0.32549,
        "precision_at_5": 0.19647,
        "precision_at_10": 0.09912,
        "precision_at_20": 0.04971,
        "precision_at_100": 0.00997,
        "precision_at_1000": 0.001,
        "mrr_at_1": 0.876471,
        "mrr_at_3": 0.92451,
        "mrr_at_5": 0.92598,
        "mrr_at_10": 0.927288,
        "mrr_at_20": 0.927555,
        "mrr_at_100": 0.92759,
        "mrr_at_1000": 0.927606,
        "nauc_ndcg_at_1_max": 0.450333,
        "nauc_ndcg_at_1_std": -0.236423,
        "nauc_ndcg_at_1_diff1": 0.88351,
        "nauc_ndcg_at_3_max": 0.550052,
        "nauc_ndcg_at_3_std": -0.287964,
        "nauc_ndcg_at_3_diff1": 0.875539,
        "nauc_ndcg_at_5_max": 0.533342,
        "nauc_ndcg_at_5_std": -0.284512,
        "nauc_ndcg_at_5_diff1": 0.870131,
        "nauc_ndcg_at_10_max": 0.519119,
        "nauc_ndcg_at_10_std": -0.247855,
        "nauc_ndcg_at_10_diff1": 0.870486,
        "nauc_ndcg_at_20_max": 0.511881,
        "nauc_ndcg_at_20_std": -0.26467,
        "nauc_ndcg_at_20_diff1": 0.870504,
        "nauc_ndcg_at_100_max": 0.513183,
        "nauc_ndcg_at_100_std": -0.252178,
        "nauc_ndcg_at_100_diff1": 0.873183,
        "nauc_ndcg_at_1000_max": 0.509629,
        "nauc_ndcg_at_1000_std": -0.26132,
        "nauc_ndcg_at_1000_diff1": 0.874285,
        "nauc_map_at_1_max": 0.450333,
        "nauc_map_at_1_std": -0.236423,
        "nauc_map_at_1_diff1": 0.88351,
        "nauc_map_at_3_max": 0.518017,
        "nauc_map_at_3_std": -0.274428,
        "nauc_map_at_3_diff1": 0.879151,
        "nauc_map_at_5_max": 0.509564,
        "nauc_map_at_5_std": -0.272542,
        "nauc_map_at_5_diff1": 0.876699,
        "nauc_map_at_10_max": 0.504527,
        "nauc_map_at_10_std": -0.257572,
        "nauc_map_at_10_diff1": 0.876948,
        "nauc_map_at_20_max": 0.502659,
        "nauc_map_at_20_std": -0.261821,
        "nauc_map_at_20_diff1": 0.876977,
        "nauc_map_at_100_max": 0.502729,
        "nauc_map_at_100_std": -0.261099,
        "nauc_map_at_100_diff1": 0.877135,
        "nauc_map_at_1000_max": 0.502615,
        "nauc_map_at_1000_std": -0.261388,
        "nauc_map_at_1000_diff1": 0.87717,
        "nauc_recall_at_1_max": 0.450333,
        "nauc_recall_at_1_std": -0.236423,
        "nauc_recall_at_1_diff1": 0.88351,
        "nauc_recall_at_3_max": 0.831349,
        "nauc_recall_at_3_std": -0.402019,
        "nauc_recall_at_3_diff1": 0.842145,
        "nauc_recall_at_5_max": 0.796919,
        "nauc_recall_at_5_std": -0.413554,
        "nauc_recall_at_5_diff1": 0.789527,
        "nauc_recall_at_10_max": 0.786026,
        "nauc_recall_at_10_std": 0.043106,
        "nauc_recall_at_10_diff1": 0.715219,
        "nauc_recall_at_20_max": 0.679038,
        "nauc_recall_at_20_std": -0.369981,
        "nauc_recall_at_20_diff1": 0.638189,
        "nauc_recall_at_100_max": 1.0,
        "nauc_recall_at_100_std": 1.0,
        "nauc_recall_at_100_diff1": 0.722222,
        "nauc_recall_at_1000_max": NaN,
        "nauc_recall_at_1000_std": NaN,
        "nauc_recall_at_1000_diff1": NaN,
        "nauc_precision_at_1_max": 0.450333,
        "nauc_precision_at_1_std": -0.236423,
        "nauc_precision_at_1_diff1": 0.88351,
        "nauc_precision_at_3_max": 0.831349,
        "nauc_precision_at_3_std": -0.402019,
        "nauc_precision_at_3_diff1": 0.842145,
        "nauc_precision_at_5_max": 0.796919,
        "nauc_precision_at_5_std": -0.413554,
        "nauc_precision_at_5_diff1": 0.789527,
        "nauc_precision_at_10_max": 0.786026,
        "nauc_precision_at_10_std": 0.043106,
        "nauc_precision_at_10_diff1": 0.715219,
        "nauc_precision_at_20_max": 0.679038,
        "nauc_precision_at_20_std": -0.369981,
        "nauc_precision_at_20_diff1": 0.638189,
        "nauc_precision_at_100_max": 1.0,
        "nauc_precision_at_100_std": 1.0,
        "nauc_precision_at_100_diff1": 0.722222,
        "nauc_precision_at_1000_max": 1.0,
        "nauc_precision_at_1000_std": 1.0,
        "nauc_precision_at_1000_diff1": 1.0,
        "nauc_mrr_at_1_max": 0.450333,
        "nauc_mrr_at_1_std": -0.236423,
        "nauc_mrr_at_1_diff1": 0.88351,
        "nauc_mrr_at_3_max": 0.518017,
        "nauc_mrr_at_3_std": -0.274428,
        "nauc_mrr_at_3_diff1": 0.879151,
        "nauc_mrr_at_5_max": 0.509564,
        "nauc_mrr_at_5_std": -0.272542,
        "nauc_mrr_at_5_diff1": 0.876699,
        "nauc_mrr_at_10_max": 0.504527,
        "nauc_mrr_at_10_std": -0.257572,
        "nauc_mrr_at_10_diff1": 0.876948,
        "nauc_mrr_at_20_max": 0.502659,
        "nauc_mrr_at_20_std": -0.261821,
        "nauc_mrr_at_20_diff1": 0.876977,
        "nauc_mrr_at_100_max": 0.502729,
        "nauc_mrr_at_100_std": -0.261099,
        "nauc_mrr_at_100_diff1": 0.877135,
        "nauc_mrr_at_1000_max": 0.502615,
        "nauc_mrr_at_1000_std": -0.261388,
        "nauc_mrr_at_1000_diff1": 0.87717,
        "hit_rate_at_1": 0.87647,
        "hit_rate_at_3": 0.97647,
        "hit_rate_at_5": 0.98235,
        "hit_rate_at_10": 0.99118,
        "hit_rate_at_20": 0.99412,
        "hit_rate_at_100": 0.99706,
        "hit_rate_at_1000": 1.0,
        "main_score": 0.94354,
        "hf_subset": "default",
        "languages": [
          "eng-Latn"
        ]
      }
    ]
  },
  "evaluation_time": 12.191223859786987,
  "kg_co2_emissions": null,
  "date": 1774377835.671654
}