{
  "dataset_revision": "d6628df131c3279007b88fe3e057e809dac056af",
  "task_name": "LLMSpartQA",
  "mteb_version": "2.11.6",
  "scores": {
    "test": [
      {
        "ndcg_at_1": 0.075,
        "ndcg_at_3": 0.13995,
        "ndcg_at_5": 0.16475,
        "ndcg_at_10": 0.17842,
        "ndcg_at_20": 0.18863,
        "ndcg_at_100": 0.21876,
        "ndcg_at_1000": 0.26205,
        "map_at_1": 0.05833,
        "map_at_3": 0.1125,
        "map_at_5": 0.12708,
        "map_at_10": 0.13236,
        "map_at_20": 0.13493,
        "map_at_100": 0.13854,
        "map_at_1000": 0.13999,
        "recall_at_1": 0.05833,
        "recall_at_3": 0.18333,
        "recall_at_5": 0.23833,
        "recall_at_10": 0.27333,
        "recall_at_20": 0.31,
        "recall_at_100": 0.45167,
        "recall_at_1000": 0.76167,
        "accuracy": 0.05833,
        "precision_at_1": 0.075,
        "precision_at_3": 0.08333,
        "precision_at_5": 0.065,
        "precision_at_10": 0.04,
        "precision_at_20": 0.023,
        "precision_at_100": 0.00745,
        "precision_at_1000": 0.00129,
        "mrr_at_1": 0.075,
        "mrr_at_3": 0.150833,
        "mrr_at_5": 0.164083,
        "mrr_at_10": 0.171129,
        "mrr_at_20": 0.174354,
        "mrr_at_100": 0.17852,
        "mrr_at_1000": 0.179866,
        "nauc_ndcg_at_1_max": 0.371935,
        "nauc_ndcg_at_1_std": 0.511672,
        "nauc_ndcg_at_1_diff1": -0.146069,
        "nauc_ndcg_at_3_max": 0.371079,
        "nauc_ndcg_at_3_std": 0.545012,
        "nauc_ndcg_at_3_diff1": -0.163421,
        "nauc_ndcg_at_5_max": 0.411029,
        "nauc_ndcg_at_5_std": 0.608632,
        "nauc_ndcg_at_5_diff1": -0.176902,
        "nauc_ndcg_at_10_max": 0.404556,
        "nauc_ndcg_at_10_std": 0.604121,
        "nauc_ndcg_at_10_diff1": -0.166475,
        "nauc_ndcg_at_20_max": 0.414112,
        "nauc_ndcg_at_20_std": 0.589213,
        "nauc_ndcg_at_20_diff1": -0.137915,
        "nauc_ndcg_at_100_max": 0.391205,
        "nauc_ndcg_at_100_std": 0.614537,
        "nauc_ndcg_at_100_diff1": -0.148878,
        "nauc_ndcg_at_1000_max": 0.40399,
        "nauc_ndcg_at_1000_std": 0.597995,
        "nauc_ndcg_at_1000_diff1": -0.153904,
        "nauc_map_at_1_max": 0.406279,
        "nauc_map_at_1_std": 0.49128,
        "nauc_map_at_1_diff1": -0.105148,
        "nauc_map_at_3_max": 0.369086,
        "nauc_map_at_3_std": 0.527593,
        "nauc_map_at_3_diff1": -0.150183,
        "nauc_map_at_5_max": 0.396228,
        "nauc_map_at_5_std": 0.572595,
        "nauc_map_at_5_diff1": -0.160897,
        "nauc_map_at_10_max": 0.396911,
        "nauc_map_at_10_std": 0.572792,
        "nauc_map_at_10_diff1": -0.153849,
        "nauc_map_at_20_max": 0.399704,
        "nauc_map_at_20_std": 0.568262,
        "nauc_map_at_20_diff1": -0.145828,
        "nauc_map_at_100_max": 0.395982,
        "nauc_map_at_100_std": 0.571291,
        "nauc_map_at_100_diff1": -0.147509,
        "nauc_map_at_1000_max": 0.396769,
        "nauc_map_at_1000_std": 0.57151,
        "nauc_map_at_1000_diff1": -0.14719,
        "nauc_recall_at_1_max": 0.406279,
        "nauc_recall_at_1_std": 0.49128,
        "nauc_recall_at_1_diff1": -0.105148,
        "nauc_recall_at_3_max": 0.366382,
        "nauc_recall_at_3_std": 0.542674,
        "nauc_recall_at_3_diff1": -0.164423,
        "nauc_recall_at_5_max": 0.411668,
        "nauc_recall_at_5_std": 0.614826,
        "nauc_recall_at_5_diff1": -0.180946,
        "nauc_recall_at_10_max": 0.394361,
        "nauc_recall_at_10_std": 0.603791,
        "nauc_recall_at_10_diff1": -0.162308,
        "nauc_recall_at_20_max": 0.420264,
        "nauc_recall_at_20_std": 0.556068,
        "nauc_recall_at_20_diff1": -0.080313,
        "nauc_recall_at_100_max": 0.338911,
        "nauc_recall_at_100_std": 0.615141,
        "nauc_recall_at_100_diff1": -0.101024,
        "nauc_recall_at_1000_max": 0.249728,
        "nauc_recall_at_1000_std": 0.320651,
        "nauc_recall_at_1000_diff1": -0.130759,
        "nauc_precision_at_1_max": 0.371935,
        "nauc_precision_at_1_std": 0.511672,
        "nauc_precision_at_1_diff1": -0.146069,
        "nauc_precision_at_3_max": 0.380824,
        "nauc_precision_at_3_std": 0.582405,
        "nauc_precision_at_3_diff1": -0.195631,
        "nauc_precision_at_5_max": 0.444129,
        "nauc_precision_at_5_std": 0.688968,
        "nauc_precision_at_5_diff1": -0.203044,
        "nauc_precision_at_10_max": 0.412001,
        "nauc_precision_at_10_std": 0.655679,
        "nauc_precision_at_10_diff1": -0.174846,
        "nauc_precision_at_20_max": 0.402084,
        "nauc_precision_at_20_std": 0.586838,
        "nauc_precision_at_20_diff1": -0.101622,
        "nauc_precision_at_100_max": 0.182732,
        "nauc_precision_at_100_std": 0.531426,
        "nauc_precision_at_100_diff1": -0.141311,
        "nauc_precision_at_1000_max": 0.098253,
        "nauc_precision_at_1000_std": 0.116141,
        "nauc_precision_at_1000_diff1": -0.039283,
        "nauc_mrr_at_1_max": 0.371935,
        "nauc_mrr_at_1_std": 0.511672,
        "nauc_mrr_at_1_diff1": -0.146069,
        "nauc_mrr_at_3_max": 0.367262,
        "nauc_mrr_at_3_std": 0.560675,
        "nauc_mrr_at_3_diff1": -0.178492,
        "nauc_mrr_at_5_max": 0.394324,
        "nauc_mrr_at_5_std": 0.599527,
        "nauc_mrr_at_5_diff1": -0.183692,
        "nauc_mrr_at_10_max": 0.386,
        "nauc_mrr_at_10_std": 0.591927,
        "nauc_mrr_at_10_diff1": -0.180896,
        "nauc_mrr_at_20_max": 0.387248,
        "nauc_mrr_at_20_std": 0.587211,
        "nauc_mrr_at_20_diff1": -0.173164,
        "nauc_mrr_at_100_max": 0.386059,
        "nauc_mrr_at_100_std": 0.588762,
        "nauc_mrr_at_100_diff1": -0.173454,
        "nauc_mrr_at_1000_max": 0.386412,
        "nauc_mrr_at_1000_std": 0.588729,
        "nauc_mrr_at_1000_diff1": -0.173725,
        "hit_rate_at_1": 0.075,
        "hit_rate_at_3": 0.25,
        "hit_rate_at_5": 0.305,
        "hit_rate_at_10": 0.36,
        "hit_rate_at_20": 0.41,
        "hit_rate_at_100": 0.59,
        "hit_rate_at_1000": 0.915,
        "main_score": 0.17842,
        "hf_subset": "default",
        "languages": [
          "eng-Latn"
        ]
      }
    ]
  },
  "evaluation_time": 28.293703079223633,
  "kg_co2_emissions": null,
  "date": 1774377866.007243
}