{
  "dataset_revision": "31f9b918c30ef94e15a168cb95ca4ebf291396eb",
  "task_name": "LLMTwitterHjerneRetrieval",
  "mteb_version": "2.11.6",
  "scores": {
    "train": [
      {
        "ndcg_at_1": 0.80519,
        "ndcg_at_3": 0.68493,
        "ndcg_at_5": 0.69475,
        "ndcg_at_10": 0.72754,
        "ndcg_at_20": 0.75145,
        "ndcg_at_100": 0.78697,
        "ndcg_at_1000": 0.79557,
        "map_at_1": 0.24784,
        "map_at_3": 0.49794,
        "map_at_5": 0.59475,
        "map_at_10": 0.62703,
        "map_at_20": 0.64151,
        "map_at_100": 0.65103,
        "map_at_1000": 0.65199,
        "recall_at_1": 0.24784,
        "recall_at_3": 0.53636,
        "recall_at_5": 0.68139,
        "recall_at_10": 0.75866,
        "recall_at_20": 0.82056,
        "recall_at_100": 0.95563,
        "recall_at_1000": 1.0,
        "accuracy": 0.24784,
        "precision_at_1": 0.80519,
        "precision_at_3": 0.60606,
        "precision_at_5": 0.46753,
        "precision_at_10": 0.26234,
        "precision_at_20": 0.14221,
        "precision_at_100": 0.03273,
        "precision_at_1000": 0.0034,
        "mrr_at_1": 0.805195,
        "mrr_at_3": 0.861472,
        "mrr_at_5": 0.867316,
        "mrr_at_10": 0.869481,
        "mrr_at_20": 0.869481,
        "mrr_at_100": 0.870209,
        "mrr_at_1000": 0.870209,
        "nauc_ndcg_at_1_max": 0.827377,
        "nauc_ndcg_at_1_std": 0.447909,
        "nauc_ndcg_at_1_diff1": 0.632253,
        "nauc_ndcg_at_3_max": 0.655183,
        "nauc_ndcg_at_3_std": 0.2723,
        "nauc_ndcg_at_3_diff1": 0.280303,
        "nauc_ndcg_at_5_max": 0.620955,
        "nauc_ndcg_at_5_std": 0.210589,
        "nauc_ndcg_at_5_diff1": 0.324292,
        "nauc_ndcg_at_10_max": 0.667781,
        "nauc_ndcg_at_10_std": 0.245339,
        "nauc_ndcg_at_10_diff1": 0.295674,
        "nauc_ndcg_at_20_max": 0.65529,
        "nauc_ndcg_at_20_std": 0.265223,
        "nauc_ndcg_at_20_diff1": 0.289154,
        "nauc_ndcg_at_100_max": 0.692572,
        "nauc_ndcg_at_100_std": 0.269114,
        "nauc_ndcg_at_100_diff1": 0.322137,
        "nauc_ndcg_at_1000_max": 0.691049,
        "nauc_ndcg_at_1000_std": 0.281028,
        "nauc_ndcg_at_1000_diff1": 0.328399,
        "nauc_map_at_1_max": 0.329377,
        "nauc_map_at_1_std": 0.045812,
        "nauc_map_at_1_diff1": 0.48661,
        "nauc_map_at_3_max": 0.544,
        "nauc_map_at_3_std": 0.134986,
        "nauc_map_at_3_diff1": 0.334974,
        "nauc_map_at_5_max": 0.609691,
        "nauc_map_at_5_std": 0.19393,
        "nauc_map_at_5_diff1": 0.291992,
        "nauc_map_at_10_max": 0.653919,
        "nauc_map_at_10_std": 0.235374,
        "nauc_map_at_10_diff1": 0.267692,
        "nauc_map_at_20_max": 0.650087,
        "nauc_map_at_20_std": 0.248038,
        "nauc_map_at_20_diff1": 0.265308,
        "nauc_map_at_100_max": 0.655834,
        "nauc_map_at_100_std": 0.246136,
        "nauc_map_at_100_diff1": 0.270753,
        "nauc_map_at_1000_max": 0.655709,
        "nauc_map_at_1000_std": 0.247065,
        "nauc_map_at_1000_diff1": 0.270578,
        "nauc_recall_at_1_max": 0.329377,
        "nauc_recall_at_1_std": 0.045812,
        "nauc_recall_at_1_diff1": 0.48661,
        "nauc_recall_at_3_max": 0.456064,
        "nauc_recall_at_3_std": 0.0894,
        "nauc_recall_at_3_diff1": 0.293435,
        "nauc_recall_at_5_max": 0.43948,
        "nauc_recall_at_5_std": 0.060822,
        "nauc_recall_at_5_diff1": 0.220106,
        "nauc_recall_at_10_max": 0.527814,
        "nauc_recall_at_10_std": 0.135384,
        "nauc_recall_at_10_diff1": 0.161052,
        "nauc_recall_at_20_max": 0.456109,
        "nauc_recall_at_20_std": 0.165313,
        "nauc_recall_at_20_diff1": 0.115562,
        "nauc_recall_at_100_max": 0.587426,
        "nauc_recall_at_100_std": 0.030918,
        "nauc_recall_at_100_diff1": 0.109463,
        "nauc_recall_at_1000_max": NaN,
        "nauc_recall_at_1000_std": NaN,
        "nauc_recall_at_1000_diff1": NaN,
        "nauc_precision_at_1_max": 0.827377,
        "nauc_precision_at_1_std": 0.447909,
        "nauc_precision_at_1_diff1": 0.632253,
        "nauc_precision_at_3_max": 0.563336,
        "nauc_precision_at_3_std": 0.296247,
        "nauc_precision_at_3_diff1": 0.096973,
        "nauc_precision_at_5_max": 0.499782,
        "nauc_precision_at_5_std": 0.289348,
        "nauc_precision_at_5_diff1": 0.0311,
        "nauc_precision_at_10_max": 0.490323,
        "nauc_precision_at_10_std": 0.311175,
        "nauc_precision_at_10_diff1": -0.02587,
        "nauc_precision_at_20_max": 0.415776,
        "nauc_precision_at_20_std": 0.326034,
        "nauc_precision_at_20_diff1": -0.060183,
        "nauc_precision_at_100_max": 0.325774,
        "nauc_precision_at_100_std": 0.269522,
        "nauc_precision_at_100_diff1": -0.073852,
        "nauc_precision_at_1000_max": 0.267934,
        "nauc_precision_at_1000_std": 0.282654,
        "nauc_precision_at_1000_diff1": -0.096694,
        "nauc_mrr_at_1_max": 0.827377,
        "nauc_mrr_at_1_std": 0.447909,
        "nauc_mrr_at_1_diff1": 0.632253,
        "nauc_mrr_at_3_max": 0.823715,
        "nauc_mrr_at_3_std": 0.428755,
        "nauc_mrr_at_3_diff1": 0.651963,
        "nauc_mrr_at_5_max": 0.821265,
        "nauc_mrr_at_5_std": 0.418912,
        "nauc_mrr_at_5_diff1": 0.648698,
        "nauc_mrr_at_10_max": 0.818152,
        "nauc_mrr_at_10_std": 0.411078,
        "nauc_mrr_at_10_diff1": 0.642579,
        "nauc_mrr_at_20_max": 0.818152,
        "nauc_mrr_at_20_std": 0.411078,
        "nauc_mrr_at_20_diff1": 0.642579,
        "nauc_mrr_at_100_max": 0.819353,
        "nauc_mrr_at_100_std": 0.414484,
        "nauc_mrr_at_100_diff1": 0.640781,
        "nauc_mrr_at_1000_max": 0.819353,
        "nauc_mrr_at_1000_std": 0.414484,
        "nauc_mrr_at_1000_diff1": 0.640781,
        "hit_rate_at_1": 0.80519,
        "hit_rate_at_3": 0.93506,
        "hit_rate_at_5": 0.96104,
        "hit_rate_at_10": 0.97403,
        "hit_rate_at_20": 0.97403,
        "hit_rate_at_100": 1.0,
        "hit_rate_at_1000": 1.0,
        "main_score": 0.72754,
        "hf_subset": "default",
        "languages": [
          "dan-Latn"
        ]
      }
    ]
  },
  "evaluation_time": 5.945003032684326,
  "kg_co2_emissions": null,
  "date": 1774377874.068664
}