{
  "dataset_revision": "1c61e95df3d70835785db4d70f17d3a16a7bd4ce",
  "task_name": "LLMTempReasonL1",
  "mteb_version": "2.11.6",
  "scores": {
    "test": [
      {
        "ndcg_at_1": 0.0,
        "ndcg_at_3": 0.005,
        "ndcg_at_5": 0.005,
        "ndcg_at_10": 0.01122,
        "ndcg_at_20": 0.01895,
        "ndcg_at_100": 0.03165,
        "ndcg_at_1000": 0.07048,
        "map_at_1": 0.0,
        "map_at_3": 0.00333,
        "map_at_5": 0.00333,
        "map_at_10": 0.00576,
        "map_at_20": 0.00795,
        "map_at_100": 0.00899,
        "map_at_1000": 0.01022,
        "recall_at_1": 0.0,
        "recall_at_3": 0.01,
        "recall_at_5": 0.01,
        "recall_at_10": 0.03,
        "recall_at_20": 0.06,
        "recall_at_100": 0.14,
        "recall_at_1000": 0.46,
        "accuracy": 0.0,
        "precision_at_1": 0.0,
        "precision_at_3": 0.00333,
        "precision_at_5": 0.002,
        "precision_at_10": 0.003,
        "precision_at_20": 0.003,
        "precision_at_100": 0.0014,
        "precision_at_1000": 0.00046,
        "mrr_at_1": 0.0,
        "mrr_at_3": 0.003333,
        "mrr_at_5": 0.003333,
        "mrr_at_10": 0.005762,
        "mrr_at_20": 0.007953,
        "mrr_at_100": 0.008994,
        "mrr_at_1000": 0.010221,
        "nauc_ndcg_at_1_max": NaN,
        "nauc_ndcg_at_1_std": NaN,
        "nauc_ndcg_at_1_diff1": NaN,
        "nauc_ndcg_at_3_max": 0.098471,
        "nauc_ndcg_at_3_std": 1.0,
        "nauc_ndcg_at_3_diff1": -0.499598,
        "nauc_ndcg_at_5_max": 0.098471,
        "nauc_ndcg_at_5_std": 1.0,
        "nauc_ndcg_at_5_diff1": -0.499598,
        "nauc_ndcg_at_10_max": 0.598391,
        "nauc_ndcg_at_10_std": 0.660434,
        "nauc_ndcg_at_10_diff1": -0.073041,
        "nauc_ndcg_at_20_max": 0.595296,
        "nauc_ndcg_at_20_std": 0.560914,
        "nauc_ndcg_at_20_diff1": 0.023287,
        "nauc_ndcg_at_100_max": 0.439498,
        "nauc_ndcg_at_100_std": 0.50105,
        "nauc_ndcg_at_100_diff1": -0.028564,
        "nauc_ndcg_at_1000_max": 0.478831,
        "nauc_ndcg_at_1000_std": 0.39962,
        "nauc_ndcg_at_1000_diff1": 0.123377,
        "nauc_map_at_1_max": NaN,
        "nauc_map_at_1_std": NaN,
        "nauc_map_at_1_diff1": NaN,
        "nauc_map_at_3_max": 0.098471,
        "nauc_map_at_3_std": 1.0,
        "nauc_map_at_3_diff1": -0.499598,
        "nauc_map_at_5_max": 0.098471,
        "nauc_map_at_5_std": 1.0,
        "nauc_map_at_5_diff1": -0.499598,
        "nauc_map_at_10_max": 0.478454,
        "nauc_map_at_10_std": 0.771172,
        "nauc_map_at_10_diff1": -0.191639,
        "nauc_map_at_20_max": 0.524605,
        "nauc_map_at_20_std": 0.687863,
        "nauc_map_at_20_diff1": -0.080672,
        "nauc_map_at_100_max": 0.490946,
        "nauc_map_at_100_std": 0.660203,
        "nauc_map_at_100_diff1": -0.085894,
        "nauc_map_at_1000_max": 0.487923,
        "nauc_map_at_1000_std": 0.632745,
        "nauc_map_at_1000_diff1": -0.063289,
        "nauc_recall_at_1_max": NaN,
        "nauc_recall_at_1_std": NaN,
        "nauc_recall_at_1_diff1": NaN,
        "nauc_recall_at_3_max": 0.098471,
        "nauc_recall_at_3_std": 1.0,
        "nauc_recall_at_3_diff1": -0.499598,
        "nauc_recall_at_5_max": 0.098471,
        "nauc_recall_at_5_std": 1.0,
        "nauc_recall_at_5_diff1": -0.499598,
        "nauc_recall_at_10_max": 0.69949,
        "nauc_recall_at_10_std": 0.560504,
        "nauc_recall_at_10_diff1": 0.030588,
        "nauc_recall_at_20_max": 0.629997,
        "nauc_recall_at_20_std": 0.473974,
        "nauc_recall_at_20_diff1": 0.083803,
        "nauc_recall_at_100_max": 0.379142,
        "nauc_recall_at_100_std": 0.429187,
        "nauc_recall_at_100_diff1": -0.022508,
        "nauc_recall_at_1000_max": 0.484258,
        "nauc_recall_at_1000_std": 0.312764,
        "nauc_recall_at_1000_diff1": 0.229376,
        "nauc_precision_at_1_max": NaN,
        "nauc_precision_at_1_std": NaN,
        "nauc_precision_at_1_diff1": NaN,
        "nauc_precision_at_3_max": 0.098471,
        "nauc_precision_at_3_std": 1.0,
        "nauc_precision_at_3_diff1": -0.499598,
        "nauc_precision_at_5_max": 0.098471,
        "nauc_precision_at_5_std": 1.0,
        "nauc_precision_at_5_diff1": -0.499598,
        "nauc_precision_at_10_max": 0.69949,
        "nauc_precision_at_10_std": 0.560504,
        "nauc_precision_at_10_diff1": 0.030588,
        "nauc_precision_at_20_max": 0.629997,
        "nauc_precision_at_20_std": 0.473974,
        "nauc_precision_at_20_diff1": 0.083803,
        "nauc_precision_at_100_max": 0.379142,
        "nauc_precision_at_100_std": 0.429187,
        "nauc_precision_at_100_diff1": -0.022508,
        "nauc_precision_at_1000_max": 0.484258,
        "nauc_precision_at_1000_std": 0.312764,
        "nauc_precision_at_1000_diff1": 0.229376,
        "nauc_mrr_at_1_max": NaN,
        "nauc_mrr_at_1_std": NaN,
        "nauc_mrr_at_1_diff1": NaN,
        "nauc_mrr_at_3_max": 0.098471,
        "nauc_mrr_at_3_std": 1.0,
        "nauc_mrr_at_3_diff1": -0.499598,
        "nauc_mrr_at_5_max": 0.098471,
        "nauc_mrr_at_5_std": 1.0,
        "nauc_mrr_at_5_diff1": -0.499598,
        "nauc_mrr_at_10_max": 0.478454,
        "nauc_mrr_at_10_std": 0.771172,
        "nauc_mrr_at_10_diff1": -0.191639,
        "nauc_mrr_at_20_max": 0.524605,
        "nauc_mrr_at_20_std": 0.687863,
        "nauc_mrr_at_20_diff1": -0.080672,
        "nauc_mrr_at_100_max": 0.490946,
        "nauc_mrr_at_100_std": 0.660203,
        "nauc_mrr_at_100_diff1": -0.085894,
        "nauc_mrr_at_1000_max": 0.487923,
        "nauc_mrr_at_1000_std": 0.632745,
        "nauc_mrr_at_1000_diff1": -0.063289,
        "hit_rate_at_1": 0.0,
        "hit_rate_at_3": 0.01,
        "hit_rate_at_5": 0.01,
        "hit_rate_at_10": 0.03,
        "hit_rate_at_20": 0.06,
        "hit_rate_at_100": 0.14,
        "hit_rate_at_1000": 0.46,
        "main_score": 0.01122,
        "hf_subset": "default",
        "languages": [
          "eng-Latn"
        ]
      }
    ]
  },
  "evaluation_time": 195.39053297042847,
  "kg_co2_emissions": null,
  "date": 1774377815.360555
}