{
  "dataset_revision": "bc2a1e4c24771a6f3432578016cfb737732398fd",
  "task_name": "LLMWinoGrande",
  "mteb_version": "2.11.6",
  "scores": {
    "test": [
      {
        "ndcg_at_1": 0.325,
        "ndcg_at_3": 0.44137,
        "ndcg_at_5": 0.48334,
        "ndcg_at_10": 0.51742,
        "ndcg_at_20": 0.52887,
        "ndcg_at_100": 0.55001,
        "ndcg_at_1000": 0.56402,
        "map_at_1": 0.325,
        "map_at_3": 0.4125,
        "map_at_5": 0.43625,
        "map_at_10": 0.45038,
        "map_at_20": 0.45356,
        "map_at_100": 0.45674,
        "map_at_1000": 0.45739,
        "recall_at_1": 0.325,
        "recall_at_3": 0.525,
        "recall_at_5": 0.625,
        "recall_at_10": 0.73,
        "recall_at_20": 0.775,
        "recall_at_100": 0.885,
        "recall_at_1000": 0.99,
        "accuracy": 0.325,
        "precision_at_1": 0.325,
        "precision_at_3": 0.175,
        "precision_at_5": 0.125,
        "precision_at_10": 0.073,
        "precision_at_20": 0.03875,
        "precision_at_100": 0.00885,
        "precision_at_1000": 0.00099,
        "mrr_at_1": 0.325,
        "mrr_at_3": 0.4125,
        "mrr_at_5": 0.43625,
        "mrr_at_10": 0.450385,
        "mrr_at_20": 0.453555,
        "mrr_at_100": 0.456742,
        "mrr_at_1000": 0.457388,
        "nauc_ndcg_at_1_max": -0.002663,
        "nauc_ndcg_at_1_std": -0.050155,
        "nauc_ndcg_at_1_diff1": 0.254346,
        "nauc_ndcg_at_3_max": -0.000816,
        "nauc_ndcg_at_3_std": -0.009402,
        "nauc_ndcg_at_3_diff1": 0.257568,
        "nauc_ndcg_at_5_max": 0.024803,
        "nauc_ndcg_at_5_std": 0.049904,
        "nauc_ndcg_at_5_diff1": 0.226004,
        "nauc_ndcg_at_10_max": 0.023557,
        "nauc_ndcg_at_10_std": 0.06415,
        "nauc_ndcg_at_10_diff1": 0.227868,
        "nauc_ndcg_at_20_max": 0.008957,
        "nauc_ndcg_at_20_std": 0.060956,
        "nauc_ndcg_at_20_diff1": 0.218882,
        "nauc_ndcg_at_100_max": 0.014839,
        "nauc_ndcg_at_100_std": 0.064948,
        "nauc_ndcg_at_100_diff1": 0.21503,
        "nauc_ndcg_at_1000_max": 0.007621,
        "nauc_ndcg_at_1000_std": 0.042298,
        "nauc_ndcg_at_1000_diff1": 0.218295,
        "nauc_map_at_1_max": -0.002663,
        "nauc_map_at_1_std": -0.050155,
        "nauc_map_at_1_diff1": 0.254346,
        "nauc_map_at_3_max": 0.000323,
        "nauc_map_at_3_std": -0.019918,
        "nauc_map_at_3_diff1": 0.257532,
        "nauc_map_at_5_max": 0.015337,
        "nauc_map_at_5_std": 0.013006,
        "nauc_map_at_5_diff1": 0.23986,
        "nauc_map_at_10_max": 0.014812,
        "nauc_map_at_10_std": 0.020069,
        "nauc_map_at_10_diff1": 0.239828,
        "nauc_map_at_20_max": 0.011015,
        "nauc_map_at_20_std": 0.018828,
        "nauc_map_at_20_diff1": 0.237565,
        "nauc_map_at_100_max": 0.011249,
        "nauc_map_at_100_std": 0.018246,
        "nauc_map_at_100_diff1": 0.237314,
        "nauc_map_at_1000_max": 0.011007,
        "nauc_map_at_1000_std": 0.017361,
        "nauc_map_at_1000_diff1": 0.237511,
        "nauc_recall_at_1_max": -0.002663,
        "nauc_recall_at_1_std": -0.050155,
        "nauc_recall_at_1_diff1": 0.254346,
        "nauc_recall_at_3_max": -0.004834,
        "nauc_recall_at_3_std": 0.02181,
        "nauc_recall_at_3_diff1": 0.257362,
        "nauc_recall_at_5_max": 0.057435,
        "nauc_recall_at_5_std": 0.178281,
        "nauc_recall_at_5_diff1": 0.176262,
        "nauc_recall_at_10_max": 0.059594,
        "nauc_recall_at_10_std": 0.251676,
        "nauc_recall_at_10_diff1": 0.178498,
        "nauc_recall_at_20_max": -0.018596,
        "nauc_recall_at_20_std": 0.264328,
        "nauc_recall_at_20_diff1": 0.119558,
        "nauc_recall_at_100_max": 0.058047,
        "nauc_recall_at_100_std": 0.511832,
        "nauc_recall_at_100_diff1": -0.015446,
        "nauc_recall_at_1000_max": -0.955649,
        "nauc_recall_at_1000_std": 0.422502,
        "nauc_recall_at_1000_diff1": -1.739963,
        "nauc_precision_at_1_max": -0.002663,
        "nauc_precision_at_1_std": -0.050155,
        "nauc_precision_at_1_diff1": 0.254346,
        "nauc_precision_at_3_max": -0.004834,
        "nauc_precision_at_3_std": 0.02181,
        "nauc_precision_at_3_diff1": 0.257362,
        "nauc_precision_at_5_max": 0.057435,
        "nauc_precision_at_5_std": 0.178281,
        "nauc_precision_at_5_diff1": 0.176262,
        "nauc_precision_at_10_max": 0.059594,
        "nauc_precision_at_10_std": 0.251676,
        "nauc_precision_at_10_diff1": 0.178498,
        "nauc_precision_at_20_max": -0.018596,
        "nauc_precision_at_20_std": 0.264328,
        "nauc_precision_at_20_diff1": 0.119558,
        "nauc_precision_at_100_max": 0.058047,
        "nauc_precision_at_100_std": 0.511832,
        "nauc_precision_at_100_diff1": -0.015446,
        "nauc_precision_at_1000_max": -0.955649,
        "nauc_precision_at_1000_std": 0.422502,
        "nauc_precision_at_1000_diff1": -1.739963,
        "nauc_mrr_at_1_max": -0.002663,
        "nauc_mrr_at_1_std": -0.050155,
        "nauc_mrr_at_1_diff1": 0.254346,
        "nauc_mrr_at_3_max": 0.000323,
        "nauc_mrr_at_3_std": -0.019918,
        "nauc_mrr_at_3_diff1": 0.257532,
        "nauc_mrr_at_5_max": 0.015337,
        "nauc_mrr_at_5_std": 0.013006,
        "nauc_mrr_at_5_diff1": 0.23986,
        "nauc_mrr_at_10_max": 0.014812,
        "nauc_mrr_at_10_std": 0.020069,
        "nauc_mrr_at_10_diff1": 0.239828,
        "nauc_mrr_at_20_max": 0.011015,
        "nauc_mrr_at_20_std": 0.018828,
        "nauc_mrr_at_20_diff1": 0.237565,
        "nauc_mrr_at_100_max": 0.011249,
        "nauc_mrr_at_100_std": 0.018246,
        "nauc_mrr_at_100_diff1": 0.237314,
        "nauc_mrr_at_1000_max": 0.011007,
        "nauc_mrr_at_1000_std": 0.017361,
        "nauc_mrr_at_1000_diff1": 0.237511,
        "hit_rate_at_1": 0.325,
        "hit_rate_at_3": 0.525,
        "hit_rate_at_5": 0.625,
        "hit_rate_at_10": 0.73,
        "hit_rate_at_20": 0.775,
        "hit_rate_at_100": 0.885,
        "hit_rate_at_1000": 0.99,
        "main_score": 0.51742,
        "hf_subset": "default",
        "languages": [
          "eng-Latn"
        ]
      }
    ]
  },
  "evaluation_time": 82.99954557418823,
  "kg_co2_emissions": null,
  "date": 1774377959.10022
}