{
  "dataset_revision": "a2acf12d293ea934823ca26752a05c5bfab24dff",
  "task_name": "LLMAILAStatutes",
  "mteb_version": "2.11.6",
  "scores": {
    "test": [
      {
        "ndcg_at_1": 0.44,
        "ndcg_at_3": 0.34714,
        "ndcg_at_5": 0.35368,
        "ndcg_at_10": 0.43152,
        "ndcg_at_20": 0.48293,
        "ndcg_at_100": 0.598,
        "ndcg_at_1000": 0.598,
        "map_at_1": 0.103,
        "map_at_3": 0.18206,
        "map_at_5": 0.23232,
        "map_at_10": 0.28206,
        "map_at_20": 0.3058,
        "map_at_100": 0.34487,
        "map_at_1000": 0.34487,
        "recall_at_1": 0.103,
        "recall_at_3": 0.22567,
        "recall_at_5": 0.34633,
        "recall_at_10": 0.496,
        "recall_at_20": 0.621,
        "recall_at_100": 1.0,
        "recall_at_1000": 1.0,
        "accuracy": 0.103,
        "precision_at_1": 0.44,
        "precision_at_3": 0.31333,
        "precision_at_5": 0.296,
        "precision_at_10": 0.216,
        "precision_at_20": 0.136,
        "precision_at_100": 0.0434,
        "precision_at_1000": 0.00434,
        "mrr_at_1": 0.44,
        "mrr_at_3": 0.533333,
        "mrr_at_5": 0.583333,
        "mrr_at_10": 0.597357,
        "mrr_at_20": 0.599175,
        "mrr_at_100": 0.599175,
        "mrr_at_1000": 0.599175,
        "nauc_ndcg_at_1_max": 0.48327,
        "nauc_ndcg_at_1_std": 0.319231,
        "nauc_ndcg_at_1_diff1": 0.175993,
        "nauc_ndcg_at_3_max": 0.412174,
        "nauc_ndcg_at_3_std": 0.229746,
        "nauc_ndcg_at_3_diff1": 0.230204,
        "nauc_ndcg_at_5_max": 0.34188,
        "nauc_ndcg_at_5_std": 0.228314,
        "nauc_ndcg_at_5_diff1": 0.120675,
        "nauc_ndcg_at_10_max": 0.391579,
        "nauc_ndcg_at_10_std": 0.27362,
        "nauc_ndcg_at_10_diff1": 0.180218,
        "nauc_ndcg_at_20_max": 0.433657,
        "nauc_ndcg_at_20_std": 0.24798,
        "nauc_ndcg_at_20_diff1": 0.224205,
        "nauc_ndcg_at_100_max": 0.422522,
        "nauc_ndcg_at_100_std": 0.282536,
        "nauc_ndcg_at_100_diff1": 0.192644,
        "nauc_ndcg_at_1000_max": 0.422522,
        "nauc_ndcg_at_1000_std": 0.282536,
        "nauc_ndcg_at_1000_diff1": 0.192644,
        "nauc_map_at_1_max": 0.491287,
        "nauc_map_at_1_std": 0.32787,
        "nauc_map_at_1_diff1": 0.071665,
        "nauc_map_at_3_max": 0.390363,
        "nauc_map_at_3_std": 0.187858,
        "nauc_map_at_3_diff1": 0.188803,
        "nauc_map_at_5_max": 0.348651,
        "nauc_map_at_5_std": 0.203299,
        "nauc_map_at_5_diff1": 0.148754,
        "nauc_map_at_10_max": 0.386858,
        "nauc_map_at_10_std": 0.247874,
        "nauc_map_at_10_diff1": 0.20645,
        "nauc_map_at_20_max": 0.405516,
        "nauc_map_at_20_std": 0.233243,
        "nauc_map_at_20_diff1": 0.21918,
        "nauc_map_at_100_max": 0.407408,
        "nauc_map_at_100_std": 0.252219,
        "nauc_map_at_100_diff1": 0.216047,
        "nauc_map_at_1000_max": 0.407408,
        "nauc_map_at_1000_std": 0.252219,
        "nauc_map_at_1000_diff1": 0.216047,
        "nauc_recall_at_1_max": 0.491287,
        "nauc_recall_at_1_std": 0.32787,
        "nauc_recall_at_1_diff1": 0.071665,
        "nauc_recall_at_3_max": 0.327958,
        "nauc_recall_at_3_std": 0.114056,
        "nauc_recall_at_3_diff1": 0.194535,
        "nauc_recall_at_5_max": 0.209704,
        "nauc_recall_at_5_std": 0.137459,
        "nauc_recall_at_5_diff1": 0.057577,
        "nauc_recall_at_10_max": 0.33967,
        "nauc_recall_at_10_std": 0.244964,
        "nauc_recall_at_10_diff1": 0.189531,
        "nauc_recall_at_20_max": 0.392411,
        "nauc_recall_at_20_std": 0.140684,
        "nauc_recall_at_20_diff1": 0.285227,
        "nauc_recall_at_100_max": NaN,
        "nauc_recall_at_100_std": NaN,
        "nauc_recall_at_100_diff1": NaN,
        "nauc_recall_at_1000_max": NaN,
        "nauc_recall_at_1000_std": NaN,
        "nauc_recall_at_1000_diff1": NaN,
        "nauc_precision_at_1_max": 0.48327,
        "nauc_precision_at_1_std": 0.319231,
        "nauc_precision_at_1_diff1": 0.175993,
        "nauc_precision_at_3_max": 0.364618,
        "nauc_precision_at_3_std": 0.166917,
        "nauc_precision_at_3_diff1": 0.235774,
        "nauc_precision_at_5_max": 0.219677,
        "nauc_precision_at_5_std": 0.179884,
        "nauc_precision_at_5_diff1": 0.09598,
        "nauc_precision_at_10_max": 0.323165,
        "nauc_precision_at_10_std": 0.259396,
        "nauc_precision_at_10_diff1": 0.22579,
        "nauc_precision_at_20_max": 0.36382,
        "nauc_precision_at_20_std": 0.16037,
        "nauc_precision_at_20_diff1": 0.325662,
        "nauc_precision_at_100_max": 0.074221,
        "nauc_precision_at_100_std": 0.078392,
        "nauc_precision_at_100_diff1": 0.214248,
        "nauc_precision_at_1000_max": 0.074221,
        "nauc_precision_at_1000_std": 0.078392,
        "nauc_precision_at_1000_diff1": 0.214248,
        "nauc_mrr_at_1_max": 0.48327,
        "nauc_mrr_at_1_std": 0.319231,
        "nauc_mrr_at_1_diff1": 0.175993,
        "nauc_mrr_at_3_max": 0.467119,
        "nauc_mrr_at_3_std": 0.338364,
        "nauc_mrr_at_3_diff1": 0.172533,
        "nauc_mrr_at_5_max": 0.446649,
        "nauc_mrr_at_5_std": 0.339678,
        "nauc_mrr_at_5_diff1": 0.131313,
        "nauc_mrr_at_10_max": 0.451189,
        "nauc_mrr_at_10_std": 0.332837,
        "nauc_mrr_at_10_diff1": 0.145241,
        "nauc_mrr_at_20_max": 0.453358,
        "nauc_mrr_at_20_std": 0.33267,
        "nauc_mrr_at_20_diff1": 0.149922,
        "nauc_mrr_at_100_max": 0.453358,
        "nauc_mrr_at_100_std": 0.33267,
        "nauc_mrr_at_100_diff1": 0.149922,
        "nauc_mrr_at_1000_max": 0.453358,
        "nauc_mrr_at_1000_std": 0.33267,
        "nauc_mrr_at_1000_diff1": 0.149922,
        "hit_rate_at_1": 0.44,
        "hit_rate_at_3": 0.66,
        "hit_rate_at_5": 0.88,
        "hit_rate_at_10": 0.98,
        "hit_rate_at_20": 1.0,
        "hit_rate_at_100": 1.0,
        "hit_rate_at_1000": 1.0,
        "main_score": 0.43152,
        "hf_subset": "default",
        "languages": [
          "eng-Latn"
        ]
      }
    ]
  },
  "evaluation_time": 4.213380575180054,
  "kg_co2_emissions": null,
  "date": 1774391733.712297
}