{
  "dataset_revision": "300cb175d1b608cfc3fdb94fd06b3ceb937f9b6a",
  "task_name": "LLMLegalBenchCorporateLobbying",
  "mteb_version": "2.11.6",
  "scores": {
    "test": [
      {
        "ndcg_at_1": 0.89706,
        "ndcg_at_3": 0.95196,
        "ndcg_at_5": 0.95196,
        "ndcg_at_10": 0.9549,
        "ndcg_at_20": 0.9549,
        "ndcg_at_100": 0.9549,
        "ndcg_at_1000": 0.9557,
        "map_at_1": 0.89706,
        "map_at_3": 0.9402,
        "map_at_5": 0.9402,
        "map_at_10": 0.94147,
        "map_at_20": 0.94147,
        "map_at_100": 0.94147,
        "map_at_1000": 0.94151,
        "recall_at_1": 0.89706,
        "recall_at_3": 0.98529,
        "recall_at_5": 0.98529,
        "recall_at_10": 0.99412,
        "recall_at_20": 0.99412,
        "recall_at_100": 0.99412,
        "recall_at_1000": 1.0,
        "accuracy": 0.89706,
        "precision_at_1": 0.89706,
        "precision_at_3": 0.32843,
        "precision_at_5": 0.19706,
        "precision_at_10": 0.09941,
        "precision_at_20": 0.04971,
        "precision_at_100": 0.00994,
        "precision_at_1000": 0.001,
        "mrr_at_1": 0.897059,
        "mrr_at_3": 0.940196,
        "mrr_at_5": 0.940196,
        "mrr_at_10": 0.941471,
        "mrr_at_20": 0.941471,
        "mrr_at_100": 0.941471,
        "mrr_at_1000": 0.941508,
        "nauc_ndcg_at_1_max": 0.334422,
        "nauc_ndcg_at_1_std": -0.305382,
        "nauc_ndcg_at_1_diff1": 0.917392,
        "nauc_ndcg_at_3_max": 0.379929,
        "nauc_ndcg_at_3_std": -0.284055,
        "nauc_ndcg_at_3_diff1": 0.910152,
        "nauc_ndcg_at_5_max": 0.379929,
        "nauc_ndcg_at_5_std": -0.284055,
        "nauc_ndcg_at_5_diff1": 0.910152,
        "nauc_ndcg_at_10_max": 0.345773,
        "nauc_ndcg_at_10_std": -0.288273,
        "nauc_ndcg_at_10_diff1": 0.907311,
        "nauc_ndcg_at_20_max": 0.345773,
        "nauc_ndcg_at_20_std": -0.288273,
        "nauc_ndcg_at_20_diff1": 0.907311,
        "nauc_ndcg_at_100_max": 0.345773,
        "nauc_ndcg_at_100_std": -0.288273,
        "nauc_ndcg_at_100_diff1": 0.907311,
        "nauc_ndcg_at_1000_max": 0.354897,
        "nauc_ndcg_at_1000_std": -0.284902,
        "nauc_ndcg_at_1000_diff1": 0.909978,
        "nauc_map_at_1_max": 0.334422,
        "nauc_map_at_1_std": -0.305382,
        "nauc_map_at_1_diff1": 0.917392,
        "nauc_map_at_3_max": 0.367531,
        "nauc_map_at_3_std": -0.288551,
        "nauc_map_at_3_diff1": 0.912432,
        "nauc_map_at_5_max": 0.367531,
        "nauc_map_at_5_std": -0.288551,
        "nauc_map_at_5_diff1": 0.912432,
        "nauc_map_at_10_max": 0.356048,
        "nauc_map_at_10_std": -0.288121,
        "nauc_map_at_10_diff1": 0.911618,
        "nauc_map_at_20_max": 0.356048,
        "nauc_map_at_20_std": -0.288121,
        "nauc_map_at_20_diff1": 0.911618,
        "nauc_map_at_100_max": 0.356048,
        "nauc_map_at_100_std": -0.288121,
        "nauc_map_at_100_diff1": 0.911618,
        "nauc_map_at_1000_max": 0.35659,
        "nauc_map_at_1000_std": -0.287734,
        "nauc_map_at_1000_diff1": 0.911759,
        "nauc_recall_at_1_max": 0.334422,
        "nauc_recall_at_1_std": -0.305382,
        "nauc_recall_at_1_diff1": 0.917392,
        "nauc_recall_at_3_max": 0.514099,
        "nauc_recall_at_3_std": -0.238749,
        "nauc_recall_at_3_diff1": 0.884687,
        "nauc_recall_at_5_max": 0.514099,
        "nauc_recall_at_5_std": -0.238749,
        "nauc_recall_at_5_diff1": 0.884687,
        "nauc_recall_at_10_max": -0.075864,
        "nauc_recall_at_10_std": -0.369981,
        "nauc_recall_at_10_diff1": 0.777077,
        "nauc_recall_at_20_max": -0.075864,
        "nauc_recall_at_20_std": -0.369981,
        "nauc_recall_at_20_diff1": 0.777077,
        "nauc_recall_at_100_max": -0.075864,
        "nauc_recall_at_100_std": -0.369981,
        "nauc_recall_at_100_diff1": 0.777077,
        "nauc_recall_at_1000_max": NaN,
        "nauc_recall_at_1000_std": NaN,
        "nauc_recall_at_1000_diff1": NaN,
        "nauc_precision_at_1_max": 0.334422,
        "nauc_precision_at_1_std": -0.305382,
        "nauc_precision_at_1_diff1": 0.917392,
        "nauc_precision_at_3_max": 0.514099,
        "nauc_precision_at_3_std": -0.238749,
        "nauc_precision_at_3_diff1": 0.884687,
        "nauc_precision_at_5_max": 0.514099,
        "nauc_precision_at_5_std": -0.238749,
        "nauc_precision_at_5_diff1": 0.884687,
        "nauc_precision_at_10_max": -0.075864,
        "nauc_precision_at_10_std": -0.369981,
        "nauc_precision_at_10_diff1": 0.777077,
        "nauc_precision_at_20_max": -0.075864,
        "nauc_precision_at_20_std": -0.369981,
        "nauc_precision_at_20_diff1": 0.777077,
        "nauc_precision_at_100_max": -0.075864,
        "nauc_precision_at_100_std": -0.369981,
        "nauc_precision_at_100_diff1": 0.777077,
        "nauc_precision_at_1000_max": 1.0,
        "nauc_precision_at_1000_std": 1.0,
        "nauc_precision_at_1000_diff1": 1.0,
        "nauc_mrr_at_1_max": 0.334422,
        "nauc_mrr_at_1_std": -0.305382,
        "nauc_mrr_at_1_diff1": 0.917392,
        "nauc_mrr_at_3_max": 0.367531,
        "nauc_mrr_at_3_std": -0.288551,
        "nauc_mrr_at_3_diff1": 0.912432,
        "nauc_mrr_at_5_max": 0.367531,
        "nauc_mrr_at_5_std": -0.288551,
        "nauc_mrr_at_5_diff1": 0.912432,
        "nauc_mrr_at_10_max": 0.356048,
        "nauc_mrr_at_10_std": -0.288121,
        "nauc_mrr_at_10_diff1": 0.911618,
        "nauc_mrr_at_20_max": 0.356048,
        "nauc_mrr_at_20_std": -0.288121,
        "nauc_mrr_at_20_diff1": 0.911618,
        "nauc_mrr_at_100_max": 0.356048,
        "nauc_mrr_at_100_std": -0.288121,
        "nauc_mrr_at_100_diff1": 0.911618,
        "nauc_mrr_at_1000_max": 0.35659,
        "nauc_mrr_at_1000_std": -0.287734,
        "nauc_mrr_at_1000_diff1": 0.911759,
        "hit_rate_at_1": 0.89706,
        "hit_rate_at_3": 0.98529,
        "hit_rate_at_5": 0.98529,
        "hit_rate_at_10": 0.99412,
        "hit_rate_at_20": 0.99412,
        "hit_rate_at_100": 0.99412,
        "hit_rate_at_1000": 1.0,
        "main_score": 0.9549,
        "hf_subset": "default",
        "languages": [
          "eng-Latn"
        ]
      }
    ]
  },
  "evaluation_time": 13.318984270095825,
  "kg_co2_emissions": null,
  "date": 1774391749.291049
}