{
  "dataset_revision": "5d745bd9e435cc190599f916f54c0ab197ddeb73",
  "task_name": "LLMRTE3PC",
  "mteb_version": "2.11.6",
  "scores": {
    "test": [
      {
        "similarity_accuracy": 0.852391,
        "similarity_f1": 0.919774,
        "similarity_precision": 0.855042,
        "similarity_recall": 0.99511,
        "similarity_ap": 0.900814,
        "cosine_accuracy": 0.852391,
        "cosine_f1": 0.919774,
        "cosine_precision": 0.855042,
        "cosine_recall": 0.99511,
        "cosine_ap": 0.900814,
        "manhattan_accuracy": 0.85447,
        "manhattan_f1": 0.920814,
        "manhattan_precision": 0.856842,
        "manhattan_recall": 0.99511,
        "manhattan_ap": 0.900204,
        "euclidean_accuracy": 0.852391,
        "euclidean_f1": 0.919774,
        "euclidean_precision": 0.855042,
        "euclidean_recall": 0.99511,
        "euclidean_ap": 0.900809,
        "dot_accuracy": 0.852391,
        "dot_f1": 0.919592,
        "dot_precision": 0.85654,
        "dot_recall": 0.992665,
        "dot_ap": 0.901376,
        "max_accuracy": 0.85447,
        "max_f1": 0.920814,
        "max_precision": 0.856842,
        "max_recall": 0.99511,
        "max_ap": 0.901376,
        "main_score": 0.901376,
        "hf_subset": "de",
        "languages": [
          "deu-Latn"
        ]
      },
      {
        "similarity_accuracy": 0.858921,
        "similarity_f1": 0.923423,
        "similarity_precision": 0.857741,
        "similarity_recall": 1.0,
        "similarity_ap": 0.920573,
        "cosine_accuracy": 0.858921,
        "cosine_f1": 0.923423,
        "cosine_precision": 0.857741,
        "cosine_recall": 1.0,
        "cosine_ap": 0.920573,
        "manhattan_accuracy": 0.858921,
        "manhattan_f1": 0.923423,
        "manhattan_precision": 0.857741,
        "manhattan_recall": 1.0,
        "manhattan_ap": 0.920111,
        "euclidean_accuracy": 0.858921,
        "euclidean_f1": 0.923423,
        "euclidean_precision": 0.857741,
        "euclidean_recall": 1.0,
        "euclidean_ap": 0.920611,
        "dot_accuracy": 0.858921,
        "dot_f1": 0.923423,
        "dot_precision": 0.857741,
        "dot_recall": 1.0,
        "dot_ap": 0.919725,
        "max_accuracy": 0.858921,
        "max_f1": 0.923423,
        "max_precision": 0.857741,
        "max_recall": 1.0,
        "max_ap": 0.920611,
        "main_score": 0.920611,
        "hf_subset": "en",
        "languages": [
          "eng-Latn"
        ]
      },
      {
        "similarity_accuracy": 0.846473,
        "similarity_f1": 0.916854,
        "similarity_precision": 0.848233,
        "similarity_recall": 0.997555,
        "similarity_ap": 0.911578,
        "cosine_accuracy": 0.846473,
        "cosine_f1": 0.916854,
        "cosine_precision": 0.848233,
        "cosine_recall": 0.997555,
        "cosine_ap": 0.911578,
        "manhattan_accuracy": 0.846473,
        "manhattan_f1": 0.916854,
        "manhattan_precision": 0.848233,
        "manhattan_recall": 0.997555,
        "manhattan_ap": 0.911239,
        "euclidean_accuracy": 0.846473,
        "euclidean_f1": 0.916854,
        "euclidean_precision": 0.848233,
        "euclidean_recall": 0.997555,
        "euclidean_ap": 0.911588,
        "dot_accuracy": 0.846473,
        "dot_f1": 0.916854,
        "dot_precision": 0.848233,
        "dot_recall": 0.997555,
        "dot_ap": 0.911594,
        "max_accuracy": 0.846473,
        "max_f1": 0.916854,
        "max_precision": 0.848233,
        "max_recall": 0.997555,
        "max_ap": 0.911594,
        "main_score": 0.911594,
        "hf_subset": "fr",
        "languages": [
          "fra-Latn"
        ]
      },
      {
        "similarity_accuracy": 0.849372,
        "similarity_f1": 0.918367,
        "similarity_precision": 0.85084,
        "similarity_recall": 0.997537,
        "similarity_ap": 0.907187,
        "cosine_accuracy": 0.849372,
        "cosine_f1": 0.918367,
        "cosine_precision": 0.85084,
        "cosine_recall": 0.997537,
        "cosine_ap": 0.907188,
        "manhattan_accuracy": 0.84728,
        "manhattan_f1": 0.917327,
        "manhattan_precision": 0.849057,
        "manhattan_recall": 0.997537,
        "manhattan_ap": 0.90728,
        "euclidean_accuracy": 0.849372,
        "euclidean_f1": 0.918367,
        "euclidean_precision": 0.85084,
        "euclidean_recall": 0.997537,
        "euclidean_ap": 0.907204,
        "dot_accuracy": 0.849372,
        "dot_f1": 0.918367,
        "dot_precision": 0.85084,
        "dot_recall": 0.997537,
        "dot_ap": 0.906504,
        "max_accuracy": 0.849372,
        "max_f1": 0.918367,
        "max_precision": 0.85084,
        "max_recall": 0.997537,
        "max_ap": 0.90728,
        "main_score": 0.90728,
        "hf_subset": "it",
        "languages": [
          "ita-Latn"
        ]
      }
    ]
  },
  "evaluation_time": 21.307235956192017,
  "kg_co2_emissions": null,
  "date": 1774364908.367715
}