{
  "dataset_revision": "d6628df131c3279007b88fe3e057e809dac056af",
  "task_name": "LLMSpartQA",
  "mteb_version": "2.11.6",
  "scores": {
    "test": [
      {
        "ndcg_at_1": 0.81,
        "ndcg_at_3": 0.78789,
        "ndcg_at_5": 0.82084,
        "ndcg_at_10": 0.86125,
        "ndcg_at_20": 0.88096,
        "ndcg_at_100": 0.88438,
        "ndcg_at_1000": 0.88438,
        "map_at_1": 0.62,
        "map_at_3": 0.74389,
        "map_at_5": 0.76914,
        "map_at_10": 0.79853,
        "map_at_20": 0.80983,
        "map_at_100": 0.81115,
        "map_at_1000": 0.81115,
        "recall_at_1": 0.62,
        "recall_at_3": 0.785,
        "recall_at_5": 0.84333,
        "recall_at_10": 0.93333,
        "recall_at_20": 0.98833,
        "recall_at_100": 1.0,
        "recall_at_1000": 1.0,
        "accuracy": 0.62,
        "precision_at_1": 0.81,
        "precision_at_3": 0.405,
        "precision_at_5": 0.276,
        "precision_at_10": 0.164,
        "precision_at_20": 0.09025,
        "precision_at_100": 0.0184,
        "precision_at_1000": 0.00184,
        "mrr_at_1": 0.81,
        "mrr_at_3": 0.868333,
        "mrr_at_5": 0.879583,
        "mrr_at_10": 0.883214,
        "mrr_at_20": 0.883214,
        "mrr_at_100": 0.883214,
        "mrr_at_1000": 0.883214,
        "nauc_ndcg_at_1_max": 0.77381,
        "nauc_ndcg_at_1_std": 0.662908,
        "nauc_ndcg_at_1_diff1": 0.792263,
        "nauc_ndcg_at_3_max": 0.844221,
        "nauc_ndcg_at_3_std": 0.571421,
        "nauc_ndcg_at_3_diff1": 0.789085,
        "nauc_ndcg_at_5_max": 0.835538,
        "nauc_ndcg_at_5_std": 0.604525,
        "nauc_ndcg_at_5_diff1": 0.782055,
        "nauc_ndcg_at_10_max": 0.825776,
        "nauc_ndcg_at_10_std": 0.607897,
        "nauc_ndcg_at_10_diff1": 0.796601,
        "nauc_ndcg_at_20_max": 0.821986,
        "nauc_ndcg_at_20_std": 0.626855,
        "nauc_ndcg_at_20_diff1": 0.791774,
        "nauc_ndcg_at_100_max": 0.818751,
        "nauc_ndcg_at_100_std": 0.620186,
        "nauc_ndcg_at_100_diff1": 0.78959,
        "nauc_ndcg_at_1000_max": 0.818751,
        "nauc_ndcg_at_1000_std": 0.620186,
        "nauc_ndcg_at_1000_diff1": 0.78959,
        "nauc_map_at_1_max": 0.761631,
        "nauc_map_at_1_std": 0.326526,
        "nauc_map_at_1_diff1": 0.830235,
        "nauc_map_at_3_max": 0.832959,
        "nauc_map_at_3_std": 0.547529,
        "nauc_map_at_3_diff1": 0.794412,
        "nauc_map_at_5_max": 0.827771,
        "nauc_map_at_5_std": 0.57554,
        "nauc_map_at_5_diff1": 0.789439,
        "nauc_map_at_10_max": 0.826106,
        "nauc_map_at_10_std": 0.585869,
        "nauc_map_at_10_diff1": 0.79832,
        "nauc_map_at_20_max": 0.825233,
        "nauc_map_at_20_std": 0.592347,
        "nauc_map_at_20_diff1": 0.796971,
        "nauc_map_at_100_max": 0.824354,
        "nauc_map_at_100_std": 0.590556,
        "nauc_map_at_100_diff1": 0.796142,
        "nauc_map_at_1000_max": 0.824354,
        "nauc_map_at_1000_std": 0.590556,
        "nauc_map_at_1000_diff1": 0.796142,
        "nauc_recall_at_1_max": 0.761631,
        "nauc_recall_at_1_std": 0.326526,
        "nauc_recall_at_1_diff1": 0.830235,
        "nauc_recall_at_3_max": 0.838712,
        "nauc_recall_at_3_std": 0.512251,
        "nauc_recall_at_3_diff1": 0.751093,
        "nauc_recall_at_5_max": 0.825863,
        "nauc_recall_at_5_std": 0.556652,
        "nauc_recall_at_5_diff1": 0.732364,
        "nauc_recall_at_10_max": 0.799456,
        "nauc_recall_at_10_std": 0.517894,
        "nauc_recall_at_10_diff1": 0.770168,
        "nauc_recall_at_20_max": 0.885621,
        "nauc_recall_at_20_std": 0.810257,
        "nauc_recall_at_20_diff1": 0.812592,
        "nauc_recall_at_100_max": NaN,
        "nauc_recall_at_100_std": NaN,
        "nauc_recall_at_100_diff1": NaN,
        "nauc_recall_at_1000_max": NaN,
        "nauc_recall_at_1000_std": NaN,
        "nauc_recall_at_1000_diff1": NaN,
        "nauc_precision_at_1_max": 0.77381,
        "nauc_precision_at_1_std": 0.662908,
        "nauc_precision_at_1_diff1": 0.792263,
        "nauc_precision_at_3_max": -0.053992,
        "nauc_precision_at_3_std": 0.350524,
        "nauc_precision_at_3_diff1": -0.216246,
        "nauc_precision_at_5_max": -0.272515,
        "nauc_precision_at_5_std": 0.216166,
        "nauc_precision_at_5_diff1": -0.397303,
        "nauc_precision_at_10_max": -0.476491,
        "nauc_precision_at_10_std": -0.017236,
        "nauc_precision_at_10_diff1": -0.532262,
        "nauc_precision_at_20_max": -0.610464,
        "nauc_precision_at_20_std": -0.112497,
        "nauc_precision_at_20_diff1": -0.658282,
        "nauc_precision_at_100_max": -0.653395,
        "nauc_precision_at_100_std": -0.151846,
        "nauc_precision_at_100_diff1": -0.697657,
        "nauc_precision_at_1000_max": -0.653395,
        "nauc_precision_at_1000_std": -0.151846,
        "nauc_precision_at_1000_diff1": -0.697657,
        "nauc_mrr_at_1_max": 0.77381,
        "nauc_mrr_at_1_std": 0.662908,
        "nauc_mrr_at_1_diff1": 0.792263,
        "nauc_mrr_at_3_max": 0.807718,
        "nauc_mrr_at_3_std": 0.661041,
        "nauc_mrr_at_3_diff1": 0.771623,
        "nauc_mrr_at_5_max": 0.802435,
        "nauc_mrr_at_5_std": 0.676191,
        "nauc_mrr_at_5_diff1": 0.770234,
        "nauc_mrr_at_10_max": 0.798054,
        "nauc_mrr_at_10_std": 0.669242,
        "nauc_mrr_at_10_diff1": 0.775669,
        "nauc_mrr_at_20_max": 0.798054,
        "nauc_mrr_at_20_std": 0.669242,
        "nauc_mrr_at_20_diff1": 0.775669,
        "nauc_mrr_at_100_max": 0.798054,
        "nauc_mrr_at_100_std": 0.669242,
        "nauc_mrr_at_100_diff1": 0.775669,
        "nauc_mrr_at_1000_max": 0.798054,
        "nauc_mrr_at_1000_std": 0.669242,
        "nauc_mrr_at_1000_diff1": 0.775669,
        "hit_rate_at_1": 0.81,
        "hit_rate_at_3": 0.93,
        "hit_rate_at_5": 0.975,
        "hit_rate_at_10": 1.0,
        "hit_rate_at_20": 1.0,
        "hit_rate_at_100": 1.0,
        "hit_rate_at_1000": 1.0,
        "main_score": 0.86125,
        "hf_subset": "default",
        "languages": [
          "eng-Latn"
        ]
      }
    ]
  },
  "evaluation_time": 29.432045221328735,
  "kg_co2_emissions": null,
  "date": 1774391781.108808
}