{
  "dataset_revision": "31f9b918c30ef94e15a168cb95ca4ebf291396eb",
  "task_name": "LLMTwitterHjerneRetrieval",
  "mteb_version": "2.11.6",
  "scores": {
    "train": [
      {
        "ndcg_at_1": 0.93506,
        "ndcg_at_3": 0.89015,
        "ndcg_at_5": 0.87428,
        "ndcg_at_10": 0.90443,
        "ndcg_at_20": 0.91501,
        "ndcg_at_100": 0.9282,
        "ndcg_at_1000": 0.9282,
        "map_at_1": 0.30195,
        "map_at_3": 0.71962,
        "map_at_5": 0.81926,
        "map_at_10": 0.85662,
        "map_at_20": 0.86377,
        "map_at_100": 0.86765,
        "map_at_1000": 0.86765,
        "recall_at_1": 0.30195,
        "recall_at_3": 0.74199,
        "recall_at_5": 0.85303,
        "recall_at_10": 0.92273,
        "recall_at_20": 0.94913,
        "recall_at_100": 1.0,
        "recall_at_1000": 1.0,
        "accuracy": 0.30195,
        "precision_at_1": 0.93506,
        "precision_at_3": 0.80087,
        "precision_at_5": 0.57922,
        "precision_at_10": 0.31688,
        "precision_at_20": 0.16364,
        "precision_at_100": 0.03403,
        "precision_at_1000": 0.0034,
        "mrr_at_1": 0.935065,
        "mrr_at_3": 0.958874,
        "mrr_at_5": 0.958874,
        "mrr_at_10": 0.958874,
        "mrr_at_20": 0.958874,
        "mrr_at_100": 0.959439,
        "mrr_at_1000": 0.959439,
        "nauc_ndcg_at_1_max": 1.0,
        "nauc_ndcg_at_1_std": 0.670453,
        "nauc_ndcg_at_1_diff1": 0.829232,
        "nauc_ndcg_at_3_max": 0.563871,
        "nauc_ndcg_at_3_std": 0.119979,
        "nauc_ndcg_at_3_diff1": 0.121971,
        "nauc_ndcg_at_5_max": 0.478604,
        "nauc_ndcg_at_5_std": 0.068451,
        "nauc_ndcg_at_5_diff1": 0.107877,
        "nauc_ndcg_at_10_max": 0.646557,
        "nauc_ndcg_at_10_std": 0.096604,
        "nauc_ndcg_at_10_diff1": 0.255797,
        "nauc_ndcg_at_20_max": 0.674756,
        "nauc_ndcg_at_20_std": 0.165081,
        "nauc_ndcg_at_20_diff1": 0.277324,
        "nauc_ndcg_at_100_max": 0.657487,
        "nauc_ndcg_at_100_std": 0.163628,
        "nauc_ndcg_at_100_diff1": 0.260261,
        "nauc_ndcg_at_1000_max": 0.657487,
        "nauc_ndcg_at_1000_std": 0.163628,
        "nauc_ndcg_at_1000_diff1": 0.260261,
        "nauc_map_at_1_max": -0.054275,
        "nauc_map_at_1_std": -0.151258,
        "nauc_map_at_1_diff1": 0.471691,
        "nauc_map_at_3_max": 0.105282,
        "nauc_map_at_3_std": -0.12512,
        "nauc_map_at_3_diff1": 0.231315,
        "nauc_map_at_5_max": 0.399389,
        "nauc_map_at_5_std": 0.00031,
        "nauc_map_at_5_diff1": 0.076674,
        "nauc_map_at_10_max": 0.545788,
        "nauc_map_at_10_std": 0.042155,
        "nauc_map_at_10_diff1": 0.127158,
        "nauc_map_at_20_max": 0.55409,
        "nauc_map_at_20_std": 0.059854,
        "nauc_map_at_20_diff1": 0.131006,
        "nauc_map_at_100_max": 0.550041,
        "nauc_map_at_100_std": 0.055174,
        "nauc_map_at_100_diff1": 0.128684,
        "nauc_map_at_1000_max": 0.550041,
        "nauc_map_at_1000_std": 0.055174,
        "nauc_map_at_1000_diff1": 0.128684,
        "nauc_recall_at_1_max": -0.054275,
        "nauc_recall_at_1_std": -0.151258,
        "nauc_recall_at_1_diff1": 0.471691,
        "nauc_recall_at_3_max": 0.003661,
        "nauc_recall_at_3_std": -0.187614,
        "nauc_recall_at_3_diff1": 0.17192,
        "nauc_recall_at_5_max": 0.293332,
        "nauc_recall_at_5_std": -0.099906,
        "nauc_recall_at_5_diff1": -0.015613,
        "nauc_recall_at_10_max": 0.644315,
        "nauc_recall_at_10_std": -0.055069,
        "nauc_recall_at_10_diff1": 0.298663,
        "nauc_recall_at_20_max": 0.775455,
        "nauc_recall_at_20_std": 0.164018,
        "nauc_recall_at_20_diff1": 0.415168,
        "nauc_recall_at_100_max": NaN,
        "nauc_recall_at_100_std": NaN,
        "nauc_recall_at_100_diff1": NaN,
        "nauc_recall_at_1000_max": NaN,
        "nauc_recall_at_1000_std": NaN,
        "nauc_recall_at_1000_diff1": NaN,
        "nauc_precision_at_1_max": 1.0,
        "nauc_precision_at_1_std": 0.670453,
        "nauc_precision_at_1_diff1": 0.829232,
        "nauc_precision_at_3_max": 0.51374,
        "nauc_precision_at_3_std": 0.262596,
        "nauc_precision_at_3_diff1": -0.191227,
        "nauc_precision_at_5_max": 0.438768,
        "nauc_precision_at_5_std": 0.251771,
        "nauc_precision_at_5_diff1": -0.243426,
        "nauc_precision_at_10_max": 0.451456,
        "nauc_precision_at_10_std": 0.273744,
        "nauc_precision_at_10_diff1": -0.17783,
        "nauc_precision_at_20_max": 0.413867,
        "nauc_precision_at_20_std": 0.307109,
        "nauc_precision_at_20_diff1": -0.184142,
        "nauc_precision_at_100_max": 0.357436,
        "nauc_precision_at_100_std": 0.337675,
        "nauc_precision_at_100_diff1": -0.232146,
        "nauc_precision_at_1000_max": 0.357436,
        "nauc_precision_at_1000_std": 0.337675,
        "nauc_precision_at_1000_diff1": -0.232146,
        "nauc_mrr_at_1_max": 1.0,
        "nauc_mrr_at_1_std": 0.670453,
        "nauc_mrr_at_1_diff1": 0.829232,
        "nauc_mrr_at_3_max": 1.0,
        "nauc_mrr_at_3_std": 0.732922,
        "nauc_mrr_at_3_diff1": 0.787986,
        "nauc_mrr_at_5_max": 1.0,
        "nauc_mrr_at_5_std": 0.732922,
        "nauc_mrr_at_5_diff1": 0.787986,
        "nauc_mrr_at_10_max": 1.0,
        "nauc_mrr_at_10_std": 0.732922,
        "nauc_mrr_at_10_diff1": 0.787986,
        "nauc_mrr_at_20_max": 1.0,
        "nauc_mrr_at_20_std": 0.732922,
        "nauc_mrr_at_20_diff1": 0.787986,
        "nauc_mrr_at_100_max": 1.0,
        "nauc_mrr_at_100_std": 0.729204,
        "nauc_mrr_at_100_diff1": 0.791232,
        "nauc_mrr_at_1000_max": 1.0,
        "nauc_mrr_at_1000_std": 0.729204,
        "nauc_mrr_at_1000_diff1": 0.791232,
        "hit_rate_at_1": 0.93506,
        "hit_rate_at_3": 0.98701,
        "hit_rate_at_5": 0.98701,
        "hit_rate_at_10": 0.98701,
        "hit_rate_at_20": 0.98701,
        "hit_rate_at_100": 1.0,
        "hit_rate_at_1000": 1.0,
        "main_score": 0.90443,
        "hf_subset": "default",
        "languages": [
          "dan-Latn"
        ]
      }
    ]
  },
  "evaluation_time": 5.945204496383667,
  "kg_co2_emissions": null,
  "date": 1774391789.184676
}