{
  "dataset_revision": "1c61e95df3d70835785db4d70f17d3a16a7bd4ce",
  "task_name": "LLMTempReasonL1",
  "mteb_version": "2.11.6",
  "scores": {
    "test": [
      {
        "ndcg_at_1": 0.01,
        "ndcg_at_3": 0.03262,
        "ndcg_at_5": 0.04941,
        "ndcg_at_10": 0.0523,
        "ndcg_at_20": 0.07493,
        "ndcg_at_100": 0.11487,
        "ndcg_at_1000": 0.16217,
        "map_at_1": 0.01,
        "map_at_3": 0.02667,
        "map_at_5": 0.03617,
        "map_at_10": 0.03717,
        "map_at_20": 0.0433,
        "map_at_100": 0.04849,
        "map_at_1000": 0.04996,
        "recall_at_1": 0.01,
        "recall_at_3": 0.05,
        "recall_at_5": 0.09,
        "recall_at_10": 0.1,
        "recall_at_20": 0.19,
        "recall_at_100": 0.41,
        "recall_at_1000": 0.8,
        "accuracy": 0.01,
        "precision_at_1": 0.01,
        "precision_at_3": 0.01667,
        "precision_at_5": 0.018,
        "precision_at_10": 0.01,
        "precision_at_20": 0.0095,
        "precision_at_100": 0.0041,
        "precision_at_1000": 0.0008,
        "mrr_at_1": 0.01,
        "mrr_at_3": 0.026667,
        "mrr_at_5": 0.036167,
        "mrr_at_10": 0.037167,
        "mrr_at_20": 0.043298,
        "mrr_at_100": 0.048488,
        "mrr_at_1000": 0.049956,
        "nauc_ndcg_at_1_max": 0.098471,
        "nauc_ndcg_at_1_std": -0.318487,
        "nauc_ndcg_at_1_diff1": -0.574725,
        "nauc_ndcg_at_3_max": -0.180001,
        "nauc_ndcg_at_3_std": -0.071026,
        "nauc_ndcg_at_3_diff1": -0.374354,
        "nauc_ndcg_at_5_max": -0.265182,
        "nauc_ndcg_at_5_std": -0.101909,
        "nauc_ndcg_at_5_diff1": -0.18127,
        "nauc_ndcg_at_10_max": -0.254425,
        "nauc_ndcg_at_10_std": -0.100176,
        "nauc_ndcg_at_10_diff1": -0.198865,
        "nauc_ndcg_at_20_max": -0.116997,
        "nauc_ndcg_at_20_std": -0.047,
        "nauc_ndcg_at_20_diff1": -0.080453,
        "nauc_ndcg_at_100_max": -0.092808,
        "nauc_ndcg_at_100_std": 0.033892,
        "nauc_ndcg_at_100_diff1": -0.089598,
        "nauc_ndcg_at_1000_max": -0.084912,
        "nauc_ndcg_at_1000_std": -0.010782,
        "nauc_ndcg_at_1000_diff1": -0.09147,
        "nauc_map_at_1_max": 0.098471,
        "nauc_map_at_1_std": -0.318487,
        "nauc_map_at_1_diff1": -0.574725,
        "nauc_map_at_3_max": -0.139707,
        "nauc_map_at_3_std": -0.070063,
        "nauc_map_at_3_diff1": -0.386537,
        "nauc_map_at_5_max": -0.216899,
        "nauc_map_at_5_std": -0.095957,
        "nauc_map_at_5_diff1": -0.233433,
        "nauc_map_at_10_max": -0.212962,
        "nauc_map_at_10_std": -0.095274,
        "nauc_map_at_10_diff1": -0.240594,
        "nauc_map_at_20_max": -0.156337,
        "nauc_map_at_20_std": -0.074063,
        "nauc_map_at_20_diff1": -0.183105,
        "nauc_map_at_100_max": -0.149935,
        "nauc_map_at_100_std": -0.051578,
        "nauc_map_at_100_diff1": -0.178505,
        "nauc_map_at_1000_max": -0.149552,
        "nauc_map_at_1000_std": -0.053406,
        "nauc_map_at_1000_diff1": -0.180088,
        "nauc_recall_at_1_max": 0.098471,
        "nauc_recall_at_1_std": -0.318487,
        "nauc_recall_at_1_diff1": -0.574725,
        "nauc_recall_at_3_max": -0.245345,
        "nauc_recall_at_3_std": -0.07765,
        "nauc_recall_at_3_diff1": -0.356909,
        "nauc_recall_at_5_max": -0.326447,
        "nauc_recall_at_5_std": -0.112155,
        "nauc_recall_at_5_diff1": -0.113198,
        "nauc_recall_at_10_max": -0.300859,
        "nauc_recall_at_10_std": -0.107996,
        "nauc_recall_at_10_diff1": -0.151838,
        "nauc_recall_at_20_max": -0.052898,
        "nauc_recall_at_20_std": -0.012359,
        "nauc_recall_at_20_diff1": 0.027021,
        "nauc_recall_at_100_max": -0.016095,
        "nauc_recall_at_100_std": 0.137321,
        "nauc_recall_at_100_diff1": -0.025137,
        "nauc_recall_at_1000_max": 0.094231,
        "nauc_recall_at_1000_std": 0.001823,
        "nauc_recall_at_1000_diff1": 0.052547,
        "nauc_precision_at_1_max": 0.098471,
        "nauc_precision_at_1_std": -0.318487,
        "nauc_precision_at_1_diff1": -0.574725,
        "nauc_precision_at_3_max": -0.245345,
        "nauc_precision_at_3_std": -0.07765,
        "nauc_precision_at_3_diff1": -0.356909,
        "nauc_precision_at_5_max": -0.326447,
        "nauc_precision_at_5_std": -0.112155,
        "nauc_precision_at_5_diff1": -0.113198,
        "nauc_precision_at_10_max": -0.300859,
        "nauc_precision_at_10_std": -0.107996,
        "nauc_precision_at_10_diff1": -0.151838,
        "nauc_precision_at_20_max": -0.052898,
        "nauc_precision_at_20_std": -0.012359,
        "nauc_precision_at_20_diff1": 0.027021,
        "nauc_precision_at_100_max": -0.016095,
        "nauc_precision_at_100_std": 0.137321,
        "nauc_precision_at_100_diff1": -0.025137,
        "nauc_precision_at_1000_max": 0.094231,
        "nauc_precision_at_1000_std": 0.001823,
        "nauc_precision_at_1000_diff1": 0.052547,
        "nauc_mrr_at_1_max": 0.098471,
        "nauc_mrr_at_1_std": -0.318487,
        "nauc_mrr_at_1_diff1": -0.574725,
        "nauc_mrr_at_3_max": -0.139707,
        "nauc_mrr_at_3_std": -0.070063,
        "nauc_mrr_at_3_diff1": -0.386537,
        "nauc_mrr_at_5_max": -0.216899,
        "nauc_mrr_at_5_std": -0.095957,
        "nauc_mrr_at_5_diff1": -0.233433,
        "nauc_mrr_at_10_max": -0.212962,
        "nauc_mrr_at_10_std": -0.095274,
        "nauc_mrr_at_10_diff1": -0.240594,
        "nauc_mrr_at_20_max": -0.156337,
        "nauc_mrr_at_20_std": -0.074063,
        "nauc_mrr_at_20_diff1": -0.183105,
        "nauc_mrr_at_100_max": -0.149935,
        "nauc_mrr_at_100_std": -0.051578,
        "nauc_mrr_at_100_diff1": -0.178505,
        "nauc_mrr_at_1000_max": -0.149552,
        "nauc_mrr_at_1000_std": -0.053406,
        "nauc_mrr_at_1000_diff1": -0.180088,
        "hit_rate_at_1": 0.01,
        "hit_rate_at_3": 0.05,
        "hit_rate_at_5": 0.09,
        "hit_rate_at_10": 0.1,
        "hit_rate_at_20": 0.19,
        "hit_rate_at_100": 0.41,
        "hit_rate_at_1000": 0.8,
        "main_score": 0.0523,
        "hf_subset": "default",
        "languages": [
          "eng-Latn"
        ]
      }
    ]
  },
  "evaluation_time": 200.52070999145508,
  "kg_co2_emissions": null,
  "date": 1774391727.423875
}