{
  "dataset_revision": "bc2a1e4c24771a6f3432578016cfb737732398fd",
  "task_name": "LLMWinoGrande",
  "mteb_version": "2.11.6",
  "scores": {
    "test": [
      {
        "ndcg_at_1": 0.78,
        "ndcg_at_3": 0.87583,
        "ndcg_at_5": 0.88809,
        "ndcg_at_10": 0.89432,
        "ndcg_at_20": 0.89696,
        "ndcg_at_100": 0.89803,
        "ndcg_at_1000": 0.89803,
        "map_at_1": 0.78,
        "map_at_3": 0.855,
        "map_at_5": 0.86175,
        "map_at_10": 0.86418,
        "map_at_20": 0.86497,
        "map_at_100": 0.86517,
        "map_at_1000": 0.86517,
        "recall_at_1": 0.78,
        "recall_at_3": 0.935,
        "recall_at_5": 0.965,
        "recall_at_10": 0.985,
        "recall_at_20": 0.995,
        "recall_at_100": 1.0,
        "recall_at_1000": 1.0,
        "accuracy": 0.78,
        "precision_at_1": 0.78,
        "precision_at_3": 0.31167,
        "precision_at_5": 0.193,
        "precision_at_10": 0.0985,
        "precision_at_20": 0.04975,
        "precision_at_100": 0.01,
        "precision_at_1000": 0.001,
        "mrr_at_1": 0.78,
        "mrr_at_3": 0.855,
        "mrr_at_5": 0.86175,
        "mrr_at_10": 0.864179,
        "mrr_at_20": 0.864966,
        "mrr_at_100": 0.865166,
        "mrr_at_1000": 0.865166,
        "nauc_ndcg_at_1_max": 0.549161,
        "nauc_ndcg_at_1_std": -0.220974,
        "nauc_ndcg_at_1_diff1": 0.753153,
        "nauc_ndcg_at_3_max": 0.628516,
        "nauc_ndcg_at_3_std": -0.17759,
        "nauc_ndcg_at_3_diff1": 0.759145,
        "nauc_ndcg_at_5_max": 0.598441,
        "nauc_ndcg_at_5_std": -0.183092,
        "nauc_ndcg_at_5_diff1": 0.74971,
        "nauc_ndcg_at_10_max": 0.57721,
        "nauc_ndcg_at_10_std": -0.199815,
        "nauc_ndcg_at_10_diff1": 0.742693,
        "nauc_ndcg_at_20_max": 0.593552,
        "nauc_ndcg_at_20_std": -0.173636,
        "nauc_ndcg_at_20_diff1": 0.750842,
        "nauc_ndcg_at_100_max": 0.589006,
        "nauc_ndcg_at_100_std": -0.186763,
        "nauc_ndcg_at_100_diff1": 0.751163,
        "nauc_ndcg_at_1000_max": 0.589006,
        "nauc_ndcg_at_1000_std": -0.186763,
        "nauc_ndcg_at_1000_diff1": 0.751163,
        "nauc_map_at_1_max": 0.549161,
        "nauc_map_at_1_std": -0.220974,
        "nauc_map_at_1_diff1": 0.753153,
        "nauc_map_at_3_max": 0.606053,
        "nauc_map_at_3_std": -0.18742,
        "nauc_map_at_3_diff1": 0.757297,
        "nauc_map_at_5_max": 0.591169,
        "nauc_map_at_5_std": -0.190897,
        "nauc_map_at_5_diff1": 0.752738,
        "nauc_map_at_10_max": 0.584418,
        "nauc_map_at_10_std": -0.194673,
        "nauc_map_at_10_diff1": 0.750658,
        "nauc_map_at_20_max": 0.587519,
        "nauc_map_at_20_std": -0.188675,
        "nauc_map_at_20_diff1": 0.752201,
        "nauc_map_at_100_max": 0.586862,
        "nauc_map_at_100_std": -0.190569,
        "nauc_map_at_100_diff1": 0.752248,
        "nauc_map_at_1000_max": 0.586862,
        "nauc_map_at_1000_std": -0.190569,
        "nauc_map_at_1000_diff1": 0.752248,
        "nauc_recall_at_1_max": 0.549161,
        "nauc_recall_at_1_std": -0.220974,
        "nauc_recall_at_1_diff1": 0.753153,
        "nauc_recall_at_3_max": 0.758709,
        "nauc_recall_at_3_std": -0.123285,
        "nauc_recall_at_3_diff1": 0.770021,
        "nauc_recall_at_5_max": 0.652928,
        "nauc_recall_at_5_std": -0.109577,
        "nauc_recall_at_5_diff1": 0.713619,
        "nauc_recall_at_10_max": 0.282758,
        "nauc_recall_at_10_std": -0.434485,
        "nauc_recall_at_10_diff1": 0.516962,
        "nauc_recall_at_20_max": 1.0,
        "nauc_recall_at_20_std": 1.0,
        "nauc_recall_at_20_diff1": 0.722222,
        "nauc_recall_at_100_max": NaN,
        "nauc_recall_at_100_std": NaN,
        "nauc_recall_at_100_diff1": NaN,
        "nauc_recall_at_1000_max": NaN,
        "nauc_recall_at_1000_std": NaN,
        "nauc_recall_at_1000_diff1": NaN,
        "nauc_precision_at_1_max": 0.549161,
        "nauc_precision_at_1_std": -0.220974,
        "nauc_precision_at_1_diff1": 0.753153,
        "nauc_precision_at_3_max": 0.758709,
        "nauc_precision_at_3_std": -0.123285,
        "nauc_precision_at_3_diff1": 0.770021,
        "nauc_precision_at_5_max": 0.652928,
        "nauc_precision_at_5_std": -0.109577,
        "nauc_precision_at_5_diff1": 0.713619,
        "nauc_precision_at_10_max": 0.282758,
        "nauc_precision_at_10_std": -0.434485,
        "nauc_precision_at_10_diff1": 0.516962,
        "nauc_precision_at_20_max": 1.0,
        "nauc_precision_at_20_std": 1.0,
        "nauc_precision_at_20_diff1": 0.722222,
        "nauc_precision_at_100_max": 1.0,
        "nauc_precision_at_100_std": 1.0,
        "nauc_precision_at_100_diff1": 1.0,
        "nauc_precision_at_1000_max": 1.0,
        "nauc_precision_at_1000_std": 1.0,
        "nauc_precision_at_1000_diff1": 1.0,
        "nauc_mrr_at_1_max": 0.549161,
        "nauc_mrr_at_1_std": -0.220974,
        "nauc_mrr_at_1_diff1": 0.753153,
        "nauc_mrr_at_3_max": 0.606053,
        "nauc_mrr_at_3_std": -0.18742,
        "nauc_mrr_at_3_diff1": 0.757297,
        "nauc_mrr_at_5_max": 0.591169,
        "nauc_mrr_at_5_std": -0.190897,
        "nauc_mrr_at_5_diff1": 0.752738,
        "nauc_mrr_at_10_max": 0.584418,
        "nauc_mrr_at_10_std": -0.194673,
        "nauc_mrr_at_10_diff1": 0.750658,
        "nauc_mrr_at_20_max": 0.587519,
        "nauc_mrr_at_20_std": -0.188675,
        "nauc_mrr_at_20_diff1": 0.752201,
        "nauc_mrr_at_100_max": 0.586862,
        "nauc_mrr_at_100_std": -0.190569,
        "nauc_mrr_at_100_diff1": 0.752248,
        "nauc_mrr_at_1000_max": 0.586862,
        "nauc_mrr_at_1000_std": -0.190569,
        "nauc_mrr_at_1000_diff1": 0.752248,
        "hit_rate_at_1": 0.78,
        "hit_rate_at_3": 0.935,
        "hit_rate_at_5": 0.965,
        "hit_rate_at_10": 0.985,
        "hit_rate_at_20": 0.995,
        "hit_rate_at_100": 1.0,
        "hit_rate_at_1000": 1.0,
        "main_score": 0.89432,
        "hf_subset": "default",
        "languages": [
          "eng-Latn"
        ]
      }
    ]
  },
  "evaluation_time": 85.13846707344055,
  "kg_co2_emissions": null,
  "date": 1774391876.588903
}