{
  "dataset_revision": "a2acf12d293ea934823ca26752a05c5bfab24dff",
  "task_name": "LLMAILAStatutes",
  "mteb_version": "2.11.6",
  "scores": {
    "test": [
      {
        "ndcg_at_1": 0.96,
        "ndcg_at_3": 0.87877,
        "ndcg_at_5": 0.8237,
        "ndcg_at_10": 0.92519,
        "ndcg_at_20": 0.93497,
        "ndcg_at_100": 0.93645,
        "ndcg_at_1000": 0.93645,
        "map_at_1": 0.23167,
        "map_at_3": 0.57544,
        "map_at_5": 0.73683,
        "map_at_10": 0.84686,
        "map_at_20": 0.85449,
        "map_at_100": 0.85536,
        "map_at_1000": 0.85536,
        "recall_at_1": 0.23167,
        "recall_at_3": 0.591,
        "recall_at_5": 0.78367,
        "recall_at_10": 0.97233,
        "recall_at_20": 0.996,
        "recall_at_100": 1.0,
        "recall_at_1000": 1.0,
        "accuracy": 0.23167,
        "precision_at_1": 0.96,
        "precision_at_3": 0.83333,
        "precision_at_5": 0.672,
        "precision_at_10": 0.422,
        "precision_at_20": 0.216,
        "precision_at_100": 0.0434,
        "precision_at_1000": 0.00434,
        "mrr_at_1": 0.96,
        "mrr_at_3": 0.976667,
        "mrr_at_5": 0.976667,
        "mrr_at_10": 0.976667,
        "mrr_at_20": 0.976667,
        "mrr_at_100": 0.976667,
        "mrr_at_1000": 0.976667,
        "nauc_ndcg_at_1_max": -0.396825,
        "nauc_ndcg_at_1_std": -0.514472,
        "nauc_ndcg_at_1_diff1": -0.298786,
        "nauc_ndcg_at_3_max": 0.468297,
        "nauc_ndcg_at_3_std": 0.245732,
        "nauc_ndcg_at_3_diff1": 0.059628,
        "nauc_ndcg_at_5_max": 0.436011,
        "nauc_ndcg_at_5_std": 0.20176,
        "nauc_ndcg_at_5_diff1": 0.208556,
        "nauc_ndcg_at_10_max": 0.451152,
        "nauc_ndcg_at_10_std": 0.286087,
        "nauc_ndcg_at_10_diff1": 0.12651,
        "nauc_ndcg_at_20_max": 0.387516,
        "nauc_ndcg_at_20_std": 0.209278,
        "nauc_ndcg_at_20_diff1": 0.041978,
        "nauc_ndcg_at_100_max": 0.371414,
        "nauc_ndcg_at_100_std": 0.187498,
        "nauc_ndcg_at_100_diff1": 0.061755,
        "nauc_ndcg_at_1000_max": 0.371414,
        "nauc_ndcg_at_1000_std": 0.187498,
        "nauc_ndcg_at_1000_diff1": 0.061755,
        "nauc_map_at_1_max": -0.099554,
        "nauc_map_at_1_std": -0.305557,
        "nauc_map_at_1_diff1": 0.095033,
        "nauc_map_at_3_max": 0.35474,
        "nauc_map_at_3_std": 0.076059,
        "nauc_map_at_3_diff1": 0.160991,
        "nauc_map_at_5_max": 0.458689,
        "nauc_map_at_5_std": 0.22196,
        "nauc_map_at_5_diff1": 0.19353,
        "nauc_map_at_10_max": 0.486618,
        "nauc_map_at_10_std": 0.298424,
        "nauc_map_at_10_diff1": 0.142894,
        "nauc_map_at_20_max": 0.465154,
        "nauc_map_at_20_std": 0.26703,
        "nauc_map_at_20_diff1": 0.107649,
        "nauc_map_at_100_max": 0.46142,
        "nauc_map_at_100_std": 0.261466,
        "nauc_map_at_100_diff1": 0.11385,
        "nauc_map_at_1000_max": 0.46142,
        "nauc_map_at_1000_std": 0.261466,
        "nauc_map_at_1000_diff1": 0.11385,
        "nauc_recall_at_1_max": -0.099554,
        "nauc_recall_at_1_std": -0.305557,
        "nauc_recall_at_1_diff1": 0.095033,
        "nauc_recall_at_3_max": 0.421049,
        "nauc_recall_at_3_std": 0.082698,
        "nauc_recall_at_3_diff1": 0.223611,
        "nauc_recall_at_5_max": 0.470649,
        "nauc_recall_at_5_std": 0.220393,
        "nauc_recall_at_5_diff1": 0.281369,
        "nauc_recall_at_10_max": 0.753861,
        "nauc_recall_at_10_std": 0.658336,
        "nauc_recall_at_10_diff1": 0.341566,
        "nauc_recall_at_20_max": 0.869281,
        "nauc_recall_at_20_std": 0.869281,
        "nauc_recall_at_20_diff1": -0.563492,
        "nauc_recall_at_100_max": NaN,
        "nauc_recall_at_100_std": NaN,
        "nauc_recall_at_100_diff1": NaN,
        "nauc_recall_at_1000_max": NaN,
        "nauc_recall_at_1000_std": NaN,
        "nauc_recall_at_1000_diff1": NaN,
        "nauc_precision_at_1_max": -0.396825,
        "nauc_precision_at_1_std": -0.514472,
        "nauc_precision_at_1_diff1": -0.298786,
        "nauc_precision_at_3_max": 0.543001,
        "nauc_precision_at_3_std": 0.388475,
        "nauc_precision_at_3_diff1": 0.043145,
        "nauc_precision_at_5_max": 0.39027,
        "nauc_precision_at_5_std": 0.368123,
        "nauc_precision_at_5_diff1": 0.080386,
        "nauc_precision_at_10_max": 0.111861,
        "nauc_precision_at_10_std": 0.337257,
        "nauc_precision_at_10_diff1": -0.144766,
        "nauc_precision_at_20_max": -0.010942,
        "nauc_precision_at_20_std": 0.250692,
        "nauc_precision_at_20_diff1": -0.265749,
        "nauc_precision_at_100_max": -0.04506,
        "nauc_precision_at_100_std": 0.217834,
        "nauc_precision_at_100_diff1": -0.244946,
        "nauc_precision_at_1000_max": -0.04506,
        "nauc_precision_at_1000_std": 0.217834,
        "nauc_precision_at_1000_diff1": -0.244946,
        "nauc_mrr_at_1_max": -0.396825,
        "nauc_mrr_at_1_std": -0.514472,
        "nauc_mrr_at_1_diff1": -0.298786,
        "nauc_mrr_at_3_max": -0.288982,
        "nauc_mrr_at_3_std": -0.605509,
        "nauc_mrr_at_3_diff1": -0.176937,
        "nauc_mrr_at_5_max": -0.288982,
        "nauc_mrr_at_5_std": -0.605509,
        "nauc_mrr_at_5_diff1": -0.176937,
        "nauc_mrr_at_10_max": -0.288982,
        "nauc_mrr_at_10_std": -0.605509,
        "nauc_mrr_at_10_diff1": -0.176937,
        "nauc_mrr_at_20_max": -0.288982,
        "nauc_mrr_at_20_std": -0.605509,
        "nauc_mrr_at_20_diff1": -0.176937,
        "nauc_mrr_at_100_max": -0.288982,
        "nauc_mrr_at_100_std": -0.605509,
        "nauc_mrr_at_100_diff1": -0.176937,
        "nauc_mrr_at_1000_max": -0.288982,
        "nauc_mrr_at_1000_std": -0.605509,
        "nauc_mrr_at_1000_diff1": -0.176937,
        "hit_rate_at_1": 0.96,
        "hit_rate_at_3": 1.0,
        "hit_rate_at_5": 1.0,
        "hit_rate_at_10": 1.0,
        "hit_rate_at_20": 1.0,
        "hit_rate_at_100": 1.0,
        "hit_rate_at_1000": 1.0,
        "main_score": 0.92519,
        "hf_subset": "default",
        "languages": [
          "eng-Latn"
        ]
      }
    ]
  },
  "evaluation_time": 8.973474264144897,
  "kg_co2_emissions": null,
  "date": 1774397041.244182
}