{
  "dataset_revision": "300cb175d1b608cfc3fdb94fd06b3ceb937f9b6a",
  "task_name": "LLMLegalBenchCorporateLobbying",
  "mteb_version": "2.11.6",
  "scores": {
    "test": [
      {
        "ndcg_at_1": 0.90294,
        "ndcg_at_3": 0.95003,
        "ndcg_at_5": 0.95383,
        "ndcg_at_10": 0.95488,
        "ndcg_at_20": 0.9557,
        "ndcg_at_100": 0.95618,
        "ndcg_at_1000": 0.95656,
        "map_at_1": 0.90294,
        "map_at_3": 0.93971,
        "map_at_5": 0.94191,
        "map_at_10": 0.9424,
        "map_at_20": 0.94267,
        "map_at_100": 0.94271,
        "map_at_1000": 0.94273,
        "recall_at_1": 0.90294,
        "recall_at_3": 0.97941,
        "recall_at_5": 0.98824,
        "recall_at_10": 0.99118,
        "recall_at_20": 0.99412,
        "recall_at_100": 0.99706,
        "recall_at_1000": 1.0,
        "accuracy": 0.90294,
        "precision_at_1": 0.90294,
        "precision_at_3": 0.32647,
        "precision_at_5": 0.19765,
        "precision_at_10": 0.09912,
        "precision_at_20": 0.04971,
        "precision_at_100": 0.00997,
        "precision_at_1000": 0.001,
        "mrr_at_1": 0.902941,
        "mrr_at_3": 0.939706,
        "mrr_at_5": 0.941912,
        "mrr_at_10": 0.942402,
        "mrr_at_20": 0.942669,
        "mrr_at_100": 0.942712,
        "mrr_at_1000": 0.942726,
        "nauc_ndcg_at_1_max": 0.423677,
        "nauc_ndcg_at_1_std": -0.158815,
        "nauc_ndcg_at_1_diff1": 0.904154,
        "nauc_ndcg_at_3_max": 0.518682,
        "nauc_ndcg_at_3_std": -0.256019,
        "nauc_ndcg_at_3_diff1": 0.905399,
        "nauc_ndcg_at_5_max": 0.48265,
        "nauc_ndcg_at_5_std": -0.252229,
        "nauc_ndcg_at_5_diff1": 0.904785,
        "nauc_ndcg_at_10_max": 0.485543,
        "nauc_ndcg_at_10_std": -0.217684,
        "nauc_ndcg_at_10_diff1": 0.902574,
        "nauc_ndcg_at_20_max": 0.476015,
        "nauc_ndcg_at_20_std": -0.218542,
        "nauc_ndcg_at_20_diff1": 0.903191,
        "nauc_ndcg_at_100_max": 0.479883,
        "nauc_ndcg_at_100_std": -0.201881,
        "nauc_ndcg_at_100_diff1": 0.905173,
        "nauc_ndcg_at_1000_max": 0.475326,
        "nauc_ndcg_at_1000_std": -0.212412,
        "nauc_ndcg_at_1000_diff1": 0.904342,
        "nauc_map_at_1_max": 0.423677,
        "nauc_map_at_1_std": -0.158815,
        "nauc_map_at_1_diff1": 0.904154,
        "nauc_map_at_3_max": 0.48864,
        "nauc_map_at_3_std": -0.22519,
        "nauc_map_at_3_diff1": 0.905453,
        "nauc_map_at_5_max": 0.470876,
        "nauc_map_at_5_std": -0.222271,
        "nauc_map_at_5_diff1": 0.905172,
        "nauc_map_at_10_max": 0.471836,
        "nauc_map_at_10_std": -0.209355,
        "nauc_map_at_10_diff1": 0.904365,
        "nauc_map_at_20_max": 0.469373,
        "nauc_map_at_20_std": -0.209532,
        "nauc_map_at_20_diff1": 0.904528,
        "nauc_map_at_100_max": 0.46963,
        "nauc_map_at_100_std": -0.208394,
        "nauc_map_at_100_diff1": 0.904664,
        "nauc_map_at_1000_max": 0.469501,
        "nauc_map_at_1000_std": -0.208688,
        "nauc_map_at_1000_diff1": 0.904641,
        "nauc_recall_at_1_max": 0.423677,
        "nauc_recall_at_1_std": -0.158815,
        "nauc_recall_at_1_diff1": 0.904154,
        "nauc_recall_at_3_max": 0.764306,
        "nauc_recall_at_3_std": -0.508203,
        "nauc_recall_at_3_diff1": 0.904295,
        "nauc_recall_at_5_max": 0.620215,
        "nauc_recall_at_5_std": -0.662815,
        "nauc_recall_at_5_diff1": 0.897876,
        "nauc_recall_at_10_max": 0.707594,
        "nauc_recall_at_10_std": -0.303766,
        "nauc_recall_at_10_diff1": 0.863834,
        "nauc_recall_at_20_max": 0.561391,
        "nauc_recall_at_20_std": -0.369981,
        "nauc_recall_at_20_diff1": 0.861111,
        "nauc_recall_at_100_max": 1.0,
        "nauc_recall_at_100_std": 1.0,
        "nauc_recall_at_100_diff1": 1.0,
        "nauc_recall_at_1000_max": NaN,
        "nauc_recall_at_1000_std": NaN,
        "nauc_recall_at_1000_diff1": NaN,
        "nauc_precision_at_1_max": 0.423677,
        "nauc_precision_at_1_std": -0.158815,
        "nauc_precision_at_1_diff1": 0.904154,
        "nauc_precision_at_3_max": 0.764306,
        "nauc_precision_at_3_std": -0.508203,
        "nauc_precision_at_3_diff1": 0.904295,
        "nauc_precision_at_5_max": 0.620215,
        "nauc_precision_at_5_std": -0.662815,
        "nauc_precision_at_5_diff1": 0.897876,
        "nauc_precision_at_10_max": 0.707594,
        "nauc_precision_at_10_std": -0.303766,
        "nauc_precision_at_10_diff1": 0.863834,
        "nauc_precision_at_20_max": 0.561391,
        "nauc_precision_at_20_std": -0.369981,
        "nauc_precision_at_20_diff1": 0.861111,
        "nauc_precision_at_100_max": 1.0,
        "nauc_precision_at_100_std": 1.0,
        "nauc_precision_at_100_diff1": 1.0,
        "nauc_precision_at_1000_max": 1.0,
        "nauc_precision_at_1000_std": 1.0,
        "nauc_precision_at_1000_diff1": 1.0,
        "nauc_mrr_at_1_max": 0.423677,
        "nauc_mrr_at_1_std": -0.158815,
        "nauc_mrr_at_1_diff1": 0.904154,
        "nauc_mrr_at_3_max": 0.48864,
        "nauc_mrr_at_3_std": -0.22519,
        "nauc_mrr_at_3_diff1": 0.905453,
        "nauc_mrr_at_5_max": 0.470876,
        "nauc_mrr_at_5_std": -0.222271,
        "nauc_mrr_at_5_diff1": 0.905172,
        "nauc_mrr_at_10_max": 0.471836,
        "nauc_mrr_at_10_std": -0.209355,
        "nauc_mrr_at_10_diff1": 0.904365,
        "nauc_mrr_at_20_max": 0.469373,
        "nauc_mrr_at_20_std": -0.209532,
        "nauc_mrr_at_20_diff1": 0.904528,
        "nauc_mrr_at_100_max": 0.46963,
        "nauc_mrr_at_100_std": -0.208394,
        "nauc_mrr_at_100_diff1": 0.904664,
        "nauc_mrr_at_1000_max": 0.469501,
        "nauc_mrr_at_1000_std": -0.208688,
        "nauc_mrr_at_1000_diff1": 0.904641,
        "hit_rate_at_1": 0.90294,
        "hit_rate_at_3": 0.97941,
        "hit_rate_at_5": 0.98824,
        "hit_rate_at_10": 0.99118,
        "hit_rate_at_20": 0.99412,
        "hit_rate_at_100": 0.99706,
        "hit_rate_at_1000": 1.0,
        "main_score": 0.95488,
        "hf_subset": "default",
        "languages": [
          "eng-Latn"
        ]
      }
    ]
  },
  "evaluation_time": 5.76811957359314,
  "kg_co2_emissions": null,
  "date": 1774397049.059434
}