{
  "dataset_revision": "5d745bd9e435cc190599f916f54c0ab197ddeb73",
  "task_name": "LLMRTE3PC",
  "mteb_version": "2.11.6",
  "scores": {
    "test": [
      {
        "similarity_accuracy": 0.85447,
        "similarity_f1": 0.920635,
        "similarity_precision": 0.858351,
        "similarity_recall": 0.992665,
        "similarity_ap": 0.898753,
        "cosine_accuracy": 0.85447,
        "cosine_f1": 0.920635,
        "cosine_precision": 0.858351,
        "cosine_recall": 0.992665,
        "cosine_ap": 0.898752,
        "manhattan_accuracy": 0.85447,
        "manhattan_f1": 0.920635,
        "manhattan_precision": 0.858351,
        "manhattan_recall": 0.992665,
        "manhattan_ap": 0.898144,
        "euclidean_accuracy": 0.85447,
        "euclidean_f1": 0.920635,
        "euclidean_precision": 0.858351,
        "euclidean_recall": 0.992665,
        "euclidean_ap": 0.89885,
        "dot_accuracy": 0.85447,
        "dot_f1": 0.920635,
        "dot_precision": 0.858351,
        "dot_recall": 0.992665,
        "dot_ap": 0.898457,
        "max_accuracy": 0.85447,
        "max_f1": 0.920635,
        "max_precision": 0.858351,
        "max_recall": 0.992665,
        "max_ap": 0.89885,
        "main_score": 0.89885,
        "hf_subset": "de",
        "languages": [
          "deu-Latn"
        ]
      },
      {
        "similarity_accuracy": 0.854772,
        "similarity_f1": 0.921348,
        "similarity_precision": 0.854167,
        "similarity_recall": 1.0,
        "similarity_ap": 0.911418,
        "cosine_accuracy": 0.854772,
        "cosine_f1": 0.921348,
        "cosine_precision": 0.854167,
        "cosine_recall": 1.0,
        "cosine_ap": 0.911418,
        "manhattan_accuracy": 0.852697,
        "manhattan_f1": 0.920314,
        "manhattan_precision": 0.852391,
        "manhattan_recall": 1.0,
        "manhattan_ap": 0.910741,
        "euclidean_accuracy": 0.854772,
        "euclidean_f1": 0.921348,
        "euclidean_precision": 0.854167,
        "euclidean_recall": 1.0,
        "euclidean_ap": 0.91128,
        "dot_accuracy": 0.854772,
        "dot_f1": 0.921348,
        "dot_precision": 0.854167,
        "dot_recall": 1.0,
        "dot_ap": 0.911914,
        "max_accuracy": 0.854772,
        "max_f1": 0.921348,
        "max_precision": 0.854167,
        "max_recall": 1.0,
        "max_ap": 0.911914,
        "main_score": 0.911914,
        "hf_subset": "en",
        "languages": [
          "eng-Latn"
        ]
      },
      {
        "similarity_accuracy": 0.856846,
        "similarity_f1": 0.92221,
        "similarity_precision": 0.855649,
        "similarity_recall": 1.0,
        "similarity_ap": 0.903999,
        "cosine_accuracy": 0.856846,
        "cosine_f1": 0.92221,
        "cosine_precision": 0.855649,
        "cosine_recall": 1.0,
        "cosine_ap": 0.903999,
        "manhattan_accuracy": 0.854772,
        "manhattan_f1": 0.920993,
        "manhattan_precision": 0.855346,
        "manhattan_recall": 0.997555,
        "manhattan_ap": 0.903398,
        "euclidean_accuracy": 0.856846,
        "euclidean_f1": 0.92221,
        "euclidean_precision": 0.855649,
        "euclidean_recall": 1.0,
        "euclidean_ap": 0.904004,
        "dot_accuracy": 0.854772,
        "dot_f1": 0.921171,
        "dot_precision": 0.853862,
        "dot_recall": 1.0,
        "dot_ap": 0.903888,
        "max_accuracy": 0.856846,
        "max_f1": 0.92221,
        "max_precision": 0.855649,
        "max_recall": 1.0,
        "max_ap": 0.904004,
        "main_score": 0.904004,
        "hf_subset": "fr",
        "languages": [
          "fra-Latn"
        ]
      },
      {
        "similarity_accuracy": 0.853556,
        "similarity_f1": 0.920635,
        "similarity_precision": 0.852941,
        "similarity_recall": 1.0,
        "similarity_ap": 0.906422,
        "cosine_accuracy": 0.853556,
        "cosine_f1": 0.920635,
        "cosine_precision": 0.852941,
        "cosine_recall": 1.0,
        "cosine_ap": 0.906422,
        "manhattan_accuracy": 0.851464,
        "manhattan_f1": 0.919592,
        "manhattan_precision": 0.851153,
        "manhattan_recall": 1.0,
        "manhattan_ap": 0.905557,
        "euclidean_accuracy": 0.851464,
        "euclidean_f1": 0.919592,
        "euclidean_precision": 0.851153,
        "euclidean_recall": 1.0,
        "euclidean_ap": 0.906393,
        "dot_accuracy": 0.853556,
        "dot_f1": 0.920635,
        "dot_precision": 0.852941,
        "dot_recall": 1.0,
        "dot_ap": 0.907041,
        "max_accuracy": 0.853556,
        "max_f1": 0.920635,
        "max_precision": 0.852941,
        "max_recall": 1.0,
        "max_ap": 0.907041,
        "main_score": 0.907041,
        "hf_subset": "it",
        "languages": [
          "ita-Latn"
        ]
      }
    ]
  },
  "evaluation_time": 11.58799934387207,
  "kg_co2_emissions": null,
  "date": 1774395133.825335
}