{
  "dataset_revision": "d6628df131c3279007b88fe3e057e809dac056af",
  "task_name": "LLMSpartQA",
  "mteb_version": "2.11.6",
  "scores": {
    "test": [
      {
        "ndcg_at_1": 0.065,
        "ndcg_at_3": 0.10647,
        "ndcg_at_5": 0.12183,
        "ndcg_at_10": 0.15499,
        "ndcg_at_20": 0.17286,
        "ndcg_at_100": 0.20939,
        "ndcg_at_1000": 0.24753,
        "map_at_1": 0.04833,
        "map_at_3": 0.08556,
        "map_at_5": 0.09439,
        "map_at_10": 0.10772,
        "map_at_20": 0.11214,
        "map_at_100": 0.11673,
        "map_at_1000": 0.11791,
        "recall_at_1": 0.04833,
        "recall_at_3": 0.13167,
        "recall_at_5": 0.16333,
        "recall_at_10": 0.255,
        "recall_at_20": 0.31667,
        "recall_at_100": 0.5,
        "recall_at_1000": 0.77833,
        "accuracy": 0.04833,
        "precision_at_1": 0.065,
        "precision_at_3": 0.065,
        "precision_at_5": 0.05,
        "precision_at_10": 0.0395,
        "precision_at_20": 0.0255,
        "precision_at_100": 0.0081,
        "precision_at_1000": 0.00131,
        "mrr_at_1": 0.065,
        "mrr_at_3": 0.123333,
        "mrr_at_5": 0.132833,
        "mrr_at_10": 0.148837,
        "mrr_at_20": 0.154806,
        "mrr_at_100": 0.158995,
        "mrr_at_1000": 0.159953,
        "nauc_ndcg_at_1_max": 0.128253,
        "nauc_ndcg_at_1_std": 0.570907,
        "nauc_ndcg_at_1_diff1": -0.196467,
        "nauc_ndcg_at_3_max": 0.299169,
        "nauc_ndcg_at_3_std": 0.548532,
        "nauc_ndcg_at_3_diff1": -0.089352,
        "nauc_ndcg_at_5_max": 0.299869,
        "nauc_ndcg_at_5_std": 0.581989,
        "nauc_ndcg_at_5_diff1": -0.088245,
        "nauc_ndcg_at_10_max": 0.271441,
        "nauc_ndcg_at_10_std": 0.593514,
        "nauc_ndcg_at_10_diff1": -0.09708,
        "nauc_ndcg_at_20_max": 0.289322,
        "nauc_ndcg_at_20_std": 0.567479,
        "nauc_ndcg_at_20_diff1": -0.051103,
        "nauc_ndcg_at_100_max": 0.301687,
        "nauc_ndcg_at_100_std": 0.609397,
        "nauc_ndcg_at_100_diff1": -0.031234,
        "nauc_ndcg_at_1000_max": 0.297767,
        "nauc_ndcg_at_1000_std": 0.58552,
        "nauc_ndcg_at_1000_diff1": -0.049608,
        "nauc_map_at_1_max": 0.158008,
        "nauc_map_at_1_std": 0.605581,
        "nauc_map_at_1_diff1": -0.301555,
        "nauc_map_at_3_max": 0.275138,
        "nauc_map_at_3_std": 0.567328,
        "nauc_map_at_3_diff1": -0.136643,
        "nauc_map_at_5_max": 0.274265,
        "nauc_map_at_5_std": 0.59103,
        "nauc_map_at_5_diff1": -0.134023,
        "nauc_map_at_10_max": 0.260851,
        "nauc_map_at_10_std": 0.599063,
        "nauc_map_at_10_diff1": -0.135639,
        "nauc_map_at_20_max": 0.267134,
        "nauc_map_at_20_std": 0.59017,
        "nauc_map_at_20_diff1": -0.119752,
        "nauc_map_at_100_max": 0.268508,
        "nauc_map_at_100_std": 0.595964,
        "nauc_map_at_100_diff1": -0.115469,
        "nauc_map_at_1000_max": 0.268074,
        "nauc_map_at_1000_std": 0.594831,
        "nauc_map_at_1000_diff1": -0.115393,
        "nauc_recall_at_1_max": 0.158008,
        "nauc_recall_at_1_std": 0.605581,
        "nauc_recall_at_1_diff1": -0.301555,
        "nauc_recall_at_3_max": 0.33345,
        "nauc_recall_at_3_std": 0.521873,
        "nauc_recall_at_3_diff1": -0.044781,
        "nauc_recall_at_5_max": 0.322587,
        "nauc_recall_at_5_std": 0.571312,
        "nauc_recall_at_5_diff1": -0.049921,
        "nauc_recall_at_10_max": 0.255911,
        "nauc_recall_at_10_std": 0.57123,
        "nauc_recall_at_10_diff1": -0.074411,
        "nauc_recall_at_20_max": 0.308402,
        "nauc_recall_at_20_std": 0.486966,
        "nauc_recall_at_20_diff1": 0.028336,
        "nauc_recall_at_100_max": 0.3359,
        "nauc_recall_at_100_std": 0.568307,
        "nauc_recall_at_100_diff1": 0.068626,
        "nauc_recall_at_1000_max": 0.25084,
        "nauc_recall_at_1000_std": 0.27614,
        "nauc_recall_at_1000_diff1": -0.019306,
        "nauc_precision_at_1_max": 0.128253,
        "nauc_precision_at_1_std": 0.570907,
        "nauc_precision_at_1_diff1": -0.196467,
        "nauc_precision_at_3_max": 0.351857,
        "nauc_precision_at_3_std": 0.505275,
        "nauc_precision_at_3_diff1": 0.009002,
        "nauc_precision_at_5_max": 0.36603,
        "nauc_precision_at_5_std": 0.590231,
        "nauc_precision_at_5_diff1": -0.00763,
        "nauc_precision_at_10_max": 0.266901,
        "nauc_precision_at_10_std": 0.565059,
        "nauc_precision_at_10_diff1": -0.01418,
        "nauc_precision_at_20_max": 0.244862,
        "nauc_precision_at_20_std": 0.486627,
        "nauc_precision_at_20_diff1": 0.093674,
        "nauc_precision_at_100_max": 0.151148,
        "nauc_precision_at_100_std": 0.477645,
        "nauc_precision_at_100_diff1": 0.178783,
        "nauc_precision_at_1000_max": 0.026452,
        "nauc_precision_at_1000_std": 0.01269,
        "nauc_precision_at_1000_diff1": 0.187609,
        "nauc_mrr_at_1_max": 0.128253,
        "nauc_mrr_at_1_std": 0.570907,
        "nauc_mrr_at_1_diff1": -0.196467,
        "nauc_mrr_at_3_max": 0.274999,
        "nauc_mrr_at_3_std": 0.529339,
        "nauc_mrr_at_3_diff1": -0.067565,
        "nauc_mrr_at_5_max": 0.284163,
        "nauc_mrr_at_5_std": 0.547774,
        "nauc_mrr_at_5_diff1": -0.062509,
        "nauc_mrr_at_10_max": 0.270999,
        "nauc_mrr_at_10_std": 0.549144,
        "nauc_mrr_at_10_diff1": -0.071804,
        "nauc_mrr_at_20_max": 0.271815,
        "nauc_mrr_at_20_std": 0.543345,
        "nauc_mrr_at_20_diff1": -0.057824,
        "nauc_mrr_at_100_max": 0.275331,
        "nauc_mrr_at_100_std": 0.54514,
        "nauc_mrr_at_100_diff1": -0.055183,
        "nauc_mrr_at_1000_max": 0.274704,
        "nauc_mrr_at_1000_std": 0.54445,
        "nauc_mrr_at_1000_diff1": -0.056084,
        "hit_rate_at_1": 0.065,
        "hit_rate_at_3": 0.195,
        "hit_rate_at_5": 0.235,
        "hit_rate_at_10": 0.355,
        "hit_rate_at_20": 0.445,
        "hit_rate_at_100": 0.645,
        "hit_rate_at_1000": 0.935,
        "main_score": 0.15499,
        "hf_subset": "default",
        "languages": [
          "eng-Latn"
        ]
      }
    ]
  },
  "evaluation_time": 5.446669816970825,
  "kg_co2_emissions": null,
  "date": 1774397056.565095
}