{
  "dataset_revision": "1c61e95df3d70835785db4d70f17d3a16a7bd4ce",
  "task_name": "LLMTempReasonL1",
  "mteb_version": "2.11.6",
  "scores": {
    "test": [
      {
        "ndcg_at_1": 0.01,
        "ndcg_at_3": 0.01,
        "ndcg_at_5": 0.01,
        "ndcg_at_10": 0.0225,
        "ndcg_at_20": 0.02506,
        "ndcg_at_100": 0.03745,
        "ndcg_at_1000": 0.07413,
        "map_at_1": 0.01,
        "map_at_3": 0.01,
        "map_at_5": 0.01,
        "map_at_10": 0.01492,
        "map_at_20": 0.01563,
        "map_at_100": 0.01709,
        "map_at_1000": 0.01814,
        "recall_at_1": 0.01,
        "recall_at_3": 0.01,
        "recall_at_5": 0.01,
        "recall_at_10": 0.05,
        "recall_at_20": 0.06,
        "recall_at_100": 0.13,
        "recall_at_1000": 0.44,
        "accuracy": 0.01,
        "precision_at_1": 0.01,
        "precision_at_3": 0.00333,
        "precision_at_5": 0.002,
        "precision_at_10": 0.005,
        "precision_at_20": 0.003,
        "precision_at_100": 0.0013,
        "precision_at_1000": 0.00044,
        "mrr_at_1": 0.01,
        "mrr_at_3": 0.01,
        "mrr_at_5": 0.01,
        "mrr_at_10": 0.014917,
        "mrr_at_20": 0.015631,
        "mrr_at_100": 0.017093,
        "mrr_at_1000": 0.018136,
        "nauc_ndcg_at_1_max": 0.098471,
        "nauc_ndcg_at_1_std": 1.0,
        "nauc_ndcg_at_1_diff1": -0.205796,
        "nauc_ndcg_at_3_max": 0.098471,
        "nauc_ndcg_at_3_std": 1.0,
        "nauc_ndcg_at_3_diff1": -0.205796,
        "nauc_ndcg_at_5_max": 0.098471,
        "nauc_ndcg_at_5_std": 1.0,
        "nauc_ndcg_at_5_diff1": -0.205796,
        "nauc_ndcg_at_10_max": -0.122477,
        "nauc_ndcg_at_10_std": 0.36956,
        "nauc_ndcg_at_10_diff1": -0.272135,
        "nauc_ndcg_at_20_max": -0.152366,
        "nauc_ndcg_at_20_std": 0.299277,
        "nauc_ndcg_at_20_diff1": -0.29537,
        "nauc_ndcg_at_100_max": -0.141,
        "nauc_ndcg_at_100_std": 0.298997,
        "nauc_ndcg_at_100_diff1": -0.145386,
        "nauc_ndcg_at_1000_max": -0.053422,
        "nauc_ndcg_at_1000_std": 0.287331,
        "nauc_ndcg_at_1000_diff1": -0.052331,
        "nauc_map_at_1_max": 0.098471,
        "nauc_map_at_1_std": 1.0,
        "nauc_map_at_1_diff1": -0.205796,
        "nauc_map_at_3_max": 0.098471,
        "nauc_map_at_3_std": 1.0,
        "nauc_map_at_3_diff1": -0.205796,
        "nauc_map_at_5_max": 0.098471,
        "nauc_map_at_5_std": 1.0,
        "nauc_map_at_5_diff1": -0.205796,
        "nauc_map_at_10_max": -0.033566,
        "nauc_map_at_10_std": 0.61846,
        "nauc_map_at_10_diff1": -0.249715,
        "nauc_map_at_20_max": -0.051,
        "nauc_map_at_20_std": 0.575644,
        "nauc_map_at_20_diff1": -0.261134,
        "nauc_map_at_100_max": -0.052839,
        "nauc_map_at_100_std": 0.561812,
        "nauc_map_at_100_diff1": -0.224688,
        "nauc_map_at_1000_max": -0.04672,
        "nauc_map_at_1000_std": 0.552035,
        "nauc_map_at_1000_diff1": -0.210051,
        "nauc_recall_at_1_max": 0.098471,
        "nauc_recall_at_1_std": 1.0,
        "nauc_recall_at_1_diff1": -0.205796,
        "nauc_recall_at_3_max": 0.098471,
        "nauc_recall_at_3_std": 1.0,
        "nauc_recall_at_3_diff1": -0.205796,
        "nauc_recall_at_5_max": 0.098471,
        "nauc_recall_at_5_std": 1.0,
        "nauc_recall_at_5_diff1": -0.205796,
        "nauc_recall_at_10_max": -0.218514,
        "nauc_recall_at_10_std": 0.103944,
        "nauc_recall_at_10_diff1": -0.294392,
        "nauc_recall_at_20_max": -0.251274,
        "nauc_recall_at_20_std": 0.033539,
        "nauc_recall_at_20_diff1": -0.328593,
        "nauc_recall_at_100_max": -0.191332,
        "nauc_recall_at_100_std": 0.146874,
        "nauc_recall_at_100_diff1": -0.065501,
        "nauc_recall_at_1000_max": -0.011628,
        "nauc_recall_at_1000_std": 0.198648,
        "nauc_recall_at_1000_diff1": 0.050765,
        "nauc_precision_at_1_max": 0.098471,
        "nauc_precision_at_1_std": 1.0,
        "nauc_precision_at_1_diff1": -0.205796,
        "nauc_precision_at_3_max": 0.098471,
        "nauc_precision_at_3_std": 1.0,
        "nauc_precision_at_3_diff1": -0.205796,
        "nauc_precision_at_5_max": 0.098471,
        "nauc_precision_at_5_std": 1.0,
        "nauc_precision_at_5_diff1": -0.205796,
        "nauc_precision_at_10_max": -0.218514,
        "nauc_precision_at_10_std": 0.103944,
        "nauc_precision_at_10_diff1": -0.294392,
        "nauc_precision_at_20_max": -0.251274,
        "nauc_precision_at_20_std": 0.033539,
        "nauc_precision_at_20_diff1": -0.328593,
        "nauc_precision_at_100_max": -0.191332,
        "nauc_precision_at_100_std": 0.146874,
        "nauc_precision_at_100_diff1": -0.065501,
        "nauc_precision_at_1000_max": -0.011628,
        "nauc_precision_at_1000_std": 0.198648,
        "nauc_precision_at_1000_diff1": 0.050765,
        "nauc_mrr_at_1_max": 0.098471,
        "nauc_mrr_at_1_std": 1.0,
        "nauc_mrr_at_1_diff1": -0.205796,
        "nauc_mrr_at_3_max": 0.098471,
        "nauc_mrr_at_3_std": 1.0,
        "nauc_mrr_at_3_diff1": -0.205796,
        "nauc_mrr_at_5_max": 0.098471,
        "nauc_mrr_at_5_std": 1.0,
        "nauc_mrr_at_5_diff1": -0.205796,
        "nauc_mrr_at_10_max": -0.033566,
        "nauc_mrr_at_10_std": 0.61846,
        "nauc_mrr_at_10_diff1": -0.249715,
        "nauc_mrr_at_20_max": -0.051,
        "nauc_mrr_at_20_std": 0.575644,
        "nauc_mrr_at_20_diff1": -0.261134,
        "nauc_mrr_at_100_max": -0.052839,
        "nauc_mrr_at_100_std": 0.561812,
        "nauc_mrr_at_100_diff1": -0.224688,
        "nauc_mrr_at_1000_max": -0.04672,
        "nauc_mrr_at_1000_std": 0.552035,
        "nauc_mrr_at_1000_diff1": -0.210051,
        "hit_rate_at_1": 0.01,
        "hit_rate_at_3": 0.01,
        "hit_rate_at_5": 0.01,
        "hit_rate_at_10": 0.05,
        "hit_rate_at_20": 0.06,
        "hit_rate_at_100": 0.13,
        "hit_rate_at_1000": 0.44,
        "main_score": 0.0225,
        "hf_subset": "default",
        "languages": [
          "eng-Latn"
        ]
      }
    ]
  },
  "evaluation_time": 38.92673850059509,
  "kg_co2_emissions": null,
  "date": 1774397030.138808
}