{
  "dataset_revision": "31f9b918c30ef94e15a168cb95ca4ebf291396eb",
  "task_name": "LLMTwitterHjerneRetrieval",
  "mteb_version": "2.11.6",
  "scores": {
    "train": [
      {
        "ndcg_at_1": 0.90909,
        "ndcg_at_3": 0.75983,
        "ndcg_at_5": 0.7686,
        "ndcg_at_10": 0.81041,
        "ndcg_at_20": 0.83262,
        "ndcg_at_100": 0.85631,
        "ndcg_at_1000": 0.85854,
        "map_at_1": 0.29935,
        "map_at_3": 0.59048,
        "map_at_5": 0.68709,
        "map_at_10": 0.72576,
        "map_at_20": 0.73711,
        "map_at_100": 0.74408,
        "map_at_1000": 0.74433,
        "recall_at_1": 0.29935,
        "recall_at_3": 0.60303,
        "recall_at_5": 0.73766,
        "recall_at_10": 0.83788,
        "recall_at_20": 0.89935,
        "recall_at_100": 0.98918,
        "recall_at_1000": 1.0,
        "accuracy": 0.29935,
        "precision_at_1": 0.90909,
        "precision_at_3": 0.65801,
        "precision_at_5": 0.5013,
        "precision_at_10": 0.28571,
        "precision_at_20": 0.15325,
        "precision_at_100": 0.03364,
        "precision_at_1000": 0.0034,
        "mrr_at_1": 0.909091,
        "mrr_at_3": 0.917749,
        "mrr_at_5": 0.92619,
        "mrr_at_10": 0.929344,
        "mrr_at_20": 0.929344,
        "mrr_at_100": 0.929344,
        "mrr_at_1000": 0.929344,
        "nauc_ndcg_at_1_max": 0.878023,
        "nauc_ndcg_at_1_std": 0.23373,
        "nauc_ndcg_at_1_diff1": 0.86236,
        "nauc_ndcg_at_3_max": 0.655991,
        "nauc_ndcg_at_3_std": 0.142325,
        "nauc_ndcg_at_3_diff1": 0.241064,
        "nauc_ndcg_at_5_max": 0.640843,
        "nauc_ndcg_at_5_std": 0.133633,
        "nauc_ndcg_at_5_diff1": 0.228142,
        "nauc_ndcg_at_10_max": 0.646373,
        "nauc_ndcg_at_10_std": 0.096624,
        "nauc_ndcg_at_10_diff1": 0.204433,
        "nauc_ndcg_at_20_max": 0.653915,
        "nauc_ndcg_at_20_std": 0.093583,
        "nauc_ndcg_at_20_diff1": 0.205568,
        "nauc_ndcg_at_100_max": 0.675992,
        "nauc_ndcg_at_100_std": 0.138814,
        "nauc_ndcg_at_100_diff1": 0.244217,
        "nauc_ndcg_at_1000_max": 0.677072,
        "nauc_ndcg_at_1000_std": 0.131413,
        "nauc_ndcg_at_1000_diff1": 0.257411,
        "nauc_map_at_1_max": 0.019329,
        "nauc_map_at_1_std": -0.239796,
        "nauc_map_at_1_diff1": 0.274826,
        "nauc_map_at_3_max": 0.448326,
        "nauc_map_at_3_std": -0.060186,
        "nauc_map_at_3_diff1": 0.267977,
        "nauc_map_at_5_max": 0.589201,
        "nauc_map_at_5_std": 0.079796,
        "nauc_map_at_5_diff1": 0.201194,
        "nauc_map_at_10_max": 0.617079,
        "nauc_map_at_10_std": 0.088174,
        "nauc_map_at_10_diff1": 0.176003,
        "nauc_map_at_20_max": 0.620185,
        "nauc_map_at_20_std": 0.087963,
        "nauc_map_at_20_diff1": 0.173764,
        "nauc_map_at_100_max": 0.623785,
        "nauc_map_at_100_std": 0.098464,
        "nauc_map_at_100_diff1": 0.177619,
        "nauc_map_at_1000_max": 0.623823,
        "nauc_map_at_1000_std": 0.097874,
        "nauc_map_at_1000_diff1": 0.178586,
        "nauc_recall_at_1_max": 0.019329,
        "nauc_recall_at_1_std": -0.239796,
        "nauc_recall_at_1_diff1": 0.274826,
        "nauc_recall_at_3_max": 0.425948,
        "nauc_recall_at_3_std": -0.08262,
        "nauc_recall_at_3_diff1": 0.257228,
        "nauc_recall_at_5_max": 0.565409,
        "nauc_recall_at_5_std": 0.109809,
        "nauc_recall_at_5_diff1": 0.157739,
        "nauc_recall_at_10_max": 0.542864,
        "nauc_recall_at_10_std": 0.024747,
        "nauc_recall_at_10_diff1": 0.023643,
        "nauc_recall_at_20_max": 0.509553,
        "nauc_recall_at_20_std": -0.045766,
        "nauc_recall_at_20_diff1": -0.063634,
        "nauc_recall_at_100_max": 0.533367,
        "nauc_recall_at_100_std": 0.480858,
        "nauc_recall_at_100_diff1": -0.442191,
        "nauc_recall_at_1000_max": NaN,
        "nauc_recall_at_1000_std": NaN,
        "nauc_recall_at_1000_diff1": NaN,
        "nauc_precision_at_1_max": 0.878023,
        "nauc_precision_at_1_std": 0.23373,
        "nauc_precision_at_1_diff1": 0.86236,
        "nauc_precision_at_3_max": 0.632538,
        "nauc_precision_at_3_std": 0.247734,
        "nauc_precision_at_3_diff1": 0.116145,
        "nauc_precision_at_5_max": 0.522921,
        "nauc_precision_at_5_std": 0.337601,
        "nauc_precision_at_5_diff1": -0.041247,
        "nauc_precision_at_10_max": 0.431259,
        "nauc_precision_at_10_std": 0.314064,
        "nauc_precision_at_10_diff1": -0.105861,
        "nauc_precision_at_20_max": 0.372955,
        "nauc_precision_at_20_std": 0.325243,
        "nauc_precision_at_20_diff1": -0.14373,
        "nauc_precision_at_100_max": 0.271281,
        "nauc_precision_at_100_std": 0.385743,
        "nauc_precision_at_100_diff1": -0.121619,
        "nauc_precision_at_1000_max": 0.250289,
        "nauc_precision_at_1000_std": 0.370923,
        "nauc_precision_at_1000_diff1": -0.111203,
        "nauc_mrr_at_1_max": 0.878023,
        "nauc_mrr_at_1_std": 0.23373,
        "nauc_mrr_at_1_diff1": 0.86236,
        "nauc_mrr_at_3_max": 0.879783,
        "nauc_mrr_at_3_std": 0.222518,
        "nauc_mrr_at_3_diff1": 0.847872,
        "nauc_mrr_at_5_max": 0.88632,
        "nauc_mrr_at_5_std": 0.278994,
        "nauc_mrr_at_5_diff1": 0.849996,
        "nauc_mrr_at_10_max": 0.881245,
        "nauc_mrr_at_10_std": 0.250256,
        "nauc_mrr_at_10_diff1": 0.852998,
        "nauc_mrr_at_20_max": 0.881245,
        "nauc_mrr_at_20_std": 0.250256,
        "nauc_mrr_at_20_diff1": 0.852998,
        "nauc_mrr_at_100_max": 0.881245,
        "nauc_mrr_at_100_std": 0.250256,
        "nauc_mrr_at_100_diff1": 0.852998,
        "nauc_mrr_at_1000_max": 0.881245,
        "nauc_mrr_at_1000_std": 0.250256,
        "nauc_mrr_at_1000_diff1": 0.852998,
        "hit_rate_at_1": 0.90909,
        "hit_rate_at_3": 0.93506,
        "hit_rate_at_5": 0.97403,
        "hit_rate_at_10": 1.0,
        "hit_rate_at_20": 1.0,
        "hit_rate_at_100": 1.0,
        "hit_rate_at_1000": 1.0,
        "main_score": 0.81041,
        "hf_subset": "default",
        "languages": [
          "dan-Latn"
        ]
      }
    ]
  },
  "evaluation_time": 1.3305540084838867,
  "kg_co2_emissions": null,
  "date": 1774397059.896664
}