{
  "dataset_revision": "bc2a1e4c24771a6f3432578016cfb737732398fd",
  "task_name": "LLMWinoGrande",
  "mteb_version": "2.11.6",
  "scores": {
    "test": [
      {
        "ndcg_at_1": 0.415,
        "ndcg_at_3": 0.52768,
        "ndcg_at_5": 0.56662,
        "ndcg_at_10": 0.5999,
        "ndcg_at_20": 0.61995,
        "ndcg_at_100": 0.63819,
        "ndcg_at_1000": 0.64112,
        "map_at_1": 0.415,
        "map_at_3": 0.50083,
        "map_at_5": 0.52233,
        "map_at_10": 0.53663,
        "map_at_20": 0.54203,
        "map_at_100": 0.54483,
        "map_at_1000": 0.54491,
        "recall_at_1": 0.415,
        "recall_at_3": 0.605,
        "recall_at_5": 0.7,
        "recall_at_10": 0.8,
        "recall_at_20": 0.88,
        "recall_at_100": 0.975,
        "recall_at_1000": 1.0,
        "accuracy": 0.415,
        "precision_at_1": 0.415,
        "precision_at_3": 0.20167,
        "precision_at_5": 0.14,
        "precision_at_10": 0.08,
        "precision_at_20": 0.044,
        "precision_at_100": 0.00975,
        "precision_at_1000": 0.001,
        "mrr_at_1": 0.415,
        "mrr_at_3": 0.500833,
        "mrr_at_5": 0.522333,
        "mrr_at_10": 0.536627,
        "mrr_at_20": 0.542029,
        "mrr_at_100": 0.544827,
        "mrr_at_1000": 0.544908,
        "nauc_ndcg_at_1_max": 0.046723,
        "nauc_ndcg_at_1_std": -0.0396,
        "nauc_ndcg_at_1_diff1": 0.262682,
        "nauc_ndcg_at_3_max": 0.06134,
        "nauc_ndcg_at_3_std": 0.039797,
        "nauc_ndcg_at_3_diff1": 0.223348,
        "nauc_ndcg_at_5_max": 0.044017,
        "nauc_ndcg_at_5_std": 0.025512,
        "nauc_ndcg_at_5_diff1": 0.210769,
        "nauc_ndcg_at_10_max": 0.059213,
        "nauc_ndcg_at_10_std": 0.02932,
        "nauc_ndcg_at_10_diff1": 0.246089,
        "nauc_ndcg_at_20_max": 0.048851,
        "nauc_ndcg_at_20_std": 0.023909,
        "nauc_ndcg_at_20_diff1": 0.234921,
        "nauc_ndcg_at_100_max": 0.054396,
        "nauc_ndcg_at_100_std": 0.033487,
        "nauc_ndcg_at_100_diff1": 0.237204,
        "nauc_ndcg_at_1000_max": 0.053047,
        "nauc_ndcg_at_1000_std": 0.025328,
        "nauc_ndcg_at_1000_diff1": 0.237696,
        "nauc_map_at_1_max": 0.046723,
        "nauc_map_at_1_std": -0.0396,
        "nauc_map_at_1_diff1": 0.262682,
        "nauc_map_at_3_max": 0.058779,
        "nauc_map_at_3_std": 0.022205,
        "nauc_map_at_3_diff1": 0.233287,
        "nauc_map_at_5_max": 0.04815,
        "nauc_map_at_5_std": 0.012699,
        "nauc_map_at_5_diff1": 0.227374,
        "nauc_map_at_10_max": 0.054211,
        "nauc_map_at_10_std": 0.013824,
        "nauc_map_at_10_diff1": 0.242513,
        "nauc_map_at_20_max": 0.052023,
        "nauc_map_at_20_std": 0.012648,
        "nauc_map_at_20_diff1": 0.239879,
        "nauc_map_at_100_max": 0.052786,
        "nauc_map_at_100_std": 0.014457,
        "nauc_map_at_100_diff1": 0.240055,
        "nauc_map_at_1000_max": 0.052694,
        "nauc_map_at_1000_std": 0.014254,
        "nauc_map_at_1000_diff1": 0.240048,
        "nauc_recall_at_1_max": 0.046723,
        "nauc_recall_at_1_std": -0.0396,
        "nauc_recall_at_1_diff1": 0.262682,
        "nauc_recall_at_3_max": 0.068861,
        "nauc_recall_at_3_std": 0.093881,
        "nauc_recall_at_3_diff1": 0.192157,
        "nauc_recall_at_5_max": 0.027337,
        "nauc_recall_at_5_std": 0.070303,
        "nauc_recall_at_5_diff1": 0.147343,
        "nauc_recall_at_10_max": 0.090222,
        "nauc_recall_at_10_std": 0.104358,
        "nauc_recall_at_10_diff1": 0.277597,
        "nauc_recall_at_20_max": 0.008193,
        "nauc_recall_at_20_std": 0.093342,
        "nauc_recall_at_20_diff1": 0.193764,
        "nauc_recall_at_100_max": 0.128945,
        "nauc_recall_at_100_std": 0.716713,
        "nauc_recall_at_100_diff1": 0.182166,
        "nauc_recall_at_1000_max": NaN,
        "nauc_recall_at_1000_std": NaN,
        "nauc_recall_at_1000_diff1": NaN,
        "nauc_precision_at_1_max": 0.046723,
        "nauc_precision_at_1_std": -0.0396,
        "nauc_precision_at_1_diff1": 0.262682,
        "nauc_precision_at_3_max": 0.068861,
        "nauc_precision_at_3_std": 0.093881,
        "nauc_precision_at_3_diff1": 0.192157,
        "nauc_precision_at_5_max": 0.027337,
        "nauc_precision_at_5_std": 0.070303,
        "nauc_precision_at_5_diff1": 0.147343,
        "nauc_precision_at_10_max": 0.090222,
        "nauc_precision_at_10_std": 0.104358,
        "nauc_precision_at_10_diff1": 0.277597,
        "nauc_precision_at_20_max": 0.008193,
        "nauc_precision_at_20_std": 0.093342,
        "nauc_precision_at_20_diff1": 0.193764,
        "nauc_precision_at_100_max": 0.128945,
        "nauc_precision_at_100_std": 0.716713,
        "nauc_precision_at_100_diff1": 0.182166,
        "nauc_precision_at_1000_max": 1.0,
        "nauc_precision_at_1000_std": 1.0,
        "nauc_precision_at_1000_diff1": 1.0,
        "nauc_mrr_at_1_max": 0.046723,
        "nauc_mrr_at_1_std": -0.0396,
        "nauc_mrr_at_1_diff1": 0.262682,
        "nauc_mrr_at_3_max": 0.058779,
        "nauc_mrr_at_3_std": 0.022205,
        "nauc_mrr_at_3_diff1": 0.233287,
        "nauc_mrr_at_5_max": 0.04815,
        "nauc_mrr_at_5_std": 0.012699,
        "nauc_mrr_at_5_diff1": 0.227374,
        "nauc_mrr_at_10_max": 0.054211,
        "nauc_mrr_at_10_std": 0.013824,
        "nauc_mrr_at_10_diff1": 0.242513,
        "nauc_mrr_at_20_max": 0.052023,
        "nauc_mrr_at_20_std": 0.012648,
        "nauc_mrr_at_20_diff1": 0.239879,
        "nauc_mrr_at_100_max": 0.052786,
        "nauc_mrr_at_100_std": 0.014457,
        "nauc_mrr_at_100_diff1": 0.240055,
        "nauc_mrr_at_1000_max": 0.052694,
        "nauc_mrr_at_1000_std": 0.014254,
        "nauc_mrr_at_1000_diff1": 0.240048,
        "hit_rate_at_1": 0.415,
        "hit_rate_at_3": 0.605,
        "hit_rate_at_5": 0.7,
        "hit_rate_at_10": 0.8,
        "hit_rate_at_20": 0.88,
        "hit_rate_at_100": 0.975,
        "hit_rate_at_1000": 1.0,
        "main_score": 0.5999,
        "hf_subset": "default",
        "languages": [
          "eng-Latn"
        ]
      }
    ]
  },
  "evaluation_time": 12.32448935508728,
  "kg_co2_emissions": null,
  "date": 1774397074.089568
}