{
  "dataset_revision": "a2acf12d293ea934823ca26752a05c5bfab24dff",
  "task_name": "LLMAILAStatutes",
  "mteb_version": "2.11.6",
  "scores": {
    "test": [
      {
        "ndcg_at_1": 0.24,
        "ndcg_at_3": 0.20609,
        "ndcg_at_5": 0.22652,
        "ndcg_at_10": 0.31422,
        "ndcg_at_20": 0.40252,
        "ndcg_at_100": 0.51773,
        "ndcg_at_1000": 0.51773,
        "map_at_1": 0.054,
        "map_at_3": 0.1075,
        "map_at_5": 0.1459,
        "map_at_10": 0.19376,
        "map_at_20": 0.23113,
        "map_at_100": 0.26759,
        "map_at_1000": 0.26759,
        "recall_at_1": 0.054,
        "recall_at_3": 0.137,
        "recall_at_5": 0.232,
        "recall_at_10": 0.39867,
        "recall_at_20": 0.61733,
        "recall_at_100": 1.0,
        "recall_at_1000": 1.0,
        "accuracy": 0.054,
        "precision_at_1": 0.24,
        "precision_at_3": 0.18667,
        "precision_at_5": 0.2,
        "precision_at_10": 0.176,
        "precision_at_20": 0.135,
        "precision_at_100": 0.0434,
        "precision_at_1000": 0.00434,
        "mrr_at_1": 0.24,
        "mrr_at_3": 0.326667,
        "mrr_at_5": 0.370667,
        "mrr_at_10": 0.399651,
        "mrr_at_20": 0.41189,
        "mrr_at_100": 0.41189,
        "mrr_at_1000": 0.41189,
        "nauc_ndcg_at_1_max": 0.441409,
        "nauc_ndcg_at_1_std": 0.193206,
        "nauc_ndcg_at_1_diff1": 0.110382,
        "nauc_ndcg_at_3_max": 0.584807,
        "nauc_ndcg_at_3_std": 0.327567,
        "nauc_ndcg_at_3_diff1": 0.192442,
        "nauc_ndcg_at_5_max": 0.57463,
        "nauc_ndcg_at_5_std": 0.325889,
        "nauc_ndcg_at_5_diff1": 0.195903,
        "nauc_ndcg_at_10_max": 0.506128,
        "nauc_ndcg_at_10_std": 0.377765,
        "nauc_ndcg_at_10_diff1": 0.137017,
        "nauc_ndcg_at_20_max": 0.423622,
        "nauc_ndcg_at_20_std": 0.316314,
        "nauc_ndcg_at_20_diff1": 0.126233,
        "nauc_ndcg_at_100_max": 0.480422,
        "nauc_ndcg_at_100_std": 0.310337,
        "nauc_ndcg_at_100_diff1": 0.162645,
        "nauc_ndcg_at_1000_max": 0.480422,
        "nauc_ndcg_at_1000_std": 0.310337,
        "nauc_ndcg_at_1000_diff1": 0.162645,
        "nauc_map_at_1_max": 0.427463,
        "nauc_map_at_1_std": 0.198425,
        "nauc_map_at_1_diff1": 0.075053,
        "nauc_map_at_3_max": 0.604361,
        "nauc_map_at_3_std": 0.354373,
        "nauc_map_at_3_diff1": 0.182184,
        "nauc_map_at_5_max": 0.601194,
        "nauc_map_at_5_std": 0.347879,
        "nauc_map_at_5_diff1": 0.222891,
        "nauc_map_at_10_max": 0.546902,
        "nauc_map_at_10_std": 0.381746,
        "nauc_map_at_10_diff1": 0.168757,
        "nauc_map_at_20_max": 0.488127,
        "nauc_map_at_20_std": 0.344124,
        "nauc_map_at_20_diff1": 0.147928,
        "nauc_map_at_100_max": 0.501207,
        "nauc_map_at_100_std": 0.34663,
        "nauc_map_at_100_diff1": 0.165172,
        "nauc_map_at_1000_max": 0.501207,
        "nauc_map_at_1000_std": 0.34663,
        "nauc_map_at_1000_diff1": 0.165172,
        "nauc_recall_at_1_max": 0.427463,
        "nauc_recall_at_1_std": 0.198425,
        "nauc_recall_at_1_diff1": 0.075053,
        "nauc_recall_at_3_max": 0.659893,
        "nauc_recall_at_3_std": 0.401749,
        "nauc_recall_at_3_diff1": 0.178922,
        "nauc_recall_at_5_max": 0.571007,
        "nauc_recall_at_5_std": 0.348732,
        "nauc_recall_at_5_diff1": 0.198818,
        "nauc_recall_at_10_max": 0.42487,
        "nauc_recall_at_10_std": 0.424583,
        "nauc_recall_at_10_diff1": 0.088109,
        "nauc_recall_at_20_max": 0.160715,
        "nauc_recall_at_20_std": 0.254587,
        "nauc_recall_at_20_diff1": 0.028736,
        "nauc_recall_at_100_max": NaN,
        "nauc_recall_at_100_std": NaN,
        "nauc_recall_at_100_diff1": NaN,
        "nauc_recall_at_1000_max": NaN,
        "nauc_recall_at_1000_std": NaN,
        "nauc_recall_at_1000_diff1": NaN,
        "nauc_precision_at_1_max": 0.441409,
        "nauc_precision_at_1_std": 0.193206,
        "nauc_precision_at_1_diff1": 0.110382,
        "nauc_precision_at_3_max": 0.596726,
        "nauc_precision_at_3_std": 0.366306,
        "nauc_precision_at_3_diff1": 0.199319,
        "nauc_precision_at_5_max": 0.501378,
        "nauc_precision_at_5_std": 0.29912,
        "nauc_precision_at_5_diff1": 0.215695,
        "nauc_precision_at_10_max": 0.325191,
        "nauc_precision_at_10_std": 0.356971,
        "nauc_precision_at_10_diff1": 0.105076,
        "nauc_precision_at_20_max": 0.07919,
        "nauc_precision_at_20_std": 0.177925,
        "nauc_precision_at_20_diff1": 0.105835,
        "nauc_precision_at_100_max": -0.236128,
        "nauc_precision_at_100_std": -0.182269,
        "nauc_precision_at_100_diff1": 0.200582,
        "nauc_precision_at_1000_max": -0.236128,
        "nauc_precision_at_1000_std": -0.182269,
        "nauc_precision_at_1000_diff1": 0.200582,
        "nauc_mrr_at_1_max": 0.441409,
        "nauc_mrr_at_1_std": 0.193206,
        "nauc_mrr_at_1_diff1": 0.110382,
        "nauc_mrr_at_3_max": 0.536494,
        "nauc_mrr_at_3_std": 0.262933,
        "nauc_mrr_at_3_diff1": 0.14834,
        "nauc_mrr_at_5_max": 0.51638,
        "nauc_mrr_at_5_std": 0.263358,
        "nauc_mrr_at_5_diff1": 0.136975,
        "nauc_mrr_at_10_max": 0.50371,
        "nauc_mrr_at_10_std": 0.265392,
        "nauc_mrr_at_10_diff1": 0.122105,
        "nauc_mrr_at_20_max": 0.506743,
        "nauc_mrr_at_20_std": 0.256695,
        "nauc_mrr_at_20_diff1": 0.12623,
        "nauc_mrr_at_100_max": 0.506743,
        "nauc_mrr_at_100_std": 0.256695,
        "nauc_mrr_at_100_diff1": 0.12623,
        "nauc_mrr_at_1000_max": 0.506743,
        "nauc_mrr_at_1000_std": 0.256695,
        "nauc_mrr_at_1000_diff1": 0.12623,
        "hit_rate_at_1": 0.24,
        "hit_rate_at_3": 0.42,
        "hit_rate_at_5": 0.62,
        "hit_rate_at_10": 0.84,
        "hit_rate_at_20": 1.0,
        "hit_rate_at_100": 1.0,
        "hit_rate_at_1000": 1.0,
        "main_score": 0.31422,
        "hf_subset": "default",
        "languages": [
          "eng-Latn"
        ]
      }
    ]
  },
  "evaluation_time": 2.348629951477051,
  "kg_co2_emissions": null,
  "date": 1774376726.340651
}