{
  "dataset_revision": "300cb175d1b608cfc3fdb94fd06b3ceb937f9b6a",
  "task_name": "LLMLegalBenchCorporateLobbying",
  "mteb_version": "2.11.6",
  "scores": {
    "test": [
      {
        "ndcg_at_1": 0.89118,
        "ndcg_at_3": 0.94492,
        "ndcg_at_5": 0.9472,
        "ndcg_at_10": 0.94911,
        "ndcg_at_20": 0.94982,
        "ndcg_at_100": 0.94982,
        "ndcg_at_1000": 0.95061,
        "map_at_1": 0.89118,
        "map_at_3": 0.93284,
        "map_at_5": 0.93402,
        "map_at_10": 0.93481,
        "map_at_20": 0.93499,
        "map_at_100": 0.93499,
        "map_at_1000": 0.93503,
        "recall_at_1": 0.89118,
        "recall_at_3": 0.97941,
        "recall_at_5": 0.98529,
        "recall_at_10": 0.99118,
        "recall_at_20": 0.99412,
        "recall_at_100": 0.99412,
        "recall_at_1000": 1.0,
        "accuracy": 0.89118,
        "precision_at_1": 0.89118,
        "precision_at_3": 0.32647,
        "precision_at_5": 0.19706,
        "precision_at_10": 0.09912,
        "precision_at_20": 0.04971,
        "precision_at_100": 0.00994,
        "precision_at_1000": 0.001,
        "mrr_at_1": 0.891176,
        "mrr_at_3": 0.932843,
        "mrr_at_5": 0.93402,
        "mrr_at_10": 0.934807,
        "mrr_at_20": 0.934991,
        "mrr_at_100": 0.934991,
        "mrr_at_1000": 0.935027,
        "nauc_ndcg_at_1_max": 0.621662,
        "nauc_ndcg_at_1_std": -0.115974,
        "nauc_ndcg_at_1_diff1": 0.892443,
        "nauc_ndcg_at_3_max": 0.661791,
        "nauc_ndcg_at_3_std": -0.173489,
        "nauc_ndcg_at_3_diff1": 0.895135,
        "nauc_ndcg_at_5_max": 0.659622,
        "nauc_ndcg_at_5_std": -0.130988,
        "nauc_ndcg_at_5_diff1": 0.896258,
        "nauc_ndcg_at_10_max": 0.649291,
        "nauc_ndcg_at_10_std": -0.120525,
        "nauc_ndcg_at_10_diff1": 0.894738,
        "nauc_ndcg_at_20_max": 0.644219,
        "nauc_ndcg_at_20_std": -0.134842,
        "nauc_ndcg_at_20_diff1": 0.893216,
        "nauc_ndcg_at_100_max": 0.644219,
        "nauc_ndcg_at_100_std": -0.134842,
        "nauc_ndcg_at_100_diff1": 0.893216,
        "nauc_ndcg_at_1000_max": 0.646238,
        "nauc_ndcg_at_1000_std": -0.128914,
        "nauc_ndcg_at_1000_diff1": 0.89395,
        "nauc_map_at_1_max": 0.621662,
        "nauc_map_at_1_std": -0.115974,
        "nauc_map_at_1_diff1": 0.892443,
        "nauc_map_at_3_max": 0.649347,
        "nauc_map_at_3_std": -0.14792,
        "nauc_map_at_3_diff1": 0.894144,
        "nauc_map_at_5_max": 0.648225,
        "nauc_map_at_5_std": -0.129864,
        "nauc_map_at_5_diff1": 0.894592,
        "nauc_map_at_10_max": 0.644786,
        "nauc_map_at_10_std": -0.125823,
        "nauc_map_at_10_diff1": 0.89405,
        "nauc_map_at_20_max": 0.643772,
        "nauc_map_at_20_std": -0.128662,
        "nauc_map_at_20_diff1": 0.893748,
        "nauc_map_at_100_max": 0.643772,
        "nauc_map_at_100_std": -0.128662,
        "nauc_map_at_100_diff1": 0.893748,
        "nauc_map_at_1000_max": 0.643933,
        "nauc_map_at_1000_std": -0.128168,
        "nauc_map_at_1000_diff1": 0.893802,
        "nauc_recall_at_1_max": 0.621662,
        "nauc_recall_at_1_std": -0.115974,
        "nauc_recall_at_1_diff1": 0.892443,
        "nauc_recall_at_3_max": 0.773643,
        "nauc_recall_at_3_std": -0.4163,
        "nauc_recall_at_3_diff1": 0.904295,
        "nauc_recall_at_5_max": 0.798413,
        "nauc_recall_at_5_std": -0.122129,
        "nauc_recall_at_5_diff1": 0.918301,
        "nauc_recall_at_10_max": 0.707594,
        "nauc_recall_at_10_std": 0.043106,
        "nauc_recall_at_10_diff1": 0.907407,
        "nauc_recall_at_20_max": 0.561391,
        "nauc_recall_at_20_std": -0.369981,
        "nauc_recall_at_20_diff1": 0.861111,
        "nauc_recall_at_100_max": 0.561391,
        "nauc_recall_at_100_std": -0.369981,
        "nauc_recall_at_100_diff1": 0.861111,
        "nauc_recall_at_1000_max": NaN,
        "nauc_recall_at_1000_std": NaN,
        "nauc_recall_at_1000_diff1": NaN,
        "nauc_precision_at_1_max": 0.621662,
        "nauc_precision_at_1_std": -0.115974,
        "nauc_precision_at_1_diff1": 0.892443,
        "nauc_precision_at_3_max": 0.773643,
        "nauc_precision_at_3_std": -0.4163,
        "nauc_precision_at_3_diff1": 0.904295,
        "nauc_precision_at_5_max": 0.798413,
        "nauc_precision_at_5_std": -0.122129,
        "nauc_precision_at_5_diff1": 0.918301,
        "nauc_precision_at_10_max": 0.707594,
        "nauc_precision_at_10_std": 0.043106,
        "nauc_precision_at_10_diff1": 0.907407,
        "nauc_precision_at_20_max": 0.561391,
        "nauc_precision_at_20_std": -0.369981,
        "nauc_precision_at_20_diff1": 0.861111,
        "nauc_precision_at_100_max": 0.561391,
        "nauc_precision_at_100_std": -0.369981,
        "nauc_precision_at_100_diff1": 0.861111,
        "nauc_precision_at_1000_max": 1.0,
        "nauc_precision_at_1000_std": 1.0,
        "nauc_precision_at_1000_diff1": 1.0,
        "nauc_mrr_at_1_max": 0.621662,
        "nauc_mrr_at_1_std": -0.115974,
        "nauc_mrr_at_1_diff1": 0.892443,
        "nauc_mrr_at_3_max": 0.649347,
        "nauc_mrr_at_3_std": -0.14792,
        "nauc_mrr_at_3_diff1": 0.894144,
        "nauc_mrr_at_5_max": 0.648225,
        "nauc_mrr_at_5_std": -0.129864,
        "nauc_mrr_at_5_diff1": 0.894592,
        "nauc_mrr_at_10_max": 0.644786,
        "nauc_mrr_at_10_std": -0.125823,
        "nauc_mrr_at_10_diff1": 0.89405,
        "nauc_mrr_at_20_max": 0.643772,
        "nauc_mrr_at_20_std": -0.128662,
        "nauc_mrr_at_20_diff1": 0.893748,
        "nauc_mrr_at_100_max": 0.643772,
        "nauc_mrr_at_100_std": -0.128662,
        "nauc_mrr_at_100_diff1": 0.893748,
        "nauc_mrr_at_1000_max": 0.643933,
        "nauc_mrr_at_1000_std": -0.128168,
        "nauc_mrr_at_1000_diff1": 0.893802,
        "hit_rate_at_1": 0.89118,
        "hit_rate_at_3": 0.97941,
        "hit_rate_at_5": 0.98529,
        "hit_rate_at_10": 0.99118,
        "hit_rate_at_20": 0.99412,
        "hit_rate_at_100": 0.99412,
        "hit_rate_at_1000": 1.0,
        "main_score": 0.94911,
        "hf_subset": "default",
        "languages": [
          "eng-Latn"
        ]
      }
    ]
  },
  "evaluation_time": 3.1544597148895264,
  "kg_co2_emissions": null,
  "date": 1774376731.465679
}