{
  "dataset_revision": "d6628df131c3279007b88fe3e057e809dac056af",
  "task_name": "LLMSpartQA",
  "mteb_version": "2.11.6",
  "scores": {
    "test": [
      {
        "ndcg_at_1": 0.07,
        "ndcg_at_3": 0.11956,
        "ndcg_at_5": 0.14798,
        "ndcg_at_10": 0.16749,
        "ndcg_at_20": 0.17806,
        "ndcg_at_100": 0.18649,
        "ndcg_at_1000": 0.23411,
        "map_at_1": 0.06,
        "map_at_3": 0.10028,
        "map_at_5": 0.11653,
        "map_at_10": 0.12386,
        "map_at_20": 0.12686,
        "map_at_100": 0.12785,
        "map_at_1000": 0.12905,
        "recall_at_1": 0.06,
        "recall_at_3": 0.145,
        "recall_at_5": 0.20667,
        "recall_at_10": 0.265,
        "recall_at_20": 0.30167,
        "recall_at_100": 0.34,
        "recall_at_1000": 0.69,
        "accuracy": 0.06,
        "precision_at_1": 0.07,
        "precision_at_3": 0.06833,
        "precision_at_5": 0.06,
        "precision_at_10": 0.0375,
        "precision_at_20": 0.02175,
        "precision_at_100": 0.0051,
        "precision_at_1000": 0.00116,
        "mrr_at_1": 0.07,
        "mrr_at_3": 0.130833,
        "mrr_at_5": 0.147083,
        "mrr_at_10": 0.156615,
        "mrr_at_20": 0.159725,
        "mrr_at_100": 0.161418,
        "mrr_at_1000": 0.162669,
        "nauc_ndcg_at_1_max": 0.533137,
        "nauc_ndcg_at_1_std": 0.378129,
        "nauc_ndcg_at_1_diff1": -0.366323,
        "nauc_ndcg_at_3_max": 0.458879,
        "nauc_ndcg_at_3_std": 0.393304,
        "nauc_ndcg_at_3_diff1": -0.291265,
        "nauc_ndcg_at_5_max": 0.480554,
        "nauc_ndcg_at_5_std": 0.4134,
        "nauc_ndcg_at_5_diff1": -0.217304,
        "nauc_ndcg_at_10_max": 0.497469,
        "nauc_ndcg_at_10_std": 0.40451,
        "nauc_ndcg_at_10_diff1": -0.13953,
        "nauc_ndcg_at_20_max": 0.510321,
        "nauc_ndcg_at_20_std": 0.390659,
        "nauc_ndcg_at_20_diff1": -0.122993,
        "nauc_ndcg_at_100_max": 0.503762,
        "nauc_ndcg_at_100_std": 0.374221,
        "nauc_ndcg_at_100_diff1": -0.123633,
        "nauc_ndcg_at_1000_max": 0.496059,
        "nauc_ndcg_at_1000_std": 0.413161,
        "nauc_ndcg_at_1000_diff1": -0.141563,
        "nauc_map_at_1_max": 0.511672,
        "nauc_map_at_1_std": 0.371523,
        "nauc_map_at_1_diff1": -0.366321,
        "nauc_map_at_3_max": 0.461326,
        "nauc_map_at_3_std": 0.380943,
        "nauc_map_at_3_diff1": -0.310579,
        "nauc_map_at_5_max": 0.477132,
        "nauc_map_at_5_std": 0.39703,
        "nauc_map_at_5_diff1": -0.26363,
        "nauc_map_at_10_max": 0.488726,
        "nauc_map_at_10_std": 0.394413,
        "nauc_map_at_10_diff1": -0.223817,
        "nauc_map_at_20_max": 0.492501,
        "nauc_map_at_20_std": 0.390963,
        "nauc_map_at_20_diff1": -0.219543,
        "nauc_map_at_100_max": 0.491735,
        "nauc_map_at_100_std": 0.388769,
        "nauc_map_at_100_diff1": -0.219176,
        "nauc_map_at_1000_max": 0.490755,
        "nauc_map_at_1000_std": 0.390827,
        "nauc_map_at_1000_diff1": -0.219308,
        "nauc_recall_at_1_max": 0.511672,
        "nauc_recall_at_1_std": 0.371523,
        "nauc_recall_at_1_diff1": -0.366321,
        "nauc_recall_at_3_max": 0.438946,
        "nauc_recall_at_3_std": 0.381971,
        "nauc_recall_at_3_diff1": -0.264474,
        "nauc_recall_at_5_max": 0.469385,
        "nauc_recall_at_5_std": 0.405405,
        "nauc_recall_at_5_diff1": -0.138303,
        "nauc_recall_at_10_max": 0.48873,
        "nauc_recall_at_10_std": 0.372774,
        "nauc_recall_at_10_diff1": 0.02601,
        "nauc_recall_at_20_max": 0.515575,
        "nauc_recall_at_20_std": 0.33098,
        "nauc_recall_at_20_diff1": 0.062593,
        "nauc_recall_at_100_max": 0.485053,
        "nauc_recall_at_100_std": 0.273523,
        "nauc_recall_at_100_diff1": 0.069344,
        "nauc_recall_at_1000_max": 0.360704,
        "nauc_recall_at_1000_std": 0.363745,
        "nauc_recall_at_1000_diff1": -0.015217,
        "nauc_precision_at_1_max": 0.533137,
        "nauc_precision_at_1_std": 0.378129,
        "nauc_precision_at_1_diff1": -0.366323,
        "nauc_precision_at_3_max": 0.468446,
        "nauc_precision_at_3_std": 0.450485,
        "nauc_precision_at_3_diff1": -0.240253,
        "nauc_precision_at_5_max": 0.484847,
        "nauc_precision_at_5_std": 0.470651,
        "nauc_precision_at_5_diff1": -0.107417,
        "nauc_precision_at_10_max": 0.495328,
        "nauc_precision_at_10_std": 0.443763,
        "nauc_precision_at_10_diff1": 0.013127,
        "nauc_precision_at_20_max": 0.487046,
        "nauc_precision_at_20_std": 0.390553,
        "nauc_precision_at_20_diff1": 0.044046,
        "nauc_precision_at_100_max": 0.448953,
        "nauc_precision_at_100_std": 0.312518,
        "nauc_precision_at_100_diff1": 0.011775,
        "nauc_precision_at_1000_max": 0.1325,
        "nauc_precision_at_1000_std": 0.271193,
        "nauc_precision_at_1000_diff1": 0.070399,
        "nauc_mrr_at_1_max": 0.533137,
        "nauc_mrr_at_1_std": 0.378129,
        "nauc_mrr_at_1_diff1": -0.366323,
        "nauc_mrr_at_3_max": 0.470358,
        "nauc_mrr_at_3_std": 0.413817,
        "nauc_mrr_at_3_diff1": -0.289513,
        "nauc_mrr_at_5_max": 0.481953,
        "nauc_mrr_at_5_std": 0.423107,
        "nauc_mrr_at_5_diff1": -0.242623,
        "nauc_mrr_at_10_max": 0.486328,
        "nauc_mrr_at_10_std": 0.417583,
        "nauc_mrr_at_10_diff1": -0.210738,
        "nauc_mrr_at_20_max": 0.491577,
        "nauc_mrr_at_20_std": 0.411066,
        "nauc_mrr_at_20_diff1": -0.201467,
        "nauc_mrr_at_100_max": 0.490507,
        "nauc_mrr_at_100_std": 0.408136,
        "nauc_mrr_at_100_diff1": -0.20311,
        "nauc_mrr_at_1000_max": 0.489785,
        "nauc_mrr_at_1000_std": 0.409436,
        "nauc_mrr_at_1000_diff1": -0.20293,
        "hit_rate_at_1": 0.07,
        "hit_rate_at_3": 0.2,
        "hit_rate_at_5": 0.27,
        "hit_rate_at_10": 0.345,
        "hit_rate_at_20": 0.39,
        "hit_rate_at_100": 0.46,
        "hit_rate_at_1000": 0.855,
        "main_score": 0.16749,
        "hf_subset": "default",
        "languages": [
          "eng-Latn"
        ]
      }
    ]
  },
  "evaluation_time": 6.081371068954468,
  "kg_co2_emissions": null,
  "date": 1774376739.524297
}