{
  "dataset_revision": "31f9b918c30ef94e15a168cb95ca4ebf291396eb",
  "task_name": "LLMTwitterHjerneRetrieval",
  "mteb_version": "2.11.6",
  "scores": {
    "train": [
      {
        "ndcg_at_1": 0.88312,
        "ndcg_at_3": 0.76613,
        "ndcg_at_5": 0.76106,
        "ndcg_at_10": 0.79404,
        "ndcg_at_20": 0.81429,
        "ndcg_at_100": 0.84457,
        "ndcg_at_1000": 0.84947,
        "map_at_1": 0.28788,
        "map_at_3": 0.58355,
        "map_at_5": 0.67731,
        "map_at_10": 0.71051,
        "map_at_20": 0.72152,
        "map_at_100": 0.73051,
        "map_at_1000": 0.73103,
        "recall_at_1": 0.28788,
        "recall_at_3": 0.61061,
        "recall_at_5": 0.72879,
        "recall_at_10": 0.80931,
        "recall_at_20": 0.86385,
        "recall_at_100": 0.97468,
        "recall_at_1000": 1.0,
        "accuracy": 0.28788,
        "precision_at_1": 0.88312,
        "precision_at_3": 0.66667,
        "precision_at_5": 0.5013,
        "precision_at_10": 0.27792,
        "precision_at_20": 0.14805,
        "precision_at_100": 0.03325,
        "precision_at_1000": 0.0034,
        "mrr_at_1": 0.883117,
        "mrr_at_3": 0.919913,
        "mrr_at_5": 0.925758,
        "mrr_at_10": 0.927056,
        "mrr_at_20": 0.927056,
        "mrr_at_100": 0.927056,
        "mrr_at_1000": 0.927056,
        "nauc_ndcg_at_1_max": 0.764657,
        "nauc_ndcg_at_1_std": 0.114923,
        "nauc_ndcg_at_1_diff1": 0.535298,
        "nauc_ndcg_at_3_max": 0.511857,
        "nauc_ndcg_at_3_std": 0.001274,
        "nauc_ndcg_at_3_diff1": 0.076302,
        "nauc_ndcg_at_5_max": 0.476916,
        "nauc_ndcg_at_5_std": -0.006974,
        "nauc_ndcg_at_5_diff1": 0.055558,
        "nauc_ndcg_at_10_max": 0.488357,
        "nauc_ndcg_at_10_std": -0.003379,
        "nauc_ndcg_at_10_diff1": 0.030326,
        "nauc_ndcg_at_20_max": 0.492648,
        "nauc_ndcg_at_20_std": 0.024874,
        "nauc_ndcg_at_20_diff1": 0.046828,
        "nauc_ndcg_at_100_max": 0.51899,
        "nauc_ndcg_at_100_std": 0.038972,
        "nauc_ndcg_at_100_diff1": 0.073231,
        "nauc_ndcg_at_1000_max": 0.521768,
        "nauc_ndcg_at_1000_std": 0.041136,
        "nauc_ndcg_at_1000_diff1": 0.081323,
        "nauc_map_at_1_max": 0.016501,
        "nauc_map_at_1_std": -0.244248,
        "nauc_map_at_1_diff1": 0.309845,
        "nauc_map_at_3_max": 0.269896,
        "nauc_map_at_3_std": -0.152001,
        "nauc_map_at_3_diff1": 0.117345,
        "nauc_map_at_5_max": 0.429696,
        "nauc_map_at_5_std": -0.032156,
        "nauc_map_at_5_diff1": 0.044739,
        "nauc_map_at_10_max": 0.465834,
        "nauc_map_at_10_std": -0.001202,
        "nauc_map_at_10_diff1": 0.012825,
        "nauc_map_at_20_max": 0.468754,
        "nauc_map_at_20_std": 0.012402,
        "nauc_map_at_20_diff1": 0.019812,
        "nauc_map_at_100_max": 0.473777,
        "nauc_map_at_100_std": 0.016794,
        "nauc_map_at_100_diff1": 0.02308,
        "nauc_map_at_1000_max": 0.473662,
        "nauc_map_at_1000_std": 0.016798,
        "nauc_map_at_1000_diff1": 0.023168,
        "nauc_recall_at_1_max": 0.016501,
        "nauc_recall_at_1_std": -0.244248,
        "nauc_recall_at_1_diff1": 0.309845,
        "nauc_recall_at_3_max": 0.187945,
        "nauc_recall_at_3_std": -0.21729,
        "nauc_recall_at_3_diff1": 0.078741,
        "nauc_recall_at_5_max": 0.349471,
        "nauc_recall_at_5_std": -0.088696,
        "nauc_recall_at_5_diff1": -0.02829,
        "nauc_recall_at_10_max": 0.398976,
        "nauc_recall_at_10_std": -0.039198,
        "nauc_recall_at_10_diff1": -0.098271,
        "nauc_recall_at_20_max": 0.372927,
        "nauc_recall_at_20_std": 0.029879,
        "nauc_recall_at_20_diff1": -0.086269,
        "nauc_recall_at_100_max": 0.388262,
        "nauc_recall_at_100_std": -0.012467,
        "nauc_recall_at_100_diff1": -0.165566,
        "nauc_recall_at_1000_max": NaN,
        "nauc_recall_at_1000_std": NaN,
        "nauc_recall_at_1000_diff1": NaN,
        "nauc_precision_at_1_max": 0.764657,
        "nauc_precision_at_1_std": 0.114923,
        "nauc_precision_at_1_diff1": 0.535298,
        "nauc_precision_at_3_max": 0.517708,
        "nauc_precision_at_3_std": 0.154954,
        "nauc_precision_at_3_diff1": -0.06731,
        "nauc_precision_at_5_max": 0.479856,
        "nauc_precision_at_5_std": 0.244678,
        "nauc_precision_at_5_diff1": -0.118443,
        "nauc_precision_at_10_max": 0.470379,
        "nauc_precision_at_10_std": 0.277279,
        "nauc_precision_at_10_diff1": -0.169382,
        "nauc_precision_at_20_max": 0.438141,
        "nauc_precision_at_20_std": 0.33603,
        "nauc_precision_at_20_diff1": -0.159576,
        "nauc_precision_at_100_max": 0.386419,
        "nauc_precision_at_100_std": 0.38937,
        "nauc_precision_at_100_diff1": -0.148991,
        "nauc_precision_at_1000_max": 0.363712,
        "nauc_precision_at_1000_std": 0.404052,
        "nauc_precision_at_1000_diff1": -0.147114,
        "nauc_mrr_at_1_max": 0.764657,
        "nauc_mrr_at_1_std": 0.114923,
        "nauc_mrr_at_1_diff1": 0.535298,
        "nauc_mrr_at_3_max": 0.764166,
        "nauc_mrr_at_3_std": 0.026378,
        "nauc_mrr_at_3_diff1": 0.593894,
        "nauc_mrr_at_5_max": 0.769726,
        "nauc_mrr_at_5_std": 0.079463,
        "nauc_mrr_at_5_diff1": 0.57731,
        "nauc_mrr_at_10_max": 0.765578,
        "nauc_mrr_at_10_std": 0.078631,
        "nauc_mrr_at_10_diff1": 0.569696,
        "nauc_mrr_at_20_max": 0.765578,
        "nauc_mrr_at_20_std": 0.078631,
        "nauc_mrr_at_20_diff1": 0.569696,
        "nauc_mrr_at_100_max": 0.765578,
        "nauc_mrr_at_100_std": 0.078631,
        "nauc_mrr_at_100_diff1": 0.569696,
        "nauc_mrr_at_1000_max": 0.765578,
        "nauc_mrr_at_1000_std": 0.078631,
        "nauc_mrr_at_1000_diff1": 0.569696,
        "hit_rate_at_1": 0.88312,
        "hit_rate_at_3": 0.96104,
        "hit_rate_at_5": 0.98701,
        "hit_rate_at_10": 1.0,
        "hit_rate_at_20": 1.0,
        "hit_rate_at_100": 1.0,
        "hit_rate_at_1000": 1.0,
        "main_score": 0.79404,
        "hf_subset": "default",
        "languages": [
          "dan-Latn"
        ]
      }
    ]
  },
  "evaluation_time": 1.337925910949707,
  "kg_co2_emissions": null,
  "date": 1774376743.232219
}