{
  "dataset_revision": "1c61e95df3d70835785db4d70f17d3a16a7bd4ce",
  "task_name": "LLMTempReasonL1",
  "mteb_version": "2.11.6",
  "scores": {
    "test": [
      {
        "ndcg_at_1": 0.0,
        "ndcg_at_3": 0.015,
        "ndcg_at_5": 0.015,
        "ndcg_at_10": 0.01801,
        "ndcg_at_20": 0.02313,
        "ndcg_at_100": 0.05174,
        "ndcg_at_1000": 0.098,
        "map_at_1": 0.0,
        "map_at_3": 0.01,
        "map_at_5": 0.01,
        "map_at_10": 0.01111,
        "map_at_20": 0.01254,
        "map_at_100": 0.01545,
        "map_at_1000": 0.0169,
        "recall_at_1": 0.0,
        "recall_at_3": 0.03,
        "recall_at_5": 0.03,
        "recall_at_10": 0.04,
        "recall_at_20": 0.06,
        "recall_at_100": 0.23,
        "recall_at_1000": 0.61,
        "accuracy": 0.0,
        "precision_at_1": 0.0,
        "precision_at_3": 0.01,
        "precision_at_5": 0.006,
        "precision_at_10": 0.004,
        "precision_at_20": 0.003,
        "precision_at_100": 0.0023,
        "precision_at_1000": 0.00061,
        "mrr_at_1": 0.0,
        "mrr_at_3": 0.01,
        "mrr_at_5": 0.01,
        "mrr_at_10": 0.011111,
        "mrr_at_20": 0.01254,
        "mrr_at_100": 0.015454,
        "mrr_at_1000": 0.016895,
        "nauc_ndcg_at_1_max": NaN,
        "nauc_ndcg_at_1_std": NaN,
        "nauc_ndcg_at_1_diff1": NaN,
        "nauc_ndcg_at_3_max": 0.447813,
        "nauc_ndcg_at_3_std": 0.190233,
        "nauc_ndcg_at_3_diff1": 0.387443,
        "nauc_ndcg_at_5_max": 0.447813,
        "nauc_ndcg_at_5_std": 0.190233,
        "nauc_ndcg_at_5_diff1": 0.387443,
        "nauc_ndcg_at_10_max": 0.540108,
        "nauc_ndcg_at_10_std": 0.32558,
        "nauc_ndcg_at_10_diff1": 0.433321,
        "nauc_ndcg_at_20_max": 0.46763,
        "nauc_ndcg_at_20_std": 0.243426,
        "nauc_ndcg_at_20_diff1": 0.412834,
        "nauc_ndcg_at_100_max": 0.281577,
        "nauc_ndcg_at_100_std": 0.30866,
        "nauc_ndcg_at_100_diff1": 0.112292,
        "nauc_ndcg_at_1000_max": 0.341879,
        "nauc_ndcg_at_1000_std": 0.259945,
        "nauc_ndcg_at_1000_diff1": 0.170655,
        "nauc_map_at_1_max": NaN,
        "nauc_map_at_1_std": NaN,
        "nauc_map_at_1_diff1": NaN,
        "nauc_map_at_3_max": 0.447813,
        "nauc_map_at_3_std": 0.190233,
        "nauc_map_at_3_diff1": 0.387443,
        "nauc_map_at_5_max": 0.447813,
        "nauc_map_at_5_std": 0.190233,
        "nauc_map_at_5_diff1": 0.387443,
        "nauc_map_at_10_max": 0.503032,
        "nauc_map_at_10_std": 0.27121,
        "nauc_map_at_10_diff1": 0.414891,
        "nauc_map_at_20_max": 0.469949,
        "nauc_map_at_20_std": 0.235116,
        "nauc_map_at_20_diff1": 0.406446,
        "nauc_map_at_100_max": 0.406096,
        "nauc_map_at_100_std": 0.252314,
        "nauc_map_at_100_diff1": 0.306691,
        "nauc_map_at_1000_max": 0.412278,
        "nauc_map_at_1000_std": 0.251915,
        "nauc_map_at_1000_diff1": 0.309821,
        "nauc_recall_at_1_max": NaN,
        "nauc_recall_at_1_std": NaN,
        "nauc_recall_at_1_diff1": NaN,
        "nauc_recall_at_3_max": 0.447813,
        "nauc_recall_at_3_std": 0.190233,
        "nauc_recall_at_3_diff1": 0.387443,
        "nauc_recall_at_5_max": 0.447813,
        "nauc_recall_at_5_std": 0.190233,
        "nauc_recall_at_5_diff1": 0.387443,
        "nauc_recall_at_10_max": 0.58586,
        "nauc_recall_at_10_std": 0.392675,
        "nauc_recall_at_10_diff1": 0.456064,
        "nauc_recall_at_20_max": 0.461452,
        "nauc_recall_at_20_std": 0.246579,
        "nauc_recall_at_20_diff1": 0.417628,
        "nauc_recall_at_100_max": 0.204176,
        "nauc_recall_at_100_std": 0.342383,
        "nauc_recall_at_100_diff1": -0.007962,
        "nauc_recall_at_1000_max": 0.315154,
        "nauc_recall_at_1000_std": 0.2196,
        "nauc_recall_at_1000_diff1": 0.11255,
        "nauc_precision_at_1_max": NaN,
        "nauc_precision_at_1_std": NaN,
        "nauc_precision_at_1_diff1": NaN,
        "nauc_precision_at_3_max": 0.447813,
        "nauc_precision_at_3_std": 0.190233,
        "nauc_precision_at_3_diff1": 0.387443,
        "nauc_precision_at_5_max": 0.447813,
        "nauc_precision_at_5_std": 0.190233,
        "nauc_precision_at_5_diff1": 0.387443,
        "nauc_precision_at_10_max": 0.58586,
        "nauc_precision_at_10_std": 0.392675,
        "nauc_precision_at_10_diff1": 0.456064,
        "nauc_precision_at_20_max": 0.461452,
        "nauc_precision_at_20_std": 0.246579,
        "nauc_precision_at_20_diff1": 0.417628,
        "nauc_precision_at_100_max": 0.204176,
        "nauc_precision_at_100_std": 0.342383,
        "nauc_precision_at_100_diff1": -0.007962,
        "nauc_precision_at_1000_max": 0.315154,
        "nauc_precision_at_1000_std": 0.2196,
        "nauc_precision_at_1000_diff1": 0.11255,
        "nauc_mrr_at_1_max": NaN,
        "nauc_mrr_at_1_std": NaN,
        "nauc_mrr_at_1_diff1": NaN,
        "nauc_mrr_at_3_max": 0.447813,
        "nauc_mrr_at_3_std": 0.190233,
        "nauc_mrr_at_3_diff1": 0.387443,
        "nauc_mrr_at_5_max": 0.447813,
        "nauc_mrr_at_5_std": 0.190233,
        "nauc_mrr_at_5_diff1": 0.387443,
        "nauc_mrr_at_10_max": 0.503032,
        "nauc_mrr_at_10_std": 0.27121,
        "nauc_mrr_at_10_diff1": 0.414891,
        "nauc_mrr_at_20_max": 0.469949,
        "nauc_mrr_at_20_std": 0.235116,
        "nauc_mrr_at_20_diff1": 0.406446,
        "nauc_mrr_at_100_max": 0.406096,
        "nauc_mrr_at_100_std": 0.252314,
        "nauc_mrr_at_100_diff1": 0.306691,
        "nauc_mrr_at_1000_max": 0.412278,
        "nauc_mrr_at_1000_std": 0.251915,
        "nauc_mrr_at_1000_diff1": 0.309821,
        "hit_rate_at_1": 0.0,
        "hit_rate_at_3": 0.03,
        "hit_rate_at_5": 0.03,
        "hit_rate_at_10": 0.04,
        "hit_rate_at_20": 0.06,
        "hit_rate_at_100": 0.23,
        "hit_rate_at_1000": 0.61,
        "main_score": 0.01801,
        "hf_subset": "default",
        "languages": [
          "eng-Latn"
        ]
      }
    ]
  },
  "evaluation_time": 48.54972743988037,
  "kg_co2_emissions": null,
  "date": 1774376721.828461
}