{
  "dataset_revision": "bc2a1e4c24771a6f3432578016cfb737732398fd",
  "task_name": "LLMWinoGrande",
  "mteb_version": "2.11.6",
  "scores": {
    "test": [
      {
        "ndcg_at_1": 0.285,
        "ndcg_at_3": 0.41648,
        "ndcg_at_5": 0.44703,
        "ndcg_at_10": 0.49444,
        "ndcg_at_20": 0.52049,
        "ndcg_at_100": 0.54754,
        "ndcg_at_1000": 0.55014,
        "map_at_1": 0.285,
        "map_at_3": 0.38417,
        "map_at_5": 0.40092,
        "map_at_10": 0.42079,
        "map_at_20": 0.42768,
        "map_at_100": 0.43139,
        "map_at_1000": 0.43149,
        "recall_at_1": 0.285,
        "recall_at_3": 0.51,
        "recall_at_5": 0.585,
        "recall_at_10": 0.73,
        "recall_at_20": 0.835,
        "recall_at_100": 0.98,
        "recall_at_1000": 1.0,
        "accuracy": 0.285,
        "precision_at_1": 0.285,
        "precision_at_3": 0.17,
        "precision_at_5": 0.117,
        "precision_at_10": 0.073,
        "precision_at_20": 0.04175,
        "precision_at_100": 0.0098,
        "precision_at_1000": 0.001,
        "mrr_at_1": 0.285,
        "mrr_at_3": 0.384167,
        "mrr_at_5": 0.400917,
        "mrr_at_10": 0.420794,
        "mrr_at_20": 0.42768,
        "mrr_at_100": 0.431393,
        "mrr_at_1000": 0.431495,
        "nauc_ndcg_at_1_max": 0.040914,
        "nauc_ndcg_at_1_std": -0.097944,
        "nauc_ndcg_at_1_diff1": 0.161081,
        "nauc_ndcg_at_3_max": 0.110728,
        "nauc_ndcg_at_3_std": -0.087063,
        "nauc_ndcg_at_3_diff1": 0.170945,
        "nauc_ndcg_at_5_max": 0.10842,
        "nauc_ndcg_at_5_std": -0.095189,
        "nauc_ndcg_at_5_diff1": 0.192786,
        "nauc_ndcg_at_10_max": 0.106791,
        "nauc_ndcg_at_10_std": -0.128603,
        "nauc_ndcg_at_10_diff1": 0.207094,
        "nauc_ndcg_at_20_max": 0.088973,
        "nauc_ndcg_at_20_std": -0.125213,
        "nauc_ndcg_at_20_diff1": 0.189692,
        "nauc_ndcg_at_100_max": 0.098682,
        "nauc_ndcg_at_100_std": -0.109854,
        "nauc_ndcg_at_100_diff1": 0.186146,
        "nauc_ndcg_at_1000_max": 0.092992,
        "nauc_ndcg_at_1000_std": -0.112576,
        "nauc_ndcg_at_1000_diff1": 0.184111,
        "nauc_map_at_1_max": 0.040914,
        "nauc_map_at_1_std": -0.097944,
        "nauc_map_at_1_diff1": 0.161081,
        "nauc_map_at_3_max": 0.094699,
        "nauc_map_at_3_std": -0.092737,
        "nauc_map_at_3_diff1": 0.165234,
        "nauc_map_at_5_max": 0.092953,
        "nauc_map_at_5_std": -0.098176,
        "nauc_map_at_5_diff1": 0.177209,
        "nauc_map_at_10_max": 0.091908,
        "nauc_map_at_10_std": -0.110798,
        "nauc_map_at_10_diff1": 0.18099,
        "nauc_map_at_20_max": 0.08701,
        "nauc_map_at_20_std": -0.110576,
        "nauc_map_at_20_diff1": 0.176904,
        "nauc_map_at_100_max": 0.087876,
        "nauc_map_at_100_std": -0.108507,
        "nauc_map_at_100_diff1": 0.176863,
        "nauc_map_at_1000_max": 0.087665,
        "nauc_map_at_1000_std": -0.108671,
        "nauc_map_at_1000_diff1": 0.176766,
        "nauc_recall_at_1_max": 0.040914,
        "nauc_recall_at_1_std": -0.097944,
        "nauc_recall_at_1_diff1": 0.161081,
        "nauc_recall_at_3_max": 0.156415,
        "nauc_recall_at_3_std": -0.069552,
        "nauc_recall_at_3_diff1": 0.188677,
        "nauc_recall_at_5_max": 0.155259,
        "nauc_recall_at_5_std": -0.084802,
        "nauc_recall_at_5_diff1": 0.245044,
        "nauc_recall_at_10_max": 0.164029,
        "nauc_recall_at_10_std": -0.218149,
        "nauc_recall_at_10_diff1": 0.329267,
        "nauc_recall_at_20_max": 0.0694,
        "nauc_recall_at_20_std": -0.225755,
        "nauc_recall_at_20_diff1": 0.257137,
        "nauc_recall_at_100_max": 0.646359,
        "nauc_recall_at_100_std": 0.09979,
        "nauc_recall_at_100_diff1": 0.36578,
        "nauc_recall_at_1000_max": NaN,
        "nauc_recall_at_1000_std": NaN,
        "nauc_recall_at_1000_diff1": NaN,
        "nauc_precision_at_1_max": 0.040914,
        "nauc_precision_at_1_std": -0.097944,
        "nauc_precision_at_1_diff1": 0.161081,
        "nauc_precision_at_3_max": 0.156415,
        "nauc_precision_at_3_std": -0.069552,
        "nauc_precision_at_3_diff1": 0.188677,
        "nauc_precision_at_5_max": 0.155259,
        "nauc_precision_at_5_std": -0.084802,
        "nauc_precision_at_5_diff1": 0.245044,
        "nauc_precision_at_10_max": 0.164029,
        "nauc_precision_at_10_std": -0.218149,
        "nauc_precision_at_10_diff1": 0.329267,
        "nauc_precision_at_20_max": 0.0694,
        "nauc_precision_at_20_std": -0.225755,
        "nauc_precision_at_20_diff1": 0.257137,
        "nauc_precision_at_100_max": 0.646359,
        "nauc_precision_at_100_std": 0.09979,
        "nauc_precision_at_100_diff1": 0.36578,
        "nauc_precision_at_1000_max": 1.0,
        "nauc_precision_at_1000_std": 1.0,
        "nauc_precision_at_1000_diff1": 1.0,
        "nauc_mrr_at_1_max": 0.040914,
        "nauc_mrr_at_1_std": -0.097944,
        "nauc_mrr_at_1_diff1": 0.161081,
        "nauc_mrr_at_3_max": 0.094699,
        "nauc_mrr_at_3_std": -0.092737,
        "nauc_mrr_at_3_diff1": 0.165234,
        "nauc_mrr_at_5_max": 0.092953,
        "nauc_mrr_at_5_std": -0.098176,
        "nauc_mrr_at_5_diff1": 0.177209,
        "nauc_mrr_at_10_max": 0.091908,
        "nauc_mrr_at_10_std": -0.110798,
        "nauc_mrr_at_10_diff1": 0.18099,
        "nauc_mrr_at_20_max": 0.08701,
        "nauc_mrr_at_20_std": -0.110576,
        "nauc_mrr_at_20_diff1": 0.176904,
        "nauc_mrr_at_100_max": 0.087876,
        "nauc_mrr_at_100_std": -0.108507,
        "nauc_mrr_at_100_diff1": 0.176863,
        "nauc_mrr_at_1000_max": 0.087665,
        "nauc_mrr_at_1000_std": -0.108671,
        "nauc_mrr_at_1000_diff1": 0.176766,
        "hit_rate_at_1": 0.285,
        "hit_rate_at_3": 0.51,
        "hit_rate_at_5": 0.585,
        "hit_rate_at_10": 0.73,
        "hit_rate_at_20": 0.835,
        "hit_rate_at_100": 0.98,
        "hit_rate_at_1000": 1.0,
        "main_score": 0.49444,
        "hf_subset": "default",
        "languages": [
          "eng-Latn"
        ]
      }
    ]
  },
  "evaluation_time": 17.04476547241211,
  "kg_co2_emissions": null,
  "date": 1774376762.290014
}