{
  "dataset_revision": "a2acf12d293ea934823ca26752a05c5bfab24dff",
  "task_name": "LLMAILAStatutes",
  "mteb_version": "2.11.6",
  "scores": {
    "test": [
      {
        "ndcg_at_1": 0.22,
        "ndcg_at_3": 0.23612,
        "ndcg_at_5": 0.23674,
        "ndcg_at_10": 0.30254,
        "ndcg_at_20": 0.36551,
        "ndcg_at_100": 0.50941,
        "ndcg_at_1000": 0.50941,
        "map_at_1": 0.055,
        "map_at_3": 0.12156,
        "map_at_5": 0.15552,
        "map_at_10": 0.18947,
        "map_at_20": 0.21538,
        "map_at_100": 0.2565,
        "map_at_1000": 0.2565,
        "recall_at_1": 0.055,
        "recall_at_3": 0.17067,
        "recall_at_5": 0.24033,
        "recall_at_10": 0.366,
        "recall_at_20": 0.52,
        "recall_at_100": 1.0,
        "recall_at_1000": 1.0,
        "accuracy": 0.055,
        "precision_at_1": 0.22,
        "precision_at_3": 0.22667,
        "precision_at_5": 0.196,
        "precision_at_10": 0.156,
        "precision_at_20": 0.113,
        "precision_at_100": 0.0434,
        "precision_at_1000": 0.00434,
        "mrr_at_1": 0.22,
        "mrr_at_3": 0.363333,
        "mrr_at_5": 0.385333,
        "mrr_at_10": 0.407278,
        "mrr_at_20": 0.41603,
        "mrr_at_100": 0.419462,
        "mrr_at_1000": 0.419462,
        "nauc_ndcg_at_1_max": 0.532616,
        "nauc_ndcg_at_1_std": 0.262019,
        "nauc_ndcg_at_1_diff1": -0.248314,
        "nauc_ndcg_at_3_max": 0.452484,
        "nauc_ndcg_at_3_std": 0.280738,
        "nauc_ndcg_at_3_diff1": -0.282952,
        "nauc_ndcg_at_5_max": 0.43296,
        "nauc_ndcg_at_5_std": 0.345113,
        "nauc_ndcg_at_5_diff1": -0.336581,
        "nauc_ndcg_at_10_max": 0.384136,
        "nauc_ndcg_at_10_std": 0.356692,
        "nauc_ndcg_at_10_diff1": -0.308937,
        "nauc_ndcg_at_20_max": 0.367351,
        "nauc_ndcg_at_20_std": 0.363996,
        "nauc_ndcg_at_20_diff1": -0.269187,
        "nauc_ndcg_at_100_max": 0.416954,
        "nauc_ndcg_at_100_std": 0.349452,
        "nauc_ndcg_at_100_diff1": -0.292205,
        "nauc_ndcg_at_1000_max": 0.416954,
        "nauc_ndcg_at_1000_std": 0.349452,
        "nauc_ndcg_at_1000_diff1": -0.292205,
        "nauc_map_at_1_max": 0.582267,
        "nauc_map_at_1_std": 0.302639,
        "nauc_map_at_1_diff1": -0.24969,
        "nauc_map_at_3_max": 0.500181,
        "nauc_map_at_3_std": 0.290695,
        "nauc_map_at_3_diff1": -0.271036,
        "nauc_map_at_5_max": 0.47846,
        "nauc_map_at_5_std": 0.336299,
        "nauc_map_at_5_diff1": -0.321602,
        "nauc_map_at_10_max": 0.447039,
        "nauc_map_at_10_std": 0.341564,
        "nauc_map_at_10_diff1": -0.289478,
        "nauc_map_at_20_max": 0.444776,
        "nauc_map_at_20_std": 0.36714,
        "nauc_map_at_20_diff1": -0.274334,
        "nauc_map_at_100_max": 0.451983,
        "nauc_map_at_100_std": 0.35934,
        "nauc_map_at_100_diff1": -0.286549,
        "nauc_map_at_1000_max": 0.451983,
        "nauc_map_at_1000_std": 0.35934,
        "nauc_map_at_1000_diff1": -0.286549,
        "nauc_recall_at_1_max": 0.582267,
        "nauc_recall_at_1_std": 0.302639,
        "nauc_recall_at_1_diff1": -0.24969,
        "nauc_recall_at_3_max": 0.433065,
        "nauc_recall_at_3_std": 0.257861,
        "nauc_recall_at_3_diff1": -0.28962,
        "nauc_recall_at_5_max": 0.364289,
        "nauc_recall_at_5_std": 0.347811,
        "nauc_recall_at_5_diff1": -0.358758,
        "nauc_recall_at_10_max": 0.269195,
        "nauc_recall_at_10_std": 0.365479,
        "nauc_recall_at_10_diff1": -0.304263,
        "nauc_recall_at_20_max": 0.184714,
        "nauc_recall_at_20_std": 0.336855,
        "nauc_recall_at_20_diff1": -0.188813,
        "nauc_recall_at_100_max": NaN,
        "nauc_recall_at_100_std": NaN,
        "nauc_recall_at_100_diff1": NaN,
        "nauc_recall_at_1000_max": NaN,
        "nauc_recall_at_1000_std": NaN,
        "nauc_recall_at_1000_diff1": NaN,
        "nauc_precision_at_1_max": 0.532616,
        "nauc_precision_at_1_std": 0.262019,
        "nauc_precision_at_1_diff1": -0.248314,
        "nauc_precision_at_3_max": 0.399277,
        "nauc_precision_at_3_std": 0.28706,
        "nauc_precision_at_3_diff1": -0.319221,
        "nauc_precision_at_5_max": 0.315031,
        "nauc_precision_at_5_std": 0.360643,
        "nauc_precision_at_5_diff1": -0.36974,
        "nauc_precision_at_10_max": 0.185924,
        "nauc_precision_at_10_std": 0.347864,
        "nauc_precision_at_10_diff1": -0.308,
        "nauc_precision_at_20_max": 0.089255,
        "nauc_precision_at_20_std": 0.292196,
        "nauc_precision_at_20_diff1": -0.186803,
        "nauc_precision_at_100_max": -0.223743,
        "nauc_precision_at_100_std": -0.014123,
        "nauc_precision_at_100_diff1": 0.000659,
        "nauc_precision_at_1000_max": -0.223743,
        "nauc_precision_at_1000_std": -0.014123,
        "nauc_precision_at_1000_diff1": 0.000659,
        "nauc_mrr_at_1_max": 0.532616,
        "nauc_mrr_at_1_std": 0.262019,
        "nauc_mrr_at_1_diff1": -0.248314,
        "nauc_mrr_at_3_max": 0.430548,
        "nauc_mrr_at_3_std": 0.247037,
        "nauc_mrr_at_3_diff1": -0.258462,
        "nauc_mrr_at_5_max": 0.416679,
        "nauc_mrr_at_5_std": 0.261072,
        "nauc_mrr_at_5_diff1": -0.276285,
        "nauc_mrr_at_10_max": 0.416502,
        "nauc_mrr_at_10_std": 0.254277,
        "nauc_mrr_at_10_diff1": -0.268179,
        "nauc_mrr_at_20_max": 0.415406,
        "nauc_mrr_at_20_std": 0.247322,
        "nauc_mrr_at_20_diff1": -0.260945,
        "nauc_mrr_at_100_max": 0.424504,
        "nauc_mrr_at_100_std": 0.250334,
        "nauc_mrr_at_100_diff1": -0.259835,
        "nauc_mrr_at_1000_max": 0.424504,
        "nauc_mrr_at_1000_std": 0.250334,
        "nauc_mrr_at_1000_diff1": -0.259835,
        "hit_rate_at_1": 0.22,
        "hit_rate_at_3": 0.54,
        "hit_rate_at_5": 0.64,
        "hit_rate_at_10": 0.8,
        "hit_rate_at_20": 0.92,
        "hit_rate_at_100": 1.0,
        "hit_rate_at_1000": 1.0,
        "main_score": 0.30254,
        "hf_subset": "default",
        "languages": [
          "eng-Latn"
        ]
      }
    ]
  },
  "evaluation_time": 0.9702551364898682,
  "kg_co2_emissions": null,
  "date": 1774493197.682858
}