{
  "dataset_revision": "300cb175d1b608cfc3fdb94fd06b3ceb937f9b6a",
  "task_name": "LLMLegalBenchCorporateLobbying",
  "mteb_version": "2.11.6",
  "scores": {
    "test": [
      {
        "ndcg_at_1": 0.89118,
        "ndcg_at_3": 0.93974,
        "ndcg_at_5": 0.94695,
        "ndcg_at_10": 0.948,
        "ndcg_at_20": 0.9494,
        "ndcg_at_100": 0.9494,
        "ndcg_at_1000": 0.9498,
        "map_at_1": 0.89118,
        "map_at_3": 0.92892,
        "map_at_5": 0.93289,
        "map_at_10": 0.93338,
        "map_at_20": 0.93372,
        "map_at_100": 0.93372,
        "map_at_1000": 0.93374,
        "recall_at_1": 0.89118,
        "recall_at_3": 0.97059,
        "recall_at_5": 0.98824,
        "recall_at_10": 0.99118,
        "recall_at_20": 0.99706,
        "recall_at_100": 0.99706,
        "recall_at_1000": 1.0,
        "accuracy": 0.89118,
        "precision_at_1": 0.89118,
        "precision_at_3": 0.32353,
        "precision_at_5": 0.19765,
        "precision_at_10": 0.09912,
        "precision_at_20": 0.04985,
        "precision_at_100": 0.00997,
        "precision_at_1000": 0.001,
        "mrr_at_1": 0.891176,
        "mrr_at_3": 0.928922,
        "mrr_at_5": 0.932892,
        "mrr_at_10": 0.933382,
        "mrr_at_20": 0.933721,
        "mrr_at_100": 0.933721,
        "mrr_at_1000": 0.933739,
        "nauc_ndcg_at_1_max": 0.485653,
        "nauc_ndcg_at_1_std": 0.07375,
        "nauc_ndcg_at_1_diff1": 0.894407,
        "nauc_ndcg_at_3_max": 0.587179,
        "nauc_ndcg_at_3_std": 0.059972,
        "nauc_ndcg_at_3_diff1": 0.880048,
        "nauc_ndcg_at_5_max": 0.55484,
        "nauc_ndcg_at_5_std": 0.043509,
        "nauc_ndcg_at_5_diff1": 0.887883,
        "nauc_ndcg_at_10_max": 0.545797,
        "nauc_ndcg_at_10_std": 0.067789,
        "nauc_ndcg_at_10_diff1": 0.891248,
        "nauc_ndcg_at_20_max": 0.545021,
        "nauc_ndcg_at_20_std": 0.082923,
        "nauc_ndcg_at_20_diff1": 0.889987,
        "nauc_ndcg_at_100_max": 0.545021,
        "nauc_ndcg_at_100_std": 0.082923,
        "nauc_ndcg_at_100_diff1": 0.889987,
        "nauc_ndcg_at_1000_max": 0.541362,
        "nauc_ndcg_at_1000_std": 0.075549,
        "nauc_ndcg_at_1000_diff1": 0.889102,
        "nauc_map_at_1_max": 0.485653,
        "nauc_map_at_1_std": 0.07375,
        "nauc_map_at_1_diff1": 0.894407,
        "nauc_map_at_3_max": 0.554462,
        "nauc_map_at_3_std": 0.06766,
        "nauc_map_at_3_diff1": 0.884344,
        "nauc_map_at_5_max": 0.538723,
        "nauc_map_at_5_std": 0.062351,
        "nauc_map_at_5_diff1": 0.887844,
        "nauc_map_at_10_max": 0.535299,
        "nauc_map_at_10_std": 0.071362,
        "nauc_map_at_10_diff1": 0.889073,
        "nauc_map_at_20_max": 0.53497,
        "nauc_map_at_20_std": 0.073809,
        "nauc_map_at_20_diff1": 0.88881,
        "nauc_map_at_100_max": 0.53497,
        "nauc_map_at_100_std": 0.073809,
        "nauc_map_at_100_diff1": 0.88881,
        "nauc_map_at_1000_max": 0.534842,
        "nauc_map_at_1000_std": 0.073553,
        "nauc_map_at_1000_diff1": 0.888779,
        "nauc_recall_at_1_max": 0.485653,
        "nauc_recall_at_1_std": 0.07375,
        "nauc_recall_at_1_diff1": 0.894407,
        "nauc_recall_at_3_max": 0.80887,
        "nauc_recall_at_3_std": 0.004202,
        "nauc_recall_at_3_diff1": 0.851307,
        "nauc_recall_at_5_max": 0.780696,
        "nauc_recall_at_5_std": -0.292367,
        "nauc_recall_at_5_diff1": 0.897876,
        "nauc_recall_at_10_max": 0.707594,
        "nauc_recall_at_10_std": -0.005913,
        "nauc_recall_at_10_diff1": 0.956427,
        "nauc_recall_at_20_max": 1.0,
        "nauc_recall_at_20_std": 1.0,
        "nauc_recall_at_20_diff1": 1.0,
        "nauc_recall_at_100_max": 1.0,
        "nauc_recall_at_100_std": 1.0,
        "nauc_recall_at_100_diff1": 1.0,
        "nauc_recall_at_1000_max": NaN,
        "nauc_recall_at_1000_std": NaN,
        "nauc_recall_at_1000_diff1": NaN,
        "nauc_precision_at_1_max": 0.485653,
        "nauc_precision_at_1_std": 0.07375,
        "nauc_precision_at_1_diff1": 0.894407,
        "nauc_precision_at_3_max": 0.80887,
        "nauc_precision_at_3_std": 0.004202,
        "nauc_precision_at_3_diff1": 0.851307,
        "nauc_precision_at_5_max": 0.780696,
        "nauc_precision_at_5_std": -0.292367,
        "nauc_precision_at_5_diff1": 0.897876,
        "nauc_precision_at_10_max": 0.707594,
        "nauc_precision_at_10_std": -0.005913,
        "nauc_precision_at_10_diff1": 0.956427,
        "nauc_precision_at_20_max": 1.0,
        "nauc_precision_at_20_std": 1.0,
        "nauc_precision_at_20_diff1": 1.0,
        "nauc_precision_at_100_max": 1.0,
        "nauc_precision_at_100_std": 1.0,
        "nauc_precision_at_100_diff1": 1.0,
        "nauc_precision_at_1000_max": 1.0,
        "nauc_precision_at_1000_std": 1.0,
        "nauc_precision_at_1000_diff1": 1.0,
        "nauc_mrr_at_1_max": 0.485653,
        "nauc_mrr_at_1_std": 0.07375,
        "nauc_mrr_at_1_diff1": 0.894407,
        "nauc_mrr_at_3_max": 0.554462,
        "nauc_mrr_at_3_std": 0.06766,
        "nauc_mrr_at_3_diff1": 0.884344,
        "nauc_mrr_at_5_max": 0.538723,
        "nauc_mrr_at_5_std": 0.062351,
        "nauc_mrr_at_5_diff1": 0.887844,
        "nauc_mrr_at_10_max": 0.535299,
        "nauc_mrr_at_10_std": 0.071362,
        "nauc_mrr_at_10_diff1": 0.889073,
        "nauc_mrr_at_20_max": 0.53497,
        "nauc_mrr_at_20_std": 0.073809,
        "nauc_mrr_at_20_diff1": 0.88881,
        "nauc_mrr_at_100_max": 0.53497,
        "nauc_mrr_at_100_std": 0.073809,
        "nauc_mrr_at_100_diff1": 0.88881,
        "nauc_mrr_at_1000_max": 0.534842,
        "nauc_mrr_at_1000_std": 0.073553,
        "nauc_mrr_at_1000_diff1": 0.888779,
        "hit_rate_at_1": 0.89118,
        "hit_rate_at_3": 0.97059,
        "hit_rate_at_5": 0.98824,
        "hit_rate_at_10": 0.99118,
        "hit_rate_at_20": 0.99706,
        "hit_rate_at_100": 0.99706,
        "hit_rate_at_1000": 1.0,
        "main_score": 0.948,
        "hf_subset": "default",
        "languages": [
          "eng-Latn"
        ]
      }
    ]
  },
  "evaluation_time": 1.3296756744384766,
  "kg_co2_emissions": null,
  "date": 1774493201.954541
}