{
  "dataset_revision": "d6628df131c3279007b88fe3e057e809dac056af",
  "task_name": "LLMSpartQA",
  "mteb_version": "2.11.6",
  "scores": {
    "test": [
      {
        "ndcg_at_1": 0.01,
        "ndcg_at_3": 0.03939,
        "ndcg_at_5": 0.05184,
        "ndcg_at_10": 0.07567,
        "ndcg_at_20": 0.09301,
        "ndcg_at_100": 0.11487,
        "ndcg_at_1000": 0.15286,
        "map_at_1": 0.01,
        "map_at_3": 0.03083,
        "map_at_5": 0.03775,
        "map_at_10": 0.04803,
        "map_at_20": 0.05267,
        "map_at_100": 0.05591,
        "map_at_1000": 0.05676,
        "recall_at_1": 0.01,
        "recall_at_3": 0.055,
        "recall_at_5": 0.08167,
        "recall_at_10": 0.14833,
        "recall_at_20": 0.21167,
        "recall_at_100": 0.31167,
        "recall_at_1000": 0.59,
        "accuracy": 0.01,
        "precision_at_1": 0.01,
        "precision_at_3": 0.025,
        "precision_at_5": 0.023,
        "precision_at_10": 0.0205,
        "precision_at_20": 0.01475,
        "precision_at_100": 0.00455,
        "precision_at_1000": 0.001,
        "mrr_at_1": 0.01,
        "mrr_at_3": 0.039167,
        "mrr_at_5": 0.047417,
        "mrr_at_10": 0.058254,
        "mrr_at_20": 0.063604,
        "mrr_at_100": 0.067876,
        "mrr_at_1000": 0.068893,
        "nauc_ndcg_at_1_max": -0.262141,
        "nauc_ndcg_at_1_std": 0.380199,
        "nauc_ndcg_at_1_diff1": -0.494902,
        "nauc_ndcg_at_3_max": -0.328448,
        "nauc_ndcg_at_3_std": 0.440074,
        "nauc_ndcg_at_3_diff1": -0.275415,
        "nauc_ndcg_at_5_max": -0.20921,
        "nauc_ndcg_at_5_std": 0.458224,
        "nauc_ndcg_at_5_diff1": -0.170193,
        "nauc_ndcg_at_10_max": -0.196735,
        "nauc_ndcg_at_10_std": 0.487667,
        "nauc_ndcg_at_10_diff1": -0.179876,
        "nauc_ndcg_at_20_max": -0.180347,
        "nauc_ndcg_at_20_std": 0.460063,
        "nauc_ndcg_at_20_diff1": -0.178006,
        "nauc_ndcg_at_100_max": -0.130717,
        "nauc_ndcg_at_100_std": 0.429956,
        "nauc_ndcg_at_100_diff1": -0.08138,
        "nauc_ndcg_at_1000_max": -0.140927,
        "nauc_ndcg_at_1000_std": 0.474583,
        "nauc_ndcg_at_1000_diff1": -0.074413,
        "nauc_map_at_1_max": -0.262141,
        "nauc_map_at_1_std": 0.380199,
        "nauc_map_at_1_diff1": -0.494902,
        "nauc_map_at_3_max": -0.327288,
        "nauc_map_at_3_std": 0.454615,
        "nauc_map_at_3_diff1": -0.304607,
        "nauc_map_at_5_max": -0.232028,
        "nauc_map_at_5_std": 0.460647,
        "nauc_map_at_5_diff1": -0.21125,
        "nauc_map_at_10_max": -0.221196,
        "nauc_map_at_10_std": 0.483326,
        "nauc_map_at_10_diff1": -0.209015,
        "nauc_map_at_20_max": -0.211564,
        "nauc_map_at_20_std": 0.471871,
        "nauc_map_at_20_diff1": -0.205742,
        "nauc_map_at_100_max": -0.20033,
        "nauc_map_at_100_std": 0.464123,
        "nauc_map_at_100_diff1": -0.181505,
        "nauc_map_at_1000_max": -0.201515,
        "nauc_map_at_1000_std": 0.466311,
        "nauc_map_at_1000_diff1": -0.181907,
        "nauc_recall_at_1_max": -0.262141,
        "nauc_recall_at_1_std": 0.380199,
        "nauc_recall_at_1_diff1": -0.494902,
        "nauc_recall_at_3_max": -0.337545,
        "nauc_recall_at_3_std": 0.47001,
        "nauc_recall_at_3_diff1": -0.252018,
        "nauc_recall_at_5_max": -0.161191,
        "nauc_recall_at_5_std": 0.493023,
        "nauc_recall_at_5_diff1": -0.115612,
        "nauc_recall_at_10_max": -0.147952,
        "nauc_recall_at_10_std": 0.505609,
        "nauc_recall_at_10_diff1": -0.143053,
        "nauc_recall_at_20_max": -0.117462,
        "nauc_recall_at_20_std": 0.428305,
        "nauc_recall_at_20_diff1": -0.138999,
        "nauc_recall_at_100_max": -0.037282,
        "nauc_recall_at_100_std": 0.359582,
        "nauc_recall_at_100_diff1": 0.041608,
        "nauc_recall_at_1000_max": -0.02446,
        "nauc_recall_at_1000_std": 0.483453,
        "nauc_recall_at_1000_diff1": 0.094986,
        "nauc_precision_at_1_max": -0.262141,
        "nauc_precision_at_1_std": 0.380199,
        "nauc_precision_at_1_diff1": -0.494902,
        "nauc_precision_at_3_max": -0.322815,
        "nauc_precision_at_3_std": 0.370432,
        "nauc_precision_at_3_diff1": -0.209248,
        "nauc_precision_at_5_max": -0.187966,
        "nauc_precision_at_5_std": 0.404334,
        "nauc_precision_at_5_diff1": -0.088941,
        "nauc_precision_at_10_max": -0.191967,
        "nauc_precision_at_10_std": 0.450768,
        "nauc_precision_at_10_diff1": -0.14828,
        "nauc_precision_at_20_max": -0.183396,
        "nauc_precision_at_20_std": 0.431771,
        "nauc_precision_at_20_diff1": -0.160283,
        "nauc_precision_at_100_max": -0.04504,
        "nauc_precision_at_100_std": 0.343186,
        "nauc_precision_at_100_diff1": 0.054274,
        "nauc_precision_at_1000_max": -0.04092,
        "nauc_precision_at_1000_std": 0.26035,
        "nauc_precision_at_1000_diff1": 0.118022,
        "nauc_mrr_at_1_max": -0.262141,
        "nauc_mrr_at_1_std": 0.380199,
        "nauc_mrr_at_1_diff1": -0.494902,
        "nauc_mrr_at_3_max": -0.317659,
        "nauc_mrr_at_3_std": 0.383795,
        "nauc_mrr_at_3_diff1": -0.271287,
        "nauc_mrr_at_5_max": -0.245843,
        "nauc_mrr_at_5_std": 0.412822,
        "nauc_mrr_at_5_diff1": -0.210868,
        "nauc_mrr_at_10_max": -0.237835,
        "nauc_mrr_at_10_std": 0.440597,
        "nauc_mrr_at_10_diff1": -0.214346,
        "nauc_mrr_at_20_max": -0.232897,
        "nauc_mrr_at_20_std": 0.431242,
        "nauc_mrr_at_20_diff1": -0.21382,
        "nauc_mrr_at_100_max": -0.209738,
        "nauc_mrr_at_100_std": 0.424163,
        "nauc_mrr_at_100_diff1": -0.181962,
        "nauc_mrr_at_1000_max": -0.210637,
        "nauc_mrr_at_1000_std": 0.424615,
        "nauc_mrr_at_1000_diff1": -0.181975,
        "hit_rate_at_1": 0.01,
        "hit_rate_at_3": 0.075,
        "hit_rate_at_5": 0.11,
        "hit_rate_at_10": 0.185,
        "hit_rate_at_20": 0.26,
        "hit_rate_at_100": 0.4,
        "hit_rate_at_1000": 0.765,
        "main_score": 0.07567,
        "hf_subset": "default",
        "languages": [
          "eng-Latn"
        ]
      }
    ]
  },
  "evaluation_time": 1.7223622798919678,
  "kg_co2_emissions": null,
  "date": 1774493206.642839
}