{
  "dataset_revision": "31f9b918c30ef94e15a168cb95ca4ebf291396eb",
  "task_name": "LLMTwitterHjerneRetrieval",
  "mteb_version": "2.11.6",
  "scores": {
    "train": [
      {
        "ndcg_at_1": 0.72727,
        "ndcg_at_3": 0.60569,
        "ndcg_at_5": 0.61043,
        "ndcg_at_10": 0.66289,
        "ndcg_at_20": 0.69427,
        "ndcg_at_100": 0.73231,
        "ndcg_at_1000": 0.74771,
        "map_at_1": 0.24199,
        "map_at_3": 0.44206,
        "map_at_5": 0.51062,
        "map_at_10": 0.55566,
        "map_at_20": 0.57193,
        "map_at_100": 0.58232,
        "map_at_1000": 0.58398,
        "recall_at_1": 0.24199,
        "recall_at_3": 0.48052,
        "recall_at_5": 0.5868,
        "recall_at_10": 0.70216,
        "recall_at_20": 0.78528,
        "recall_at_100": 0.92035,
        "recall_at_1000": 1.0,
        "accuracy": 0.24199,
        "precision_at_1": 0.72727,
        "precision_at_3": 0.51515,
        "precision_at_5": 0.38961,
        "precision_at_10": 0.23896,
        "precision_at_20": 0.13377,
        "precision_at_100": 0.03156,
        "precision_at_1000": 0.0034,
        "mrr_at_1": 0.727273,
        "mrr_at_3": 0.80303,
        "mrr_at_5": 0.805628,
        "mrr_at_10": 0.805628,
        "mrr_at_20": 0.807576,
        "mrr_at_100": 0.809304,
        "mrr_at_1000": 0.809356,
        "nauc_ndcg_at_1_max": 0.595123,
        "nauc_ndcg_at_1_std": 0.239827,
        "nauc_ndcg_at_1_diff1": 0.565364,
        "nauc_ndcg_at_3_max": 0.460536,
        "nauc_ndcg_at_3_std": 0.145693,
        "nauc_ndcg_at_3_diff1": 0.296648,
        "nauc_ndcg_at_5_max": 0.467109,
        "nauc_ndcg_at_5_std": 0.07833,
        "nauc_ndcg_at_5_diff1": 0.323591,
        "nauc_ndcg_at_10_max": 0.500956,
        "nauc_ndcg_at_10_std": 0.151182,
        "nauc_ndcg_at_10_diff1": 0.313401,
        "nauc_ndcg_at_20_max": 0.507551,
        "nauc_ndcg_at_20_std": 0.139777,
        "nauc_ndcg_at_20_diff1": 0.338702,
        "nauc_ndcg_at_100_max": 0.536155,
        "nauc_ndcg_at_100_std": 0.185919,
        "nauc_ndcg_at_100_diff1": 0.354067,
        "nauc_ndcg_at_1000_max": 0.522543,
        "nauc_ndcg_at_1000_std": 0.175491,
        "nauc_ndcg_at_1000_diff1": 0.354526,
        "nauc_map_at_1_max": 0.194428,
        "nauc_map_at_1_std": -0.112938,
        "nauc_map_at_1_diff1": 0.508119,
        "nauc_map_at_3_max": 0.30922,
        "nauc_map_at_3_std": -0.031348,
        "nauc_map_at_3_diff1": 0.337781,
        "nauc_map_at_5_max": 0.414471,
        "nauc_map_at_5_std": 0.032524,
        "nauc_map_at_5_diff1": 0.301724,
        "nauc_map_at_10_max": 0.459375,
        "nauc_map_at_10_std": 0.097684,
        "nauc_map_at_10_diff1": 0.294203,
        "nauc_map_at_20_max": 0.466129,
        "nauc_map_at_20_std": 0.099265,
        "nauc_map_at_20_diff1": 0.307714,
        "nauc_map_at_100_max": 0.471986,
        "nauc_map_at_100_std": 0.111594,
        "nauc_map_at_100_diff1": 0.308976,
        "nauc_map_at_1000_max": 0.470678,
        "nauc_map_at_1000_std": 0.110828,
        "nauc_map_at_1000_diff1": 0.30883,
        "nauc_recall_at_1_max": 0.194428,
        "nauc_recall_at_1_std": -0.112938,
        "nauc_recall_at_1_diff1": 0.508119,
        "nauc_recall_at_3_max": 0.267949,
        "nauc_recall_at_3_std": -0.077897,
        "nauc_recall_at_3_diff1": 0.319455,
        "nauc_recall_at_5_max": 0.388313,
        "nauc_recall_at_5_std": 0.007475,
        "nauc_recall_at_5_diff1": 0.257287,
        "nauc_recall_at_10_max": 0.447248,
        "nauc_recall_at_10_std": 0.133803,
        "nauc_recall_at_10_diff1": 0.221077,
        "nauc_recall_at_20_max": 0.444749,
        "nauc_recall_at_20_std": 0.060039,
        "nauc_recall_at_20_diff1": 0.284049,
        "nauc_recall_at_100_max": 0.667878,
        "nauc_recall_at_100_std": 0.33957,
        "nauc_recall_at_100_diff1": 0.351455,
        "nauc_recall_at_1000_max": NaN,
        "nauc_recall_at_1000_std": NaN,
        "nauc_recall_at_1000_diff1": NaN,
        "nauc_precision_at_1_max": 0.595123,
        "nauc_precision_at_1_std": 0.239827,
        "nauc_precision_at_1_diff1": 0.565364,
        "nauc_precision_at_3_max": 0.453654,
        "nauc_precision_at_3_std": 0.212293,
        "nauc_precision_at_3_diff1": 0.071644,
        "nauc_precision_at_5_max": 0.505103,
        "nauc_precision_at_5_std": 0.280428,
        "nauc_precision_at_5_diff1": 0.010566,
        "nauc_precision_at_10_max": 0.470021,
        "nauc_precision_at_10_std": 0.380871,
        "nauc_precision_at_10_diff1": -0.053994,
        "nauc_precision_at_20_max": 0.446572,
        "nauc_precision_at_20_std": 0.378693,
        "nauc_precision_at_20_diff1": -0.057377,
        "nauc_precision_at_100_max": 0.350645,
        "nauc_precision_at_100_std": 0.453196,
        "nauc_precision_at_100_diff1": -0.141049,
        "nauc_precision_at_1000_max": 0.220465,
        "nauc_precision_at_1000_std": 0.416181,
        "nauc_precision_at_1000_diff1": -0.212233,
        "nauc_mrr_at_1_max": 0.595123,
        "nauc_mrr_at_1_std": 0.239827,
        "nauc_mrr_at_1_diff1": 0.565364,
        "nauc_mrr_at_3_max": 0.612796,
        "nauc_mrr_at_3_std": 0.267031,
        "nauc_mrr_at_3_diff1": 0.518591,
        "nauc_mrr_at_5_max": 0.619967,
        "nauc_mrr_at_5_std": 0.279211,
        "nauc_mrr_at_5_diff1": 0.515588,
        "nauc_mrr_at_10_max": 0.619967,
        "nauc_mrr_at_10_std": 0.279211,
        "nauc_mrr_at_10_diff1": 0.515588,
        "nauc_mrr_at_20_max": 0.61891,
        "nauc_mrr_at_20_std": 0.277767,
        "nauc_mrr_at_20_diff1": 0.511557,
        "nauc_mrr_at_100_max": 0.61936,
        "nauc_mrr_at_100_std": 0.277911,
        "nauc_mrr_at_100_diff1": 0.517896,
        "nauc_mrr_at_1000_max": 0.619285,
        "nauc_mrr_at_1000_std": 0.277734,
        "nauc_mrr_at_1000_diff1": 0.517752,
        "hit_rate_at_1": 0.72727,
        "hit_rate_at_3": 0.8961,
        "hit_rate_at_5": 0.90909,
        "hit_rate_at_10": 0.90909,
        "hit_rate_at_20": 0.93506,
        "hit_rate_at_100": 0.98701,
        "hit_rate_at_1000": 1.0,
        "main_score": 0.66289,
        "hf_subset": "default",
        "languages": [
          "dan-Latn"
        ]
      }
    ]
  },
  "evaluation_time": 0.3946661949157715,
  "kg_co2_emissions": null,
  "date": 1774493209.859622
}