{
  "dataset_revision": "bc2a1e4c24771a6f3432578016cfb737732398fd",
  "task_name": "LLMWinoGrande",
  "mteb_version": "2.11.6",
  "scores": {
    "test": [
      {
        "ndcg_at_1": 0.305,
        "ndcg_at_3": 0.4838,
        "ndcg_at_5": 0.53329,
        "ndcg_at_10": 0.57751,
        "ndcg_at_20": 0.59827,
        "ndcg_at_100": 0.6092,
        "ndcg_at_1000": 0.60988,
        "map_at_1": 0.305,
        "map_at_3": 0.44167,
        "map_at_5": 0.46917,
        "map_at_10": 0.48774,
        "map_at_20": 0.49372,
        "map_at_100": 0.49549,
        "map_at_1000": 0.49553,
        "recall_at_1": 0.305,
        "recall_at_3": 0.605,
        "recall_at_5": 0.725,
        "recall_at_10": 0.86,
        "recall_at_20": 0.94,
        "recall_at_100": 0.995,
        "recall_at_1000": 1.0,
        "accuracy": 0.305,
        "precision_at_1": 0.305,
        "precision_at_3": 0.20167,
        "precision_at_5": 0.145,
        "precision_at_10": 0.086,
        "precision_at_20": 0.047,
        "precision_at_100": 0.00995,
        "precision_at_1000": 0.001,
        "mrr_at_1": 0.305,
        "mrr_at_3": 0.441667,
        "mrr_at_5": 0.469167,
        "mrr_at_10": 0.487736,
        "mrr_at_20": 0.493716,
        "mrr_at_100": 0.495494,
        "mrr_at_1000": 0.495525,
        "nauc_ndcg_at_1_max": 0.115691,
        "nauc_ndcg_at_1_std": -0.294217,
        "nauc_ndcg_at_1_diff1": 0.351729,
        "nauc_ndcg_at_3_max": 0.058455,
        "nauc_ndcg_at_3_std": -0.438537,
        "nauc_ndcg_at_3_diff1": 0.379116,
        "nauc_ndcg_at_5_max": 0.098643,
        "nauc_ndcg_at_5_std": -0.423179,
        "nauc_ndcg_at_5_diff1": 0.349301,
        "nauc_ndcg_at_10_max": 0.088076,
        "nauc_ndcg_at_10_std": -0.419888,
        "nauc_ndcg_at_10_diff1": 0.366831,
        "nauc_ndcg_at_20_max": 0.080679,
        "nauc_ndcg_at_20_std": -0.397081,
        "nauc_ndcg_at_20_diff1": 0.370399,
        "nauc_ndcg_at_100_max": 0.090904,
        "nauc_ndcg_at_100_std": -0.396325,
        "nauc_ndcg_at_100_diff1": 0.370595,
        "nauc_ndcg_at_1000_max": 0.091668,
        "nauc_ndcg_at_1000_std": -0.394124,
        "nauc_ndcg_at_1000_diff1": 0.369571,
        "nauc_map_at_1_max": 0.115691,
        "nauc_map_at_1_std": -0.294217,
        "nauc_map_at_1_diff1": 0.351729,
        "nauc_map_at_3_max": 0.076214,
        "nauc_map_at_3_std": -0.403783,
        "nauc_map_at_3_diff1": 0.375188,
        "nauc_map_at_5_max": 0.097331,
        "nauc_map_at_5_std": -0.393752,
        "nauc_map_at_5_diff1": 0.359082,
        "nauc_map_at_10_max": 0.09365,
        "nauc_map_at_10_std": -0.390498,
        "nauc_map_at_10_diff1": 0.366795,
        "nauc_map_at_20_max": 0.092968,
        "nauc_map_at_20_std": -0.384276,
        "nauc_map_at_20_diff1": 0.368522,
        "nauc_map_at_100_max": 0.094391,
        "nauc_map_at_100_std": -0.384199,
        "nauc_map_at_100_diff1": 0.368454,
        "nauc_map_at_1000_max": 0.094419,
        "nauc_map_at_1000_std": -0.384119,
        "nauc_map_at_1000_diff1": 0.368417,
        "nauc_recall_at_1_max": 0.115691,
        "nauc_recall_at_1_std": -0.294217,
        "nauc_recall_at_1_diff1": 0.351729,
        "nauc_recall_at_3_max": 0.002029,
        "nauc_recall_at_3_std": -0.545387,
        "nauc_recall_at_3_diff1": 0.389967,
        "nauc_recall_at_5_max": 0.110907,
        "nauc_recall_at_5_std": -0.531781,
        "nauc_recall_at_5_diff1": 0.305059,
        "nauc_recall_at_10_max": 0.054282,
        "nauc_recall_at_10_std": -0.605203,
        "nauc_recall_at_10_diff1": 0.366011,
        "nauc_recall_at_20_max": -0.139434,
        "nauc_recall_at_20_std": -0.484827,
        "nauc_recall_at_20_diff1": 0.389278,
        "nauc_recall_at_100_max": -0.171335,
        "nauc_recall_at_100_std": -1.151727,
        "nauc_recall_at_100_diff1": 0.722222,
        "nauc_recall_at_1000_max": NaN,
        "nauc_recall_at_1000_std": NaN,
        "nauc_recall_at_1000_diff1": NaN,
        "nauc_precision_at_1_max": 0.115691,
        "nauc_precision_at_1_std": -0.294217,
        "nauc_precision_at_1_diff1": 0.351729,
        "nauc_precision_at_3_max": 0.002029,
        "nauc_precision_at_3_std": -0.545387,
        "nauc_precision_at_3_diff1": 0.389967,
        "nauc_precision_at_5_max": 0.110907,
        "nauc_precision_at_5_std": -0.531781,
        "nauc_precision_at_5_diff1": 0.305059,
        "nauc_precision_at_10_max": 0.054282,
        "nauc_precision_at_10_std": -0.605203,
        "nauc_precision_at_10_diff1": 0.366011,
        "nauc_precision_at_20_max": -0.139434,
        "nauc_precision_at_20_std": -0.484827,
        "nauc_precision_at_20_diff1": 0.389278,
        "nauc_precision_at_100_max": -0.171335,
        "nauc_precision_at_100_std": -1.151727,
        "nauc_precision_at_100_diff1": 0.722222,
        "nauc_precision_at_1000_max": 1.0,
        "nauc_precision_at_1000_std": 1.0,
        "nauc_precision_at_1000_diff1": 1.0,
        "nauc_mrr_at_1_max": 0.115691,
        "nauc_mrr_at_1_std": -0.294217,
        "nauc_mrr_at_1_diff1": 0.351729,
        "nauc_mrr_at_3_max": 0.076214,
        "nauc_mrr_at_3_std": -0.403783,
        "nauc_mrr_at_3_diff1": 0.375188,
        "nauc_mrr_at_5_max": 0.097331,
        "nauc_mrr_at_5_std": -0.393752,
        "nauc_mrr_at_5_diff1": 0.359082,
        "nauc_mrr_at_10_max": 0.09365,
        "nauc_mrr_at_10_std": -0.390498,
        "nauc_mrr_at_10_diff1": 0.366795,
        "nauc_mrr_at_20_max": 0.092968,
        "nauc_mrr_at_20_std": -0.384276,
        "nauc_mrr_at_20_diff1": 0.368522,
        "nauc_mrr_at_100_max": 0.094391,
        "nauc_mrr_at_100_std": -0.384199,
        "nauc_mrr_at_100_diff1": 0.368454,
        "nauc_mrr_at_1000_max": 0.094419,
        "nauc_mrr_at_1000_std": -0.384119,
        "nauc_mrr_at_1000_diff1": 0.368417,
        "hit_rate_at_1": 0.305,
        "hit_rate_at_3": 0.605,
        "hit_rate_at_5": 0.725,
        "hit_rate_at_10": 0.86,
        "hit_rate_at_20": 0.94,
        "hit_rate_at_100": 0.995,
        "hit_rate_at_1000": 1.0,
        "main_score": 0.57751,
        "hf_subset": "default",
        "languages": [
          "eng-Latn"
        ]
      }
    ]
  },
  "evaluation_time": 4.223526477813721,
  "kg_co2_emissions": null,
  "date": 1774493217.003601
}