{
  "dataset_revision": "a2acf12d293ea934823ca26752a05c5bfab24dff",
  "task_name": "LLMAILAStatutes",
  "mteb_version": "2.11.6",
  "scores": {
    "test": [
      {
        "ndcg_at_1": 0.12,
        "ndcg_at_3": 0.07754,
        "ndcg_at_5": 0.08768,
        "ndcg_at_10": 0.13658,
        "ndcg_at_20": 0.21271,
        "ndcg_at_100": 0.39816,
        "ndcg_at_1000": 0.39816,
        "map_at_1": 0.027,
        "map_at_3": 0.03367,
        "map_at_5": 0.04472,
        "map_at_10": 0.06224,
        "map_at_20": 0.08671,
        "map_at_100": 0.13425,
        "map_at_1000": 0.13425,
        "recall_at_1": 0.027,
        "recall_at_3": 0.043,
        "recall_at_5": 0.085,
        "recall_at_10": 0.183,
        "recall_at_20": 0.37633,
        "recall_at_100": 1.0,
        "recall_at_1000": 1.0,
        "accuracy": 0.027,
        "precision_at_1": 0.12,
        "precision_at_3": 0.06667,
        "precision_at_5": 0.08,
        "precision_at_10": 0.08,
        "precision_at_20": 0.079,
        "precision_at_100": 0.0434,
        "precision_at_1000": 0.00434,
        "mrr_at_1": 0.12,
        "mrr_at_3": 0.153333,
        "mrr_at_5": 0.190333,
        "mrr_at_10": 0.225508,
        "mrr_at_20": 0.246775,
        "mrr_at_100": 0.24994,
        "mrr_at_1000": 0.24994,
        "nauc_ndcg_at_1_max": -0.077718,
        "nauc_ndcg_at_1_std": -0.429485,
        "nauc_ndcg_at_1_diff1": 0.26443,
        "nauc_ndcg_at_3_max": -0.137526,
        "nauc_ndcg_at_3_std": -0.307022,
        "nauc_ndcg_at_3_diff1": 0.108299,
        "nauc_ndcg_at_5_max": -0.141778,
        "nauc_ndcg_at_5_std": -0.361053,
        "nauc_ndcg_at_5_diff1": 0.027587,
        "nauc_ndcg_at_10_max": -0.164136,
        "nauc_ndcg_at_10_std": -0.146859,
        "nauc_ndcg_at_10_diff1": -0.058123,
        "nauc_ndcg_at_20_max": -0.207086,
        "nauc_ndcg_at_20_std": -0.148749,
        "nauc_ndcg_at_20_diff1": -0.08706,
        "nauc_ndcg_at_100_max": -0.153184,
        "nauc_ndcg_at_100_std": -0.281032,
        "nauc_ndcg_at_100_diff1": -0.005471,
        "nauc_ndcg_at_1000_max": -0.153184,
        "nauc_ndcg_at_1000_std": -0.281032,
        "nauc_ndcg_at_1000_diff1": -0.005471,
        "nauc_map_at_1_max": -0.053594,
        "nauc_map_at_1_std": -0.416826,
        "nauc_map_at_1_diff1": 0.277093,
        "nauc_map_at_3_max": -0.099162,
        "nauc_map_at_3_std": -0.325087,
        "nauc_map_at_3_diff1": 0.162945,
        "nauc_map_at_5_max": -0.122534,
        "nauc_map_at_5_std": -0.366407,
        "nauc_map_at_5_diff1": 0.080778,
        "nauc_map_at_10_max": -0.165242,
        "nauc_map_at_10_std": -0.202104,
        "nauc_map_at_10_diff1": -0.006306,
        "nauc_map_at_20_max": -0.200503,
        "nauc_map_at_20_std": -0.184363,
        "nauc_map_at_20_diff1": -0.054504,
        "nauc_map_at_100_max": -0.154481,
        "nauc_map_at_100_std": -0.234151,
        "nauc_map_at_100_diff1": -0.018745,
        "nauc_map_at_1000_max": -0.154481,
        "nauc_map_at_1000_std": -0.234151,
        "nauc_map_at_1000_diff1": -0.018745,
        "nauc_recall_at_1_max": -0.053594,
        "nauc_recall_at_1_std": -0.416826,
        "nauc_recall_at_1_diff1": 0.277093,
        "nauc_recall_at_3_max": -0.144105,
        "nauc_recall_at_3_std": -0.270278,
        "nauc_recall_at_3_diff1": 0.062572,
        "nauc_recall_at_5_max": -0.161544,
        "nauc_recall_at_5_std": -0.353588,
        "nauc_recall_at_5_diff1": -0.078329,
        "nauc_recall_at_10_max": -0.149943,
        "nauc_recall_at_10_std": 0.083853,
        "nauc_recall_at_10_diff1": -0.175018,
        "nauc_recall_at_20_max": -0.12025,
        "nauc_recall_at_20_std": 0.121233,
        "nauc_recall_at_20_diff1": -0.135336,
        "nauc_recall_at_100_max": NaN,
        "nauc_recall_at_100_std": NaN,
        "nauc_recall_at_100_diff1": NaN,
        "nauc_recall_at_1000_max": NaN,
        "nauc_recall_at_1000_std": NaN,
        "nauc_recall_at_1000_diff1": NaN,
        "nauc_precision_at_1_max": -0.077718,
        "nauc_precision_at_1_std": -0.429485,
        "nauc_precision_at_1_diff1": 0.26443,
        "nauc_precision_at_3_max": -0.168712,
        "nauc_precision_at_3_std": -0.265676,
        "nauc_precision_at_3_diff1": 0.034582,
        "nauc_precision_at_5_max": -0.179214,
        "nauc_precision_at_5_std": -0.36295,
        "nauc_precision_at_5_diff1": -0.108692,
        "nauc_precision_at_10_max": -0.197913,
        "nauc_precision_at_10_std": -0.000309,
        "nauc_precision_at_10_diff1": -0.235946,
        "nauc_precision_at_20_max": -0.255542,
        "nauc_precision_at_20_std": -0.057398,
        "nauc_precision_at_20_diff1": -0.251297,
        "nauc_precision_at_100_max": -0.176488,
        "nauc_precision_at_100_std": -0.320045,
        "nauc_precision_at_100_diff1": -0.176341,
        "nauc_precision_at_1000_max": -0.176488,
        "nauc_precision_at_1000_std": -0.320045,
        "nauc_precision_at_1000_diff1": -0.176341,
        "nauc_mrr_at_1_max": -0.077718,
        "nauc_mrr_at_1_std": -0.429485,
        "nauc_mrr_at_1_diff1": 0.26443,
        "nauc_mrr_at_3_max": -0.124403,
        "nauc_mrr_at_3_std": -0.325511,
        "nauc_mrr_at_3_diff1": 0.139693,
        "nauc_mrr_at_5_max": -0.131372,
        "nauc_mrr_at_5_std": -0.348767,
        "nauc_mrr_at_5_diff1": 0.092171,
        "nauc_mrr_at_10_max": -0.115885,
        "nauc_mrr_at_10_std": -0.313349,
        "nauc_mrr_at_10_diff1": 0.090761,
        "nauc_mrr_at_20_max": -0.124516,
        "nauc_mrr_at_20_std": -0.334298,
        "nauc_mrr_at_20_diff1": 0.107438,
        "nauc_mrr_at_100_max": -0.122835,
        "nauc_mrr_at_100_std": -0.334295,
        "nauc_mrr_at_100_diff1": 0.10946,
        "nauc_mrr_at_1000_max": -0.122835,
        "nauc_mrr_at_1000_std": -0.334295,
        "nauc_mrr_at_1000_diff1": 0.10946,
        "hit_rate_at_1": 0.12,
        "hit_rate_at_3": 0.2,
        "hit_rate_at_5": 0.36,
        "hit_rate_at_10": 0.62,
        "hit_rate_at_20": 0.9,
        "hit_rate_at_100": 1.0,
        "hit_rate_at_1000": 1.0,
        "main_score": 0.13658,
        "hf_subset": "default",
        "languages": [
          "eng-Latn"
        ]
      }
    ]
  },
  "evaluation_time": 4.553588390350342,
  "kg_co2_emissions": null,
  "date": 1774379714.27919
}