{
  "dataset_revision": "300cb175d1b608cfc3fdb94fd06b3ceb937f9b6a",
  "task_name": "LLMLegalBenchCorporateLobbying",
  "mteb_version": "2.11.6",
  "scores": {
    "test": [
      {
        "ndcg_at_1": 0.43235,
        "ndcg_at_3": 0.53585,
        "ndcg_at_5": 0.578,
        "ndcg_at_10": 0.60029,
        "ndcg_at_20": 0.61455,
        "ndcg_at_100": 0.63774,
        "ndcg_at_1000": 0.64199,
        "map_at_1": 0.43235,
        "map_at_3": 0.50882,
        "map_at_5": 0.53206,
        "map_at_10": 0.54149,
        "map_at_20": 0.54548,
        "map_at_100": 0.54856,
        "map_at_1000": 0.54874,
        "recall_at_1": 0.43235,
        "recall_at_3": 0.61471,
        "recall_at_5": 0.71765,
        "recall_at_10": 0.78529,
        "recall_at_20": 0.84118,
        "recall_at_100": 0.96765,
        "recall_at_1000": 1.0,
        "accuracy": 0.43235,
        "precision_at_1": 0.43235,
        "precision_at_3": 0.2049,
        "precision_at_5": 0.14353,
        "precision_at_10": 0.07853,
        "precision_at_20": 0.04206,
        "precision_at_100": 0.00968,
        "precision_at_1000": 0.001,
        "mrr_at_1": 0.432353,
        "mrr_at_3": 0.508824,
        "mrr_at_5": 0.532059,
        "mrr_at_10": 0.541494,
        "mrr_at_20": 0.545484,
        "mrr_at_100": 0.548564,
        "mrr_at_1000": 0.548739,
        "nauc_ndcg_at_1_max": 0.344068,
        "nauc_ndcg_at_1_std": 0.023111,
        "nauc_ndcg_at_1_diff1": 0.445082,
        "nauc_ndcg_at_3_max": 0.350307,
        "nauc_ndcg_at_3_std": 0.009247,
        "nauc_ndcg_at_3_diff1": 0.354338,
        "nauc_ndcg_at_5_max": 0.361254,
        "nauc_ndcg_at_5_std": -0.005911,
        "nauc_ndcg_at_5_diff1": 0.344373,
        "nauc_ndcg_at_10_max": 0.350493,
        "nauc_ndcg_at_10_std": -0.019666,
        "nauc_ndcg_at_10_diff1": 0.333597,
        "nauc_ndcg_at_20_max": 0.348146,
        "nauc_ndcg_at_20_std": -0.009433,
        "nauc_ndcg_at_20_diff1": 0.342538,
        "nauc_ndcg_at_100_max": 0.348056,
        "nauc_ndcg_at_100_std": -0.000867,
        "nauc_ndcg_at_100_diff1": 0.357681,
        "nauc_ndcg_at_1000_max": 0.350996,
        "nauc_ndcg_at_1000_std": 0.003016,
        "nauc_ndcg_at_1000_diff1": 0.362579,
        "nauc_map_at_1_max": 0.344068,
        "nauc_map_at_1_std": 0.023111,
        "nauc_map_at_1_diff1": 0.445082,
        "nauc_map_at_3_max": 0.350086,
        "nauc_map_at_3_std": 0.016271,
        "nauc_map_at_3_diff1": 0.37904,
        "nauc_map_at_5_max": 0.355333,
        "nauc_map_at_5_std": 0.008888,
        "nauc_map_at_5_diff1": 0.375068,
        "nauc_map_at_10_max": 0.351348,
        "nauc_map_at_10_std": 0.004163,
        "nauc_map_at_10_diff1": 0.37169,
        "nauc_map_at_20_max": 0.351136,
        "nauc_map_at_20_std": 0.007191,
        "nauc_map_at_20_diff1": 0.374257,
        "nauc_map_at_100_max": 0.351356,
        "nauc_map_at_100_std": 0.008661,
        "nauc_map_at_100_diff1": 0.376403,
        "nauc_map_at_1000_max": 0.351454,
        "nauc_map_at_1000_std": 0.008889,
        "nauc_map_at_1000_diff1": 0.376622,
        "nauc_recall_at_1_max": 0.344068,
        "nauc_recall_at_1_std": 0.023111,
        "nauc_recall_at_1_diff1": 0.445082,
        "nauc_recall_at_3_max": 0.350381,
        "nauc_recall_at_3_std": -0.014716,
        "nauc_recall_at_3_diff1": 0.27495,
        "nauc_recall_at_5_max": 0.385897,
        "nauc_recall_at_5_std": -0.067539,
        "nauc_recall_at_5_diff1": 0.224461,
        "nauc_recall_at_10_max": 0.341507,
        "nauc_recall_at_10_std": -0.145888,
        "nauc_recall_at_10_diff1": 0.145908,
        "nauc_recall_at_20_max": 0.31625,
        "nauc_recall_at_20_std": -0.115138,
        "nauc_recall_at_20_diff1": 0.15336,
        "nauc_recall_at_100_max": 0.174943,
        "nauc_recall_at_100_std": -0.188312,
        "nauc_recall_at_100_diff1": 0.091928,
        "nauc_recall_at_1000_max": NaN,
        "nauc_recall_at_1000_std": NaN,
        "nauc_recall_at_1000_diff1": NaN,
        "nauc_precision_at_1_max": 0.344068,
        "nauc_precision_at_1_std": 0.023111,
        "nauc_precision_at_1_diff1": 0.445082,
        "nauc_precision_at_3_max": 0.350381,
        "nauc_precision_at_3_std": -0.014716,
        "nauc_precision_at_3_diff1": 0.27495,
        "nauc_precision_at_5_max": 0.385897,
        "nauc_precision_at_5_std": -0.067539,
        "nauc_precision_at_5_diff1": 0.224461,
        "nauc_precision_at_10_max": 0.341507,
        "nauc_precision_at_10_std": -0.145888,
        "nauc_precision_at_10_diff1": 0.145908,
        "nauc_precision_at_20_max": 0.31625,
        "nauc_precision_at_20_std": -0.115138,
        "nauc_precision_at_20_diff1": 0.15336,
        "nauc_precision_at_100_max": 0.174943,
        "nauc_precision_at_100_std": -0.188312,
        "nauc_precision_at_100_diff1": 0.091928,
        "nauc_precision_at_1000_max": 1.0,
        "nauc_precision_at_1000_std": 1.0,
        "nauc_precision_at_1000_diff1": 1.0,
        "nauc_mrr_at_1_max": 0.344068,
        "nauc_mrr_at_1_std": 0.023111,
        "nauc_mrr_at_1_diff1": 0.445082,
        "nauc_mrr_at_3_max": 0.350086,
        "nauc_mrr_at_3_std": 0.016271,
        "nauc_mrr_at_3_diff1": 0.37904,
        "nauc_mrr_at_5_max": 0.355333,
        "nauc_mrr_at_5_std": 0.008888,
        "nauc_mrr_at_5_diff1": 0.375068,
        "nauc_mrr_at_10_max": 0.351348,
        "nauc_mrr_at_10_std": 0.004163,
        "nauc_mrr_at_10_diff1": 0.37169,
        "nauc_mrr_at_20_max": 0.351136,
        "nauc_mrr_at_20_std": 0.007191,
        "nauc_mrr_at_20_diff1": 0.374257,
        "nauc_mrr_at_100_max": 0.351356,
        "nauc_mrr_at_100_std": 0.008661,
        "nauc_mrr_at_100_diff1": 0.376403,
        "nauc_mrr_at_1000_max": 0.351454,
        "nauc_mrr_at_1000_std": 0.008889,
        "nauc_mrr_at_1000_diff1": 0.376622,
        "hit_rate_at_1": 0.43235,
        "hit_rate_at_3": 0.61471,
        "hit_rate_at_5": 0.71765,
        "hit_rate_at_10": 0.78529,
        "hit_rate_at_20": 0.84118,
        "hit_rate_at_100": 0.96765,
        "hit_rate_at_1000": 1.0,
        "main_score": 0.60029,
        "hf_subset": "default",
        "languages": [
          "eng-Latn"
        ]
      }
    ]
  },
  "evaluation_time": 14.098160028457642,
  "kg_co2_emissions": null,
  "date": 1774379730.54318
}