{
  "dataset_revision": "5d745bd9e435cc190599f916f54c0ab197ddeb73",
  "task_name": "LLMRTE3PC",
  "mteb_version": "2.11.6",
  "scores": {
    "test": [
      {
        "similarity_accuracy": 0.848233,
        "similarity_f1": 0.917885,
        "similarity_precision": 0.85,
        "similarity_recall": 0.997555,
        "similarity_ap": 0.87215,
        "cosine_accuracy": 0.848233,
        "cosine_f1": 0.917885,
        "cosine_precision": 0.85,
        "cosine_recall": 0.997555,
        "cosine_ap": 0.87215,
        "manhattan_accuracy": 0.848233,
        "manhattan_f1": 0.917885,
        "manhattan_precision": 0.85,
        "manhattan_recall": 0.997555,
        "manhattan_ap": 0.871842,
        "euclidean_accuracy": 0.848233,
        "euclidean_f1": 0.917885,
        "euclidean_precision": 0.85,
        "euclidean_recall": 0.997555,
        "euclidean_ap": 0.872179,
        "dot_accuracy": 0.848233,
        "dot_f1": 0.917885,
        "dot_precision": 0.85,
        "dot_recall": 0.997555,
        "dot_ap": 0.871928,
        "max_accuracy": 0.848233,
        "max_f1": 0.917885,
        "max_precision": 0.85,
        "max_recall": 0.997555,
        "max_ap": 0.872179,
        "main_score": 0.872179,
        "hf_subset": "de",
        "languages": [
          "deu-Latn"
        ]
      },
      {
        "similarity_accuracy": 0.848548,
        "similarity_f1": 0.91807,
        "similarity_precision": 0.850312,
        "similarity_recall": 0.997561,
        "similarity_ap": 0.871028,
        "cosine_accuracy": 0.848548,
        "cosine_f1": 0.91807,
        "cosine_precision": 0.850312,
        "cosine_recall": 0.997561,
        "cosine_ap": 0.871028,
        "manhattan_accuracy": 0.848548,
        "manhattan_f1": 0.91807,
        "manhattan_precision": 0.850312,
        "manhattan_recall": 0.997561,
        "manhattan_ap": 0.873648,
        "euclidean_accuracy": 0.848548,
        "euclidean_f1": 0.91807,
        "euclidean_precision": 0.850312,
        "euclidean_recall": 0.997561,
        "euclidean_ap": 0.870943,
        "dot_accuracy": 0.848548,
        "dot_f1": 0.91807,
        "dot_precision": 0.850312,
        "dot_recall": 0.997561,
        "dot_ap": 0.871006,
        "max_accuracy": 0.848548,
        "max_f1": 0.91807,
        "max_precision": 0.850312,
        "max_recall": 0.997561,
        "max_ap": 0.873648,
        "main_score": 0.873648,
        "hf_subset": "en",
        "languages": [
          "eng-Latn"
        ]
      },
      {
        "similarity_accuracy": 0.846473,
        "similarity_f1": 0.916854,
        "similarity_precision": 0.848233,
        "similarity_recall": 0.997555,
        "similarity_ap": 0.86629,
        "cosine_accuracy": 0.846473,
        "cosine_f1": 0.916854,
        "cosine_precision": 0.848233,
        "cosine_recall": 0.997555,
        "cosine_ap": 0.86629,
        "manhattan_accuracy": 0.850622,
        "manhattan_f1": 0.919101,
        "manhattan_precision": 0.850312,
        "manhattan_recall": 1.0,
        "manhattan_ap": 0.868235,
        "euclidean_accuracy": 0.846473,
        "euclidean_f1": 0.916854,
        "euclidean_precision": 0.848233,
        "euclidean_recall": 0.997555,
        "euclidean_ap": 0.866282,
        "dot_accuracy": 0.846473,
        "dot_f1": 0.916854,
        "dot_precision": 0.848233,
        "dot_recall": 0.997555,
        "dot_ap": 0.866333,
        "max_accuracy": 0.850622,
        "max_f1": 0.919101,
        "max_precision": 0.850312,
        "max_recall": 1.0,
        "max_ap": 0.868235,
        "main_score": 0.868235,
        "hf_subset": "fr",
        "languages": [
          "fra-Latn"
        ]
      },
      {
        "similarity_accuracy": 0.84728,
        "similarity_f1": 0.917327,
        "similarity_precision": 0.849057,
        "similarity_recall": 0.997537,
        "similarity_ap": 0.862558,
        "cosine_accuracy": 0.84728,
        "cosine_f1": 0.917327,
        "cosine_precision": 0.849057,
        "cosine_recall": 0.997537,
        "cosine_ap": 0.862558,
        "manhattan_accuracy": 0.84728,
        "manhattan_f1": 0.917327,
        "manhattan_precision": 0.849057,
        "manhattan_recall": 0.997537,
        "manhattan_ap": 0.864956,
        "euclidean_accuracy": 0.84728,
        "euclidean_f1": 0.917327,
        "euclidean_precision": 0.849057,
        "euclidean_recall": 0.997537,
        "euclidean_ap": 0.862593,
        "dot_accuracy": 0.84728,
        "dot_f1": 0.917327,
        "dot_precision": 0.849057,
        "dot_recall": 0.997537,
        "dot_ap": 0.862502,
        "max_accuracy": 0.84728,
        "max_f1": 0.917327,
        "max_precision": 0.849057,
        "max_recall": 0.997537,
        "max_ap": 0.864956,
        "main_score": 0.864956,
        "hf_subset": "it",
        "languages": [
          "ita-Latn"
        ]
      }
    ]
  },
  "evaluation_time": 15.5614914894104,
  "kg_co2_emissions": null,
  "date": 1774371889.862061
}