{
  "dataset_revision": "d6628df131c3279007b88fe3e057e809dac056af",
  "task_name": "LLMSpartQA",
  "mteb_version": "2.11.6",
  "scores": {
    "test": [
      {
        "ndcg_at_1": 0.015,
        "ndcg_at_3": 0.03556,
        "ndcg_at_5": 0.05353,
        "ndcg_at_10": 0.08364,
        "ndcg_at_20": 0.09924,
        "ndcg_at_100": 0.11841,
        "ndcg_at_1000": 0.16291,
        "map_at_1": 0.00833,
        "map_at_3": 0.02361,
        "map_at_5": 0.03361,
        "map_at_10": 0.04523,
        "map_at_20": 0.04971,
        "map_at_100": 0.05196,
        "map_at_1000": 0.05316,
        "recall_at_1": 0.00833,
        "recall_at_3": 0.05333,
        "recall_at_5": 0.08833,
        "recall_at_10": 0.17,
        "recall_at_20": 0.22,
        "recall_at_100": 0.31667,
        "recall_at_1000": 0.65,
        "accuracy": 0.00833,
        "precision_at_1": 0.015,
        "precision_at_3": 0.03,
        "precision_at_5": 0.033,
        "precision_at_10": 0.031,
        "precision_at_20": 0.0205,
        "precision_at_100": 0.0056,
        "precision_at_1000": 0.00113,
        "mrr_at_1": 0.015,
        "mrr_at_3": 0.040833,
        "mrr_at_5": 0.052833,
        "mrr_at_10": 0.068091,
        "mrr_at_20": 0.073262,
        "mrr_at_100": 0.076286,
        "mrr_at_1000": 0.077479,
        "nauc_ndcg_at_1_max": 0.190233,
        "nauc_ndcg_at_1_std": 0.485377,
        "nauc_ndcg_at_1_diff1": 0.387443,
        "nauc_ndcg_at_3_max": 0.438295,
        "nauc_ndcg_at_3_std": 0.38435,
        "nauc_ndcg_at_3_diff1": 0.273007,
        "nauc_ndcg_at_5_max": 0.436695,
        "nauc_ndcg_at_5_std": 0.437584,
        "nauc_ndcg_at_5_diff1": 0.308855,
        "nauc_ndcg_at_10_max": 0.426876,
        "nauc_ndcg_at_10_std": 0.462567,
        "nauc_ndcg_at_10_diff1": 0.092927,
        "nauc_ndcg_at_20_max": 0.467741,
        "nauc_ndcg_at_20_std": 0.53085,
        "nauc_ndcg_at_20_diff1": 0.061097,
        "nauc_ndcg_at_100_max": 0.490752,
        "nauc_ndcg_at_100_std": 0.583636,
        "nauc_ndcg_at_100_diff1": 0.060638,
        "nauc_ndcg_at_1000_max": 0.457581,
        "nauc_ndcg_at_1000_std": 0.540538,
        "nauc_ndcg_at_1000_diff1": 0.066206,
        "nauc_map_at_1_max": -0.051892,
        "nauc_map_at_1_std": 0.555997,
        "nauc_map_at_1_diff1": 0.032627,
        "nauc_map_at_3_max": 0.384138,
        "nauc_map_at_3_std": 0.390672,
        "nauc_map_at_3_diff1": 0.225679,
        "nauc_map_at_5_max": 0.39066,
        "nauc_map_at_5_std": 0.441458,
        "nauc_map_at_5_diff1": 0.279004,
        "nauc_map_at_10_max": 0.393082,
        "nauc_map_at_10_std": 0.463443,
        "nauc_map_at_10_diff1": 0.137503,
        "nauc_map_at_20_max": 0.412766,
        "nauc_map_at_20_std": 0.503117,
        "nauc_map_at_20_diff1": 0.118703,
        "nauc_map_at_100_max": 0.421488,
        "nauc_map_at_100_std": 0.520325,
        "nauc_map_at_100_diff1": 0.113999,
        "nauc_map_at_1000_max": 0.420312,
        "nauc_map_at_1000_std": 0.51947,
        "nauc_map_at_1000_diff1": 0.11416,
        "nauc_recall_at_1_max": -0.051892,
        "nauc_recall_at_1_std": 0.555997,
        "nauc_recall_at_1_diff1": 0.032627,
        "nauc_recall_at_3_max": 0.527502,
        "nauc_recall_at_3_std": 0.33477,
        "nauc_recall_at_3_diff1": 0.298514,
        "nauc_recall_at_5_max": 0.489499,
        "nauc_recall_at_5_std": 0.408133,
        "nauc_recall_at_5_diff1": 0.319465,
        "nauc_recall_at_10_max": 0.434088,
        "nauc_recall_at_10_std": 0.399357,
        "nauc_recall_at_10_diff1": 0.003166,
        "nauc_recall_at_20_max": 0.478745,
        "nauc_recall_at_20_std": 0.487505,
        "nauc_recall_at_20_diff1": -0.031097,
        "nauc_recall_at_100_max": 0.471477,
        "nauc_recall_at_100_std": 0.548862,
        "nauc_recall_at_100_diff1": -0.021332,
        "nauc_recall_at_1000_max": 0.222935,
        "nauc_recall_at_1000_std": 0.23859,
        "nauc_recall_at_1000_diff1": -0.074848,
        "nauc_precision_at_1_max": 0.190233,
        "nauc_precision_at_1_std": 0.485377,
        "nauc_precision_at_1_diff1": 0.387443,
        "nauc_precision_at_3_max": 0.467489,
        "nauc_precision_at_3_std": 0.410876,
        "nauc_precision_at_3_diff1": 0.310199,
        "nauc_precision_at_5_max": 0.450913,
        "nauc_precision_at_5_std": 0.474188,
        "nauc_precision_at_5_diff1": 0.387721,
        "nauc_precision_at_10_max": 0.42662,
        "nauc_precision_at_10_std": 0.54463,
        "nauc_precision_at_10_diff1": 0.071332,
        "nauc_precision_at_20_max": 0.467915,
        "nauc_precision_at_20_std": 0.6313,
        "nauc_precision_at_20_diff1": 0.009113,
        "nauc_precision_at_100_max": 0.487628,
        "nauc_precision_at_100_std": 0.676316,
        "nauc_precision_at_100_diff1": 0.039168,
        "nauc_precision_at_1000_max": 0.248999,
        "nauc_precision_at_1000_std": 0.345076,
        "nauc_precision_at_1000_diff1": 0.097811,
        "nauc_mrr_at_1_max": 0.190233,
        "nauc_mrr_at_1_std": 0.485377,
        "nauc_mrr_at_1_diff1": 0.387443,
        "nauc_mrr_at_3_max": 0.388609,
        "nauc_mrr_at_3_std": 0.434244,
        "nauc_mrr_at_3_diff1": 0.311056,
        "nauc_mrr_at_5_max": 0.413269,
        "nauc_mrr_at_5_std": 0.458348,
        "nauc_mrr_at_5_diff1": 0.304132,
        "nauc_mrr_at_10_max": 0.405523,
        "nauc_mrr_at_10_std": 0.474919,
        "nauc_mrr_at_10_diff1": 0.186457,
        "nauc_mrr_at_20_max": 0.432102,
        "nauc_mrr_at_20_std": 0.496036,
        "nauc_mrr_at_20_diff1": 0.1732,
        "nauc_mrr_at_100_max": 0.439313,
        "nauc_mrr_at_100_std": 0.50645,
        "nauc_mrr_at_100_diff1": 0.172429,
        "nauc_mrr_at_1000_max": 0.437044,
        "nauc_mrr_at_1000_std": 0.505218,
        "nauc_mrr_at_1000_diff1": 0.173342,
        "hit_rate_at_1": 0.015,
        "hit_rate_at_3": 0.09,
        "hit_rate_at_5": 0.14,
        "hit_rate_at_10": 0.255,
        "hit_rate_at_20": 0.325,
        "hit_rate_at_100": 0.455,
        "hit_rate_at_1000": 0.82,
        "main_score": 0.08364,
        "hf_subset": "default",
        "languages": [
          "eng-Latn"
        ]
      }
    ]
  },
  "evaluation_time": 34.71757197380066,
  "kg_co2_emissions": null,
  "date": 1774379767.629549
}