{
  "dataset_revision": "31f9b918c30ef94e15a168cb95ca4ebf291396eb",
  "task_name": "LLMTwitterHjerneRetrieval",
  "mteb_version": "2.11.6",
  "scores": {
    "train": [
      {
        "ndcg_at_1": 0.20779,
        "ndcg_at_3": 0.17034,
        "ndcg_at_5": 0.16195,
        "ndcg_at_10": 0.18139,
        "ndcg_at_20": 0.21246,
        "ndcg_at_100": 0.29483,
        "ndcg_at_1000": 0.37464,
        "map_at_1": 0.07056,
        "map_at_3": 0.11291,
        "map_at_5": 0.1179,
        "map_at_10": 0.12488,
        "map_at_20": 0.13299,
        "map_at_100": 0.14605,
        "map_at_1000": 0.15334,
        "recall_at_1": 0.07056,
        "recall_at_3": 0.13766,
        "recall_at_5": 0.15216,
        "recall_at_10": 0.19481,
        "recall_at_20": 0.28225,
        "recall_at_100": 0.59459,
        "recall_at_1000": 1.0,
        "accuracy": 0.07056,
        "precision_at_1": 0.20779,
        "precision_at_3": 0.14719,
        "precision_at_5": 0.0987,
        "precision_at_10": 0.06364,
        "precision_at_20": 0.0461,
        "precision_at_100": 0.02013,
        "precision_at_1000": 0.0034,
        "mrr_at_1": 0.207792,
        "mrr_at_3": 0.248918,
        "mrr_at_5": 0.255411,
        "mrr_at_10": 0.272495,
        "mrr_at_20": 0.283591,
        "mrr_at_100": 0.292503,
        "mrr_at_1000": 0.292731,
        "nauc_ndcg_at_1_max": 0.305448,
        "nauc_ndcg_at_1_std": 0.316556,
        "nauc_ndcg_at_1_diff1": 0.595669,
        "nauc_ndcg_at_3_max": 0.268961,
        "nauc_ndcg_at_3_std": 0.220488,
        "nauc_ndcg_at_3_diff1": 0.472057,
        "nauc_ndcg_at_5_max": 0.304755,
        "nauc_ndcg_at_5_std": 0.252086,
        "nauc_ndcg_at_5_diff1": 0.485607,
        "nauc_ndcg_at_10_max": 0.286452,
        "nauc_ndcg_at_10_std": 0.251944,
        "nauc_ndcg_at_10_diff1": 0.450494,
        "nauc_ndcg_at_20_max": 0.248803,
        "nauc_ndcg_at_20_std": 0.211865,
        "nauc_ndcg_at_20_diff1": 0.425131,
        "nauc_ndcg_at_100_max": 0.222809,
        "nauc_ndcg_at_100_std": 0.166256,
        "nauc_ndcg_at_100_diff1": 0.429598,
        "nauc_ndcg_at_1000_max": 0.285283,
        "nauc_ndcg_at_1000_std": 0.238952,
        "nauc_ndcg_at_1000_diff1": 0.445725,
        "nauc_map_at_1_max": 0.286314,
        "nauc_map_at_1_std": 0.303005,
        "nauc_map_at_1_diff1": 0.690851,
        "nauc_map_at_3_max": 0.237588,
        "nauc_map_at_3_std": 0.20085,
        "nauc_map_at_3_diff1": 0.547818,
        "nauc_map_at_5_max": 0.270468,
        "nauc_map_at_5_std": 0.22245,
        "nauc_map_at_5_diff1": 0.51991,
        "nauc_map_at_10_max": 0.263547,
        "nauc_map_at_10_std": 0.218734,
        "nauc_map_at_10_diff1": 0.506355,
        "nauc_map_at_20_max": 0.249289,
        "nauc_map_at_20_std": 0.203924,
        "nauc_map_at_20_diff1": 0.493428,
        "nauc_map_at_100_max": 0.250289,
        "nauc_map_at_100_std": 0.200499,
        "nauc_map_at_100_diff1": 0.486575,
        "nauc_map_at_1000_max": 0.255475,
        "nauc_map_at_1000_std": 0.205543,
        "nauc_map_at_1000_diff1": 0.487024,
        "nauc_recall_at_1_max": 0.286314,
        "nauc_recall_at_1_std": 0.303005,
        "nauc_recall_at_1_diff1": 0.690851,
        "nauc_recall_at_3_max": 0.237995,
        "nauc_recall_at_3_std": 0.18172,
        "nauc_recall_at_3_diff1": 0.449138,
        "nauc_recall_at_5_max": 0.308103,
        "nauc_recall_at_5_std": 0.229226,
        "nauc_recall_at_5_diff1": 0.371312,
        "nauc_recall_at_10_max": 0.26614,
        "nauc_recall_at_10_std": 0.216096,
        "nauc_recall_at_10_diff1": 0.30862,
        "nauc_recall_at_20_max": 0.13719,
        "nauc_recall_at_20_std": 0.095546,
        "nauc_recall_at_20_diff1": 0.228187,
        "nauc_recall_at_100_max": -0.11567,
        "nauc_recall_at_100_std": -0.200858,
        "nauc_recall_at_100_diff1": 0.143324,
        "nauc_recall_at_1000_max": NaN,
        "nauc_recall_at_1000_std": NaN,
        "nauc_recall_at_1000_diff1": NaN,
        "nauc_precision_at_1_max": 0.305448,
        "nauc_precision_at_1_std": 0.316556,
        "nauc_precision_at_1_diff1": 0.595669,
        "nauc_precision_at_3_max": 0.249253,
        "nauc_precision_at_3_std": 0.18419,
        "nauc_precision_at_3_diff1": 0.364396,
        "nauc_precision_at_5_max": 0.32177,
        "nauc_precision_at_5_std": 0.237241,
        "nauc_precision_at_5_diff1": 0.298895,
        "nauc_precision_at_10_max": 0.288355,
        "nauc_precision_at_10_std": 0.235489,
        "nauc_precision_at_10_diff1": 0.218518,
        "nauc_precision_at_20_max": 0.17207,
        "nauc_precision_at_20_std": 0.108844,
        "nauc_precision_at_20_diff1": 0.128401,
        "nauc_precision_at_100_max": 0.027527,
        "nauc_precision_at_100_std": -0.098812,
        "nauc_precision_at_100_diff1": -0.04059,
        "nauc_precision_at_1000_max": 0.182869,
        "nauc_precision_at_1000_std": 0.112559,
        "nauc_precision_at_1000_diff1": -0.11827,
        "nauc_mrr_at_1_max": 0.305448,
        "nauc_mrr_at_1_std": 0.316556,
        "nauc_mrr_at_1_diff1": 0.595669,
        "nauc_mrr_at_3_max": 0.301319,
        "nauc_mrr_at_3_std": 0.292373,
        "nauc_mrr_at_3_diff1": 0.524415,
        "nauc_mrr_at_5_max": 0.319818,
        "nauc_mrr_at_5_std": 0.305502,
        "nauc_mrr_at_5_diff1": 0.514036,
        "nauc_mrr_at_10_max": 0.312719,
        "nauc_mrr_at_10_std": 0.308767,
        "nauc_mrr_at_10_diff1": 0.497894,
        "nauc_mrr_at_20_max": 0.310546,
        "nauc_mrr_at_20_std": 0.30382,
        "nauc_mrr_at_20_diff1": 0.4965,
        "nauc_mrr_at_100_max": 0.311975,
        "nauc_mrr_at_100_std": 0.305466,
        "nauc_mrr_at_100_diff1": 0.502959,
        "nauc_mrr_at_1000_max": 0.312404,
        "nauc_mrr_at_1000_std": 0.306063,
        "nauc_mrr_at_1000_diff1": 0.502875,
        "hit_rate_at_1": 0.20779,
        "hit_rate_at_3": 0.31169,
        "hit_rate_at_5": 0.33766,
        "hit_rate_at_10": 0.45455,
        "hit_rate_at_20": 0.62338,
        "hit_rate_at_100": 0.96104,
        "hit_rate_at_1000": 1.0,
        "main_score": 0.18139,
        "hf_subset": "default",
        "languages": [
          "dan-Latn"
        ]
      }
    ]
  },
  "evaluation_time": 6.6504926681518555,
  "kg_co2_emissions": null,
  "date": 1774379776.526125
}