{
  "dataset_revision": "bc2a1e4c24771a6f3432578016cfb737732398fd",
  "task_name": "LLMWinoGrande",
  "mteb_version": "2.11.6",
  "scores": {
    "test": [
      {
        "ndcg_at_1": 0.04,
        "ndcg_at_3": 0.06077,
        "ndcg_at_5": 0.07088,
        "ndcg_at_10": 0.08199,
        "ndcg_at_20": 0.08859,
        "ndcg_at_100": 0.09909,
        "ndcg_at_1000": 0.11197,
        "map_at_1": 0.04,
        "map_at_3": 0.05583,
        "map_at_5": 0.06133,
        "map_at_10": 0.06578,
        "map_at_20": 0.06774,
        "map_at_100": 0.06928,
        "map_at_1000": 0.06962,
        "recall_at_1": 0.04,
        "recall_at_3": 0.075,
        "recall_at_5": 0.1,
        "recall_at_10": 0.135,
        "recall_at_20": 0.16,
        "recall_at_100": 0.215,
        "recall_at_1000": 0.325,
        "accuracy": 0.04,
        "precision_at_1": 0.04,
        "precision_at_3": 0.025,
        "precision_at_5": 0.02,
        "precision_at_10": 0.0135,
        "precision_at_20": 0.008,
        "precision_at_100": 0.00215,
        "precision_at_1000": 0.00033,
        "mrr_at_1": 0.04,
        "mrr_at_3": 0.055833,
        "mrr_at_5": 0.061333,
        "mrr_at_10": 0.065782,
        "mrr_at_20": 0.067736,
        "mrr_at_100": 0.069282,
        "mrr_at_1000": 0.069616,
        "nauc_ndcg_at_1_max": 0.558995,
        "nauc_ndcg_at_1_std": -0.219815,
        "nauc_ndcg_at_1_diff1": 0.4619,
        "nauc_ndcg_at_3_max": 0.540516,
        "nauc_ndcg_at_3_std": -0.149736,
        "nauc_ndcg_at_3_diff1": 0.381159,
        "nauc_ndcg_at_5_max": 0.532816,
        "nauc_ndcg_at_5_std": -0.108315,
        "nauc_ndcg_at_5_diff1": 0.32437,
        "nauc_ndcg_at_10_max": 0.539706,
        "nauc_ndcg_at_10_std": -0.074443,
        "nauc_ndcg_at_10_diff1": 0.311401,
        "nauc_ndcg_at_20_max": 0.517039,
        "nauc_ndcg_at_20_std": -0.091006,
        "nauc_ndcg_at_20_diff1": 0.313726,
        "nauc_ndcg_at_100_max": 0.472195,
        "nauc_ndcg_at_100_std": -0.076369,
        "nauc_ndcg_at_100_diff1": 0.281415,
        "nauc_ndcg_at_1000_max": 0.45859,
        "nauc_ndcg_at_1000_std": -0.087064,
        "nauc_ndcg_at_1000_diff1": 0.26049,
        "nauc_map_at_1_max": 0.558995,
        "nauc_map_at_1_std": -0.219815,
        "nauc_map_at_1_diff1": 0.4619,
        "nauc_map_at_3_max": 0.544117,
        "nauc_map_at_3_std": -0.160058,
        "nauc_map_at_3_diff1": 0.393618,
        "nauc_map_at_5_max": 0.537899,
        "nauc_map_at_5_std": -0.133355,
        "nauc_map_at_5_diff1": 0.355131,
        "nauc_map_at_10_max": 0.542606,
        "nauc_map_at_10_std": -0.113915,
        "nauc_map_at_10_diff1": 0.347458,
        "nauc_map_at_20_max": 0.533829,
        "nauc_map_at_20_std": -0.119886,
        "nauc_map_at_20_diff1": 0.348253,
        "nauc_map_at_100_max": 0.523389,
        "nauc_map_at_100_std": -0.116998,
        "nauc_map_at_100_diff1": 0.341662,
        "nauc_map_at_1000_max": 0.523083,
        "nauc_map_at_1000_std": -0.117302,
        "nauc_map_at_1000_diff1": 0.340871,
        "nauc_recall_at_1_max": 0.558995,
        "nauc_recall_at_1_std": -0.219815,
        "nauc_recall_at_1_diff1": 0.4619,
        "nauc_recall_at_3_max": 0.532654,
        "nauc_recall_at_3_std": -0.12811,
        "nauc_recall_at_3_diff1": 0.354852,
        "nauc_recall_at_5_max": 0.523799,
        "nauc_recall_at_5_std": -0.060236,
        "nauc_recall_at_5_diff1": 0.266112,
        "nauc_recall_at_10_max": 0.534686,
        "nauc_recall_at_10_std": -0.006622,
        "nauc_recall_at_10_diff1": 0.250869,
        "nauc_recall_at_20_max": 0.485347,
        "nauc_recall_at_20_std": -0.049873,
        "nauc_recall_at_20_diff1": 0.261062,
        "nauc_recall_at_100_max": 0.376468,
        "nauc_recall_at_100_std": -0.016086,
        "nauc_recall_at_100_diff1": 0.181175,
        "nauc_recall_at_1000_max": 0.33064,
        "nauc_recall_at_1000_std": -0.068133,
        "nauc_recall_at_1000_diff1": 0.111107,
        "nauc_precision_at_1_max": 0.558995,
        "nauc_precision_at_1_std": -0.219815,
        "nauc_precision_at_1_diff1": 0.4619,
        "nauc_precision_at_3_max": 0.532654,
        "nauc_precision_at_3_std": -0.12811,
        "nauc_precision_at_3_diff1": 0.354852,
        "nauc_precision_at_5_max": 0.523799,
        "nauc_precision_at_5_std": -0.060236,
        "nauc_precision_at_5_diff1": 0.266112,
        "nauc_precision_at_10_max": 0.534686,
        "nauc_precision_at_10_std": -0.006622,
        "nauc_precision_at_10_diff1": 0.250869,
        "nauc_precision_at_20_max": 0.485347,
        "nauc_precision_at_20_std": -0.049873,
        "nauc_precision_at_20_diff1": 0.261062,
        "nauc_precision_at_100_max": 0.376468,
        "nauc_precision_at_100_std": -0.016086,
        "nauc_precision_at_100_diff1": 0.181175,
        "nauc_precision_at_1000_max": 0.33064,
        "nauc_precision_at_1000_std": -0.068133,
        "nauc_precision_at_1000_diff1": 0.111107,
        "nauc_mrr_at_1_max": 0.558995,
        "nauc_mrr_at_1_std": -0.219815,
        "nauc_mrr_at_1_diff1": 0.4619,
        "nauc_mrr_at_3_max": 0.544117,
        "nauc_mrr_at_3_std": -0.160058,
        "nauc_mrr_at_3_diff1": 0.393618,
        "nauc_mrr_at_5_max": 0.537899,
        "nauc_mrr_at_5_std": -0.133355,
        "nauc_mrr_at_5_diff1": 0.355131,
        "nauc_mrr_at_10_max": 0.542606,
        "nauc_mrr_at_10_std": -0.113915,
        "nauc_mrr_at_10_diff1": 0.347458,
        "nauc_mrr_at_20_max": 0.533829,
        "nauc_mrr_at_20_std": -0.119886,
        "nauc_mrr_at_20_diff1": 0.348253,
        "nauc_mrr_at_100_max": 0.523389,
        "nauc_mrr_at_100_std": -0.116998,
        "nauc_mrr_at_100_diff1": 0.341662,
        "nauc_mrr_at_1000_max": 0.523083,
        "nauc_mrr_at_1000_std": -0.117302,
        "nauc_mrr_at_1000_diff1": 0.340871,
        "hit_rate_at_1": 0.04,
        "hit_rate_at_3": 0.075,
        "hit_rate_at_5": 0.1,
        "hit_rate_at_10": 0.135,
        "hit_rate_at_20": 0.16,
        "hit_rate_at_100": 0.215,
        "hit_rate_at_1000": 0.325,
        "main_score": 0.08199,
        "hf_subset": "default",
        "languages": [
          "eng-Latn"
        ]
      }
    ]
  },
  "evaluation_time": 100.18441438674927,
  "kg_co2_emissions": null,
  "date": 1774379879.029733
}