{
  "dataset_revision": "a2acf12d293ea934823ca26752a05c5bfab24dff",
  "task_name": "LLMAILAStatutes",
  "mteb_version": "2.11.6",
  "scores": {
    "test": [
      {
        "ndcg_at_1": 0.16,
        "ndcg_at_3": 0.13919,
        "ndcg_at_5": 0.15004,
        "ndcg_at_10": 0.19011,
        "ndcg_at_20": 0.22699,
        "ndcg_at_100": 0.42346,
        "ndcg_at_1000": 0.42346,
        "map_at_1": 0.036,
        "map_at_3": 0.06739,
        "map_at_5": 0.08424,
        "map_at_10": 0.10433,
        "map_at_20": 0.11628,
        "map_at_100": 0.16179,
        "map_at_1000": 0.16179,
        "recall_at_1": 0.036,
        "recall_at_3": 0.10633,
        "recall_at_5": 0.16333,
        "recall_at_10": 0.24133,
        "recall_at_20": 0.332,
        "recall_at_100": 1.0,
        "recall_at_1000": 1.0,
        "accuracy": 0.036,
        "precision_at_1": 0.16,
        "precision_at_3": 0.13333,
        "precision_at_5": 0.124,
        "precision_at_10": 0.096,
        "precision_at_20": 0.068,
        "precision_at_100": 0.0434,
        "precision_at_1000": 0.00434,
        "mrr_at_1": 0.16,
        "mrr_at_3": 0.233333,
        "mrr_at_5": 0.270333,
        "mrr_at_10": 0.286881,
        "mrr_at_20": 0.297659,
        "mrr_at_100": 0.305414,
        "mrr_at_1000": 0.305414,
        "nauc_ndcg_at_1_max": 0.135351,
        "nauc_ndcg_at_1_std": 0.221424,
        "nauc_ndcg_at_1_diff1": 0.225572,
        "nauc_ndcg_at_3_max": 0.06372,
        "nauc_ndcg_at_3_std": 0.334084,
        "nauc_ndcg_at_3_diff1": 0.092783,
        "nauc_ndcg_at_5_max": 0.038347,
        "nauc_ndcg_at_5_std": 0.292769,
        "nauc_ndcg_at_5_diff1": 0.172513,
        "nauc_ndcg_at_10_max": 0.051688,
        "nauc_ndcg_at_10_std": 0.342226,
        "nauc_ndcg_at_10_diff1": 0.21965,
        "nauc_ndcg_at_20_max": 0.096347,
        "nauc_ndcg_at_20_std": 0.309217,
        "nauc_ndcg_at_20_diff1": 0.208557,
        "nauc_ndcg_at_100_max": 0.089339,
        "nauc_ndcg_at_100_std": 0.30598,
        "nauc_ndcg_at_100_diff1": 0.20381,
        "nauc_ndcg_at_1000_max": 0.089339,
        "nauc_ndcg_at_1000_std": 0.30598,
        "nauc_ndcg_at_1000_diff1": 0.20381,
        "nauc_map_at_1_max": 0.145903,
        "nauc_map_at_1_std": 0.182366,
        "nauc_map_at_1_diff1": 0.231504,
        "nauc_map_at_3_max": 0.090221,
        "nauc_map_at_3_std": 0.311635,
        "nauc_map_at_3_diff1": 0.084742,
        "nauc_map_at_5_max": 0.053327,
        "nauc_map_at_5_std": 0.281725,
        "nauc_map_at_5_diff1": 0.174627,
        "nauc_map_at_10_max": 0.05516,
        "nauc_map_at_10_std": 0.310418,
        "nauc_map_at_10_diff1": 0.196703,
        "nauc_map_at_20_max": 0.073704,
        "nauc_map_at_20_std": 0.292589,
        "nauc_map_at_20_diff1": 0.187878,
        "nauc_map_at_100_max": 0.08002,
        "nauc_map_at_100_std": 0.29727,
        "nauc_map_at_100_diff1": 0.186374,
        "nauc_map_at_1000_max": 0.08002,
        "nauc_map_at_1000_std": 0.29727,
        "nauc_map_at_1000_diff1": 0.186374,
        "nauc_recall_at_1_max": 0.145903,
        "nauc_recall_at_1_std": 0.182366,
        "nauc_recall_at_1_diff1": 0.231504,
        "nauc_recall_at_3_max": 0.062865,
        "nauc_recall_at_3_std": 0.335381,
        "nauc_recall_at_3_diff1": 0.036582,
        "nauc_recall_at_5_max": -0.007898,
        "nauc_recall_at_5_std": 0.256342,
        "nauc_recall_at_5_diff1": 0.141995,
        "nauc_recall_at_10_max": 0.016626,
        "nauc_recall_at_10_std": 0.311344,
        "nauc_recall_at_10_diff1": 0.203715,
        "nauc_recall_at_20_max": 0.116242,
        "nauc_recall_at_20_std": 0.269181,
        "nauc_recall_at_20_diff1": 0.194053,
        "nauc_recall_at_100_max": NaN,
        "nauc_recall_at_100_std": NaN,
        "nauc_recall_at_100_diff1": NaN,
        "nauc_recall_at_1000_max": NaN,
        "nauc_recall_at_1000_std": NaN,
        "nauc_recall_at_1000_diff1": NaN,
        "nauc_precision_at_1_max": 0.135351,
        "nauc_precision_at_1_std": 0.221424,
        "nauc_precision_at_1_diff1": 0.225572,
        "nauc_precision_at_3_max": 0.028107,
        "nauc_precision_at_3_std": 0.38473,
        "nauc_precision_at_3_diff1": 0.049019,
        "nauc_precision_at_5_max": -0.007352,
        "nauc_precision_at_5_std": 0.281099,
        "nauc_precision_at_5_diff1": 0.175568,
        "nauc_precision_at_10_max": 0.018559,
        "nauc_precision_at_10_std": 0.315054,
        "nauc_precision_at_10_diff1": 0.236005,
        "nauc_precision_at_20_max": 0.116712,
        "nauc_precision_at_20_std": 0.244676,
        "nauc_precision_at_20_diff1": 0.20807,
        "nauc_precision_at_100_max": 0.011196,
        "nauc_precision_at_100_std": -0.165987,
        "nauc_precision_at_100_diff1": 0.028777,
        "nauc_precision_at_1000_max": 0.011196,
        "nauc_precision_at_1000_std": -0.165987,
        "nauc_precision_at_1000_diff1": 0.028777,
        "nauc_mrr_at_1_max": 0.135351,
        "nauc_mrr_at_1_std": 0.221424,
        "nauc_mrr_at_1_diff1": 0.225572,
        "nauc_mrr_at_3_max": 0.080446,
        "nauc_mrr_at_3_std": 0.294229,
        "nauc_mrr_at_3_diff1": 0.151618,
        "nauc_mrr_at_5_max": 0.072949,
        "nauc_mrr_at_5_std": 0.280166,
        "nauc_mrr_at_5_diff1": 0.16104,
        "nauc_mrr_at_10_max": 0.09401,
        "nauc_mrr_at_10_std": 0.306501,
        "nauc_mrr_at_10_diff1": 0.187882,
        "nauc_mrr_at_20_max": 0.090527,
        "nauc_mrr_at_20_std": 0.303407,
        "nauc_mrr_at_20_diff1": 0.181414,
        "nauc_mrr_at_100_max": 0.085797,
        "nauc_mrr_at_100_std": 0.297155,
        "nauc_mrr_at_100_diff1": 0.175968,
        "nauc_mrr_at_1000_max": 0.085797,
        "nauc_mrr_at_1000_std": 0.297155,
        "nauc_mrr_at_1000_diff1": 0.175968,
        "hit_rate_at_1": 0.16,
        "hit_rate_at_3": 0.34,
        "hit_rate_at_5": 0.5,
        "hit_rate_at_10": 0.62,
        "hit_rate_at_20": 0.78,
        "hit_rate_at_100": 1.0,
        "hit_rate_at_1000": 1.0,
        "main_score": 0.19011,
        "hf_subset": "default",
        "languages": [
          "eng-Latn"
        ]
      }
    ]
  },
  "evaluation_time": 0.7019813060760498,
  "kg_co2_emissions": null,
  "date": 1774452271.07969
}