{
  "dataset_revision": "300cb175d1b608cfc3fdb94fd06b3ceb937f9b6a",
  "task_name": "LLMLegalBenchCorporateLobbying",
  "mteb_version": "2.11.6",
  "scores": {
    "test": [
      {
        "ndcg_at_1": 0.80588,
        "ndcg_at_3": 0.8833,
        "ndcg_at_5": 0.8909,
        "ndcg_at_10": 0.89474,
        "ndcg_at_20": 0.90106,
        "ndcg_at_100": 0.90259,
        "ndcg_at_1000": 0.90299,
        "map_at_1": 0.80588,
        "map_at_3": 0.8652,
        "map_at_5": 0.86961,
        "map_at_10": 0.87121,
        "map_at_20": 0.87314,
        "map_at_100": 0.87333,
        "map_at_1000": 0.87335,
        "recall_at_1": 0.80588,
        "recall_at_3": 0.93529,
        "recall_at_5": 0.95294,
        "recall_at_10": 0.96471,
        "recall_at_20": 0.98824,
        "recall_at_100": 0.99706,
        "recall_at_1000": 1.0,
        "accuracy": 0.80588,
        "precision_at_1": 0.80588,
        "precision_at_3": 0.31176,
        "precision_at_5": 0.19059,
        "precision_at_10": 0.09647,
        "precision_at_20": 0.04941,
        "precision_at_100": 0.00997,
        "precision_at_1000": 0.001,
        "mrr_at_1": 0.805882,
        "mrr_at_3": 0.865196,
        "mrr_at_5": 0.869608,
        "mrr_at_10": 0.871213,
        "mrr_at_20": 0.873144,
        "mrr_at_100": 0.873329,
        "mrr_at_1000": 0.873347,
        "nauc_ndcg_at_1_max": 0.301098,
        "nauc_ndcg_at_1_std": -0.063453,
        "nauc_ndcg_at_1_diff1": 0.828996,
        "nauc_ndcg_at_3_max": 0.47365,
        "nauc_ndcg_at_3_std": 0.028131,
        "nauc_ndcg_at_3_diff1": 0.810439,
        "nauc_ndcg_at_5_max": 0.453179,
        "nauc_ndcg_at_5_std": 0.050531,
        "nauc_ndcg_at_5_diff1": 0.800026,
        "nauc_ndcg_at_10_max": 0.438166,
        "nauc_ndcg_at_10_std": 0.070485,
        "nauc_ndcg_at_10_diff1": 0.802929,
        "nauc_ndcg_at_20_max": 0.409667,
        "nauc_ndcg_at_20_std": 0.017161,
        "nauc_ndcg_at_20_diff1": 0.809802,
        "nauc_ndcg_at_100_max": 0.405647,
        "nauc_ndcg_at_100_std": 0.011623,
        "nauc_ndcg_at_100_diff1": 0.811103,
        "nauc_ndcg_at_1000_max": 0.404282,
        "nauc_ndcg_at_1000_std": 0.007361,
        "nauc_ndcg_at_1000_diff1": 0.811487,
        "nauc_map_at_1_max": 0.301098,
        "nauc_map_at_1_std": -0.063453,
        "nauc_map_at_1_diff1": 0.828996,
        "nauc_map_at_3_max": 0.417498,
        "nauc_map_at_3_std": -0.008296,
        "nauc_map_at_3_diff1": 0.815929,
        "nauc_map_at_5_max": 0.405503,
        "nauc_map_at_5_std": 0.001353,
        "nauc_map_at_5_diff1": 0.811037,
        "nauc_map_at_10_max": 0.399898,
        "nauc_map_at_10_std": 0.008173,
        "nauc_map_at_10_diff1": 0.81243,
        "nauc_map_at_20_max": 0.392504,
        "nauc_map_at_20_std": -0.00553,
        "nauc_map_at_20_diff1": 0.814257,
        "nauc_map_at_100_max": 0.391961,
        "nauc_map_at_100_std": -0.00648,
        "nauc_map_at_100_diff1": 0.814308,
        "nauc_map_at_1000_max": 0.391912,
        "nauc_map_at_1000_std": -0.006629,
        "nauc_map_at_1000_diff1": 0.814321,
        "nauc_recall_at_1_max": 0.301098,
        "nauc_recall_at_1_std": -0.063453,
        "nauc_recall_at_1_diff1": 0.828996,
        "nauc_recall_at_3_max": 0.793651,
        "nauc_recall_at_3_std": 0.241427,
        "nauc_recall_at_3_diff1": 0.779624,
        "nauc_recall_at_5_max": 0.808036,
        "nauc_recall_at_5_std": 0.436975,
        "nauc_recall_at_5_diff1": 0.714344,
        "nauc_recall_at_10_max": 0.792095,
        "nauc_recall_at_10_std": 0.72868,
        "nauc_recall_at_10_diff1": 0.70666,
        "nauc_recall_at_20_max": 0.645892,
        "nauc_recall_at_20_std": 0.448646,
        "nauc_recall_at_20_diff1": 0.71697,
        "nauc_recall_at_100_max": 0.722222,
        "nauc_recall_at_100_std": 1.0,
        "nauc_recall_at_100_diff1": 0.722222,
        "nauc_recall_at_1000_max": NaN,
        "nauc_recall_at_1000_std": NaN,
        "nauc_recall_at_1000_diff1": NaN,
        "nauc_precision_at_1_max": 0.301098,
        "nauc_precision_at_1_std": -0.063453,
        "nauc_precision_at_1_diff1": 0.828996,
        "nauc_precision_at_3_max": 0.793651,
        "nauc_precision_at_3_std": 0.241427,
        "nauc_precision_at_3_diff1": 0.779624,
        "nauc_precision_at_5_max": 0.808036,
        "nauc_precision_at_5_std": 0.436975,
        "nauc_precision_at_5_diff1": 0.714344,
        "nauc_precision_at_10_max": 0.792095,
        "nauc_precision_at_10_std": 0.72868,
        "nauc_precision_at_10_diff1": 0.70666,
        "nauc_precision_at_20_max": 0.645892,
        "nauc_precision_at_20_std": 0.448646,
        "nauc_precision_at_20_diff1": 0.71697,
        "nauc_precision_at_100_max": 0.722222,
        "nauc_precision_at_100_std": 1.0,
        "nauc_precision_at_100_diff1": 0.722222,
        "nauc_precision_at_1000_max": 1.0,
        "nauc_precision_at_1000_std": 1.0,
        "nauc_precision_at_1000_diff1": 1.0,
        "nauc_mrr_at_1_max": 0.301098,
        "nauc_mrr_at_1_std": -0.063453,
        "nauc_mrr_at_1_diff1": 0.828996,
        "nauc_mrr_at_3_max": 0.417498,
        "nauc_mrr_at_3_std": -0.008296,
        "nauc_mrr_at_3_diff1": 0.815929,
        "nauc_mrr_at_5_max": 0.405503,
        "nauc_mrr_at_5_std": 0.001353,
        "nauc_mrr_at_5_diff1": 0.811037,
        "nauc_mrr_at_10_max": 0.399898,
        "nauc_mrr_at_10_std": 0.008173,
        "nauc_mrr_at_10_diff1": 0.81243,
        "nauc_mrr_at_20_max": 0.392504,
        "nauc_mrr_at_20_std": -0.00553,
        "nauc_mrr_at_20_diff1": 0.814257,
        "nauc_mrr_at_100_max": 0.391961,
        "nauc_mrr_at_100_std": -0.00648,
        "nauc_mrr_at_100_diff1": 0.814308,
        "nauc_mrr_at_1000_max": 0.391912,
        "nauc_mrr_at_1000_std": -0.006629,
        "nauc_mrr_at_1000_diff1": 0.814321,
        "hit_rate_at_1": 0.80588,
        "hit_rate_at_3": 0.93529,
        "hit_rate_at_5": 0.95294,
        "hit_rate_at_10": 0.96471,
        "hit_rate_at_20": 0.98824,
        "hit_rate_at_100": 0.99706,
        "hit_rate_at_1000": 1.0,
        "main_score": 0.89474,
        "hf_subset": "default",
        "languages": [
          "eng-Latn"
        ]
      }
    ]
  },
  "evaluation_time": 2.7397186756134033,
  "kg_co2_emissions": null,
  "date": 1774452273.82638
}