{
  "dataset_revision": "5d745bd9e435cc190599f916f54c0ab197ddeb73",
  "task_name": "LLMRTE3PC",
  "mteb_version": "2.11.6",
  "scores": {
    "test": [
      {
        "similarity_accuracy": 0.852391,
        "similarity_f1": 0.919955,
        "similarity_precision": 0.853556,
        "similarity_recall": 0.997555,
        "similarity_ap": 0.857163,
        "cosine_accuracy": 0.852391,
        "cosine_f1": 0.919955,
        "cosine_precision": 0.853556,
        "cosine_recall": 0.997555,
        "cosine_ap": 0.857163,
        "manhattan_accuracy": 0.852391,
        "manhattan_f1": 0.919955,
        "manhattan_precision": 0.853556,
        "manhattan_recall": 0.997555,
        "manhattan_ap": 0.856529,
        "euclidean_accuracy": 0.852391,
        "euclidean_f1": 0.919955,
        "euclidean_precision": 0.853556,
        "euclidean_recall": 0.997555,
        "euclidean_ap": 0.857163,
        "dot_accuracy": 0.852391,
        "dot_f1": 0.919955,
        "dot_precision": 0.853556,
        "dot_recall": 0.997555,
        "dot_ap": 0.857163,
        "max_accuracy": 0.852391,
        "max_f1": 0.919955,
        "max_precision": 0.853556,
        "max_recall": 0.997555,
        "max_ap": 0.857163,
        "main_score": 0.857163,
        "hf_subset": "de",
        "languages": [
          "deu-Latn"
        ]
      },
      {
        "similarity_accuracy": 0.850622,
        "similarity_f1": 0.918919,
        "similarity_precision": 0.853556,
        "similarity_recall": 0.995122,
        "similarity_ap": 0.875076,
        "cosine_accuracy": 0.850622,
        "cosine_f1": 0.918919,
        "cosine_precision": 0.853556,
        "cosine_recall": 0.995122,
        "cosine_ap": 0.875076,
        "manhattan_accuracy": 0.850622,
        "manhattan_f1": 0.919101,
        "manhattan_precision": 0.852083,
        "manhattan_recall": 0.997561,
        "manhattan_ap": 0.873759,
        "euclidean_accuracy": 0.850622,
        "euclidean_f1": 0.918919,
        "euclidean_precision": 0.853556,
        "euclidean_recall": 0.995122,
        "euclidean_ap": 0.875076,
        "dot_accuracy": 0.850622,
        "dot_f1": 0.918919,
        "dot_precision": 0.853556,
        "dot_recall": 0.995122,
        "dot_ap": 0.875076,
        "max_accuracy": 0.850622,
        "max_f1": 0.919101,
        "max_precision": 0.853556,
        "max_recall": 0.997561,
        "max_ap": 0.875076,
        "main_score": 0.875076,
        "hf_subset": "en",
        "languages": [
          "eng-Latn"
        ]
      },
      {
        "similarity_accuracy": 0.846473,
        "similarity_f1": 0.916854,
        "similarity_precision": 0.848233,
        "similarity_recall": 0.997555,
        "similarity_ap": 0.864586,
        "cosine_accuracy": 0.846473,
        "cosine_f1": 0.916854,
        "cosine_precision": 0.848233,
        "cosine_recall": 0.997555,
        "cosine_ap": 0.864586,
        "manhattan_accuracy": 0.846473,
        "manhattan_f1": 0.916854,
        "manhattan_precision": 0.848233,
        "manhattan_recall": 0.997555,
        "manhattan_ap": 0.863718,
        "euclidean_accuracy": 0.846473,
        "euclidean_f1": 0.916854,
        "euclidean_precision": 0.848233,
        "euclidean_recall": 0.997555,
        "euclidean_ap": 0.864586,
        "dot_accuracy": 0.846473,
        "dot_f1": 0.916854,
        "dot_precision": 0.848233,
        "dot_recall": 0.997555,
        "dot_ap": 0.864586,
        "max_accuracy": 0.846473,
        "max_f1": 0.916854,
        "max_precision": 0.848233,
        "max_recall": 0.997555,
        "max_ap": 0.864586,
        "main_score": 0.864586,
        "hf_subset": "fr",
        "languages": [
          "fra-Latn"
        ]
      },
      {
        "similarity_accuracy": 0.84728,
        "similarity_f1": 0.917327,
        "similarity_precision": 0.849057,
        "similarity_recall": 0.997537,
        "similarity_ap": 0.866253,
        "cosine_accuracy": 0.84728,
        "cosine_f1": 0.917327,
        "cosine_precision": 0.849057,
        "cosine_recall": 0.997537,
        "cosine_ap": 0.866253,
        "manhattan_accuracy": 0.84728,
        "manhattan_f1": 0.917327,
        "manhattan_precision": 0.849057,
        "manhattan_recall": 0.997537,
        "manhattan_ap": 0.865671,
        "euclidean_accuracy": 0.84728,
        "euclidean_f1": 0.917327,
        "euclidean_precision": 0.849057,
        "euclidean_recall": 0.997537,
        "euclidean_ap": 0.866253,
        "dot_accuracy": 0.84728,
        "dot_f1": 0.917327,
        "dot_precision": 0.849057,
        "dot_recall": 0.997537,
        "dot_ap": 0.866253,
        "max_accuracy": 0.84728,
        "max_f1": 0.917327,
        "max_precision": 0.849057,
        "max_recall": 0.997537,
        "max_ap": 0.866253,
        "main_score": 0.866253,
        "hf_subset": "it",
        "languages": [
          "ita-Latn"
        ]
      }
    ]
  },
  "evaluation_time": 2.27083683013916,
  "kg_co2_emissions": null,
  "date": 1774451282.511387
}