{
  "dataset_revision": "d6628df131c3279007b88fe3e057e809dac056af",
  "task_name": "LLMSpartQA",
  "mteb_version": "2.11.6",
  "scores": {
    "test": [
      {
        "ndcg_at_1": 0.01,
        "ndcg_at_3": 0.01917,
        "ndcg_at_5": 0.0271,
        "ndcg_at_10": 0.04465,
        "ndcg_at_20": 0.07321,
        "ndcg_at_100": 0.12401,
        "ndcg_at_1000": 0.16931,
        "map_at_1": 0.00667,
        "map_at_3": 0.01472,
        "map_at_5": 0.01847,
        "map_at_10": 0.0252,
        "map_at_20": 0.03273,
        "map_at_100": 0.03958,
        "map_at_1000": 0.04116,
        "recall_at_1": 0.00667,
        "recall_at_3": 0.02833,
        "recall_at_5": 0.045,
        "recall_at_10": 0.095,
        "recall_at_20": 0.19833,
        "recall_at_100": 0.43667,
        "recall_at_1000": 0.755,
        "accuracy": 0.00667,
        "precision_at_1": 0.01,
        "precision_at_3": 0.01167,
        "precision_at_5": 0.013,
        "precision_at_10": 0.0135,
        "precision_at_20": 0.01425,
        "precision_at_100": 0.0071,
        "precision_at_1000": 0.00128,
        "mrr_at_1": 0.01,
        "mrr_at_3": 0.019167,
        "mrr_at_5": 0.025917,
        "mrr_at_10": 0.035296,
        "mrr_at_20": 0.044745,
        "mrr_at_100": 0.052476,
        "mrr_at_1000": 0.05384,
        "nauc_ndcg_at_1_max": 0.211162,
        "nauc_ndcg_at_1_std": 0.661926,
        "nauc_ndcg_at_1_diff1": -0.045613,
        "nauc_ndcg_at_3_max": 0.215151,
        "nauc_ndcg_at_3_std": 0.711556,
        "nauc_ndcg_at_3_diff1": -0.074196,
        "nauc_ndcg_at_5_max": 0.242162,
        "nauc_ndcg_at_5_std": 0.581946,
        "nauc_ndcg_at_5_diff1": -0.115658,
        "nauc_ndcg_at_10_max": 0.179449,
        "nauc_ndcg_at_10_std": 0.373952,
        "nauc_ndcg_at_10_diff1": -0.087924,
        "nauc_ndcg_at_20_max": 0.145354,
        "nauc_ndcg_at_20_std": 0.398681,
        "nauc_ndcg_at_20_diff1": -0.113256,
        "nauc_ndcg_at_100_max": 0.138373,
        "nauc_ndcg_at_100_std": 0.527379,
        "nauc_ndcg_at_100_diff1": -0.119621,
        "nauc_ndcg_at_1000_max": 0.131276,
        "nauc_ndcg_at_1000_std": 0.505183,
        "nauc_ndcg_at_1000_diff1": -0.111558,
        "nauc_map_at_1_max": 0.154816,
        "nauc_map_at_1_std": 0.830963,
        "nauc_map_at_1_diff1": 0.13912,
        "nauc_map_at_3_max": 0.19479,
        "nauc_map_at_3_std": 0.74485,
        "nauc_map_at_3_diff1": -0.041239,
        "nauc_map_at_5_max": 0.223133,
        "nauc_map_at_5_std": 0.651868,
        "nauc_map_at_5_diff1": -0.074254,
        "nauc_map_at_10_max": 0.196261,
        "nauc_map_at_10_std": 0.483876,
        "nauc_map_at_10_diff1": -0.065135,
        "nauc_map_at_20_max": 0.17785,
        "nauc_map_at_20_std": 0.481744,
        "nauc_map_at_20_diff1": -0.088652,
        "nauc_map_at_100_max": 0.175295,
        "nauc_map_at_100_std": 0.515438,
        "nauc_map_at_100_diff1": -0.094335,
        "nauc_map_at_1000_max": 0.172524,
        "nauc_map_at_1000_std": 0.516741,
        "nauc_map_at_1000_diff1": -0.091982,
        "nauc_recall_at_1_max": 0.154816,
        "nauc_recall_at_1_std": 0.830963,
        "nauc_recall_at_1_diff1": 0.13912,
        "nauc_recall_at_3_max": 0.25889,
        "nauc_recall_at_3_std": 0.681813,
        "nauc_recall_at_3_diff1": -0.079042,
        "nauc_recall_at_5_max": 0.278538,
        "nauc_recall_at_5_std": 0.528128,
        "nauc_recall_at_5_diff1": -0.122152,
        "nauc_recall_at_10_max": 0.188494,
        "nauc_recall_at_10_std": 0.257171,
        "nauc_recall_at_10_diff1": -0.073004,
        "nauc_recall_at_20_max": 0.141867,
        "nauc_recall_at_20_std": 0.324317,
        "nauc_recall_at_20_diff1": -0.122097,
        "nauc_recall_at_100_max": 0.137353,
        "nauc_recall_at_100_std": 0.505431,
        "nauc_recall_at_100_diff1": -0.118055,
        "nauc_recall_at_1000_max": 0.064913,
        "nauc_recall_at_1000_std": 0.30749,
        "nauc_recall_at_1000_diff1": -0.098579,
        "nauc_precision_at_1_max": 0.211162,
        "nauc_precision_at_1_std": 0.661926,
        "nauc_precision_at_1_diff1": -0.045613,
        "nauc_precision_at_3_max": 0.220821,
        "nauc_precision_at_3_std": 0.678025,
        "nauc_precision_at_3_diff1": -0.13385,
        "nauc_precision_at_5_max": 0.241873,
        "nauc_precision_at_5_std": 0.479392,
        "nauc_precision_at_5_diff1": -0.188562,
        "nauc_precision_at_10_max": 0.103922,
        "nauc_precision_at_10_std": 0.303663,
        "nauc_precision_at_10_diff1": -0.131436,
        "nauc_precision_at_20_max": 0.046361,
        "nauc_precision_at_20_std": 0.386907,
        "nauc_precision_at_20_diff1": -0.113116,
        "nauc_precision_at_100_max": -0.038173,
        "nauc_precision_at_100_std": 0.523553,
        "nauc_precision_at_100_diff1": -0.102524,
        "nauc_precision_at_1000_max": -0.066753,
        "nauc_precision_at_1000_std": 0.105985,
        "nauc_precision_at_1000_diff1": -0.01514,
        "nauc_mrr_at_1_max": 0.211162,
        "nauc_mrr_at_1_std": 0.661926,
        "nauc_mrr_at_1_diff1": -0.045613,
        "nauc_mrr_at_3_max": 0.194013,
        "nauc_mrr_at_3_std": 0.686425,
        "nauc_mrr_at_3_diff1": -0.122327,
        "nauc_mrr_at_5_max": 0.217192,
        "nauc_mrr_at_5_std": 0.573746,
        "nauc_mrr_at_5_diff1": -0.15584,
        "nauc_mrr_at_10_max": 0.160217,
        "nauc_mrr_at_10_std": 0.45951,
        "nauc_mrr_at_10_diff1": -0.13633,
        "nauc_mrr_at_20_max": 0.142473,
        "nauc_mrr_at_20_std": 0.461052,
        "nauc_mrr_at_20_diff1": -0.131174,
        "nauc_mrr_at_100_max": 0.144958,
        "nauc_mrr_at_100_std": 0.485448,
        "nauc_mrr_at_100_diff1": -0.126539,
        "nauc_mrr_at_1000_max": 0.144288,
        "nauc_mrr_at_1000_std": 0.486466,
        "nauc_mrr_at_1000_diff1": -0.126547,
        "hit_rate_at_1": 0.01,
        "hit_rate_at_3": 0.035,
        "hit_rate_at_5": 0.065,
        "hit_rate_at_10": 0.135,
        "hit_rate_at_20": 0.27,
        "hit_rate_at_100": 0.565,
        "hit_rate_at_1000": 0.91,
        "main_score": 0.04465,
        "hf_subset": "default",
        "languages": [
          "eng-Latn"
        ]
      }
    ]
  },
  "evaluation_time": 5.954354524612427,
  "kg_co2_emissions": null,
  "date": 1774452279.789088
}