{
  "dataset_revision": "bc2a1e4c24771a6f3432578016cfb737732398fd",
  "task_name": "LLMWinoGrande",
  "mteb_version": "2.11.6",
  "scores": {
    "test": [
      {
        "ndcg_at_1": 0.13,
        "ndcg_at_3": 0.27648,
        "ndcg_at_5": 0.33006,
        "ndcg_at_10": 0.38558,
        "ndcg_at_20": 0.42128,
        "ndcg_at_100": 0.4509,
        "ndcg_at_1000": 0.45351,
        "map_at_1": 0.13,
        "map_at_3": 0.23917,
        "map_at_5": 0.26892,
        "map_at_10": 0.29216,
        "map_at_20": 0.3021,
        "map_at_100": 0.30649,
        "map_at_1000": 0.30659,
        "recall_at_1": 0.13,
        "recall_at_3": 0.385,
        "recall_at_5": 0.515,
        "recall_at_10": 0.685,
        "recall_at_20": 0.825,
        "recall_at_100": 0.98,
        "recall_at_1000": 1.0,
        "accuracy": 0.13,
        "precision_at_1": 0.13,
        "precision_at_3": 0.12833,
        "precision_at_5": 0.103,
        "precision_at_10": 0.0685,
        "precision_at_20": 0.04125,
        "precision_at_100": 0.0098,
        "precision_at_1000": 0.001,
        "mrr_at_1": 0.13,
        "mrr_at_3": 0.239167,
        "mrr_at_5": 0.268917,
        "mrr_at_10": 0.292161,
        "mrr_at_20": 0.302103,
        "mrr_at_100": 0.306488,
        "mrr_at_1000": 0.30659,
        "nauc_ndcg_at_1_max": 0.1048,
        "nauc_ndcg_at_1_std": -0.021994,
        "nauc_ndcg_at_1_diff1": -0.118332,
        "nauc_ndcg_at_3_max": 0.053433,
        "nauc_ndcg_at_3_std": -0.13323,
        "nauc_ndcg_at_3_diff1": -0.061566,
        "nauc_ndcg_at_5_max": 0.050097,
        "nauc_ndcg_at_5_std": -0.171417,
        "nauc_ndcg_at_5_diff1": -0.009827,
        "nauc_ndcg_at_10_max": 0.084158,
        "nauc_ndcg_at_10_std": -0.181546,
        "nauc_ndcg_at_10_diff1": -0.030474,
        "nauc_ndcg_at_20_max": 0.090155,
        "nauc_ndcg_at_20_std": -0.182252,
        "nauc_ndcg_at_20_diff1": -0.024126,
        "nauc_ndcg_at_100_max": 0.08707,
        "nauc_ndcg_at_100_std": -0.131537,
        "nauc_ndcg_at_100_diff1": -0.038442,
        "nauc_ndcg_at_1000_max": 0.083074,
        "nauc_ndcg_at_1000_std": -0.13953,
        "nauc_ndcg_at_1000_diff1": -0.039787,
        "nauc_map_at_1_max": 0.1048,
        "nauc_map_at_1_std": -0.021994,
        "nauc_map_at_1_diff1": -0.118332,
        "nauc_map_at_3_max": 0.066155,
        "nauc_map_at_3_std": -0.106948,
        "nauc_map_at_3_diff1": -0.069112,
        "nauc_map_at_5_max": 0.06394,
        "nauc_map_at_5_std": -0.129074,
        "nauc_map_at_5_diff1": -0.039033,
        "nauc_map_at_10_max": 0.081325,
        "nauc_map_at_10_std": -0.133031,
        "nauc_map_at_10_diff1": -0.04604,
        "nauc_map_at_20_max": 0.081573,
        "nauc_map_at_20_std": -0.132446,
        "nauc_map_at_20_diff1": -0.044928,
        "nauc_map_at_100_max": 0.081414,
        "nauc_map_at_100_std": -0.124169,
        "nauc_map_at_100_diff1": -0.047791,
        "nauc_map_at_1000_max": 0.08125,
        "nauc_map_at_1000_std": -0.124448,
        "nauc_map_at_1000_diff1": -0.047863,
        "nauc_recall_at_1_max": 0.1048,
        "nauc_recall_at_1_std": -0.021994,
        "nauc_recall_at_1_diff1": -0.118332,
        "nauc_recall_at_3_max": 0.023817,
        "nauc_recall_at_3_std": -0.194122,
        "nauc_recall_at_3_diff1": -0.045514,
        "nauc_recall_at_5_max": 0.016915,
        "nauc_recall_at_5_std": -0.276355,
        "nauc_recall_at_5_diff1": 0.063762,
        "nauc_recall_at_10_max": 0.099886,
        "nauc_recall_at_10_std": -0.331722,
        "nauc_recall_at_10_diff1": 0.00638,
        "nauc_recall_at_20_max": 0.158471,
        "nauc_recall_at_20_std": -0.421789,
        "nauc_recall_at_20_diff1": 0.067246,
        "nauc_recall_at_100_max": 0.396709,
        "nauc_recall_at_100_std": 0.508754,
        "nauc_recall_at_100_diff1": 0.059407,
        "nauc_recall_at_1000_max": NaN,
        "nauc_recall_at_1000_std": NaN,
        "nauc_recall_at_1000_diff1": NaN,
        "nauc_precision_at_1_max": 0.1048,
        "nauc_precision_at_1_std": -0.021994,
        "nauc_precision_at_1_diff1": -0.118332,
        "nauc_precision_at_3_max": 0.023817,
        "nauc_precision_at_3_std": -0.194122,
        "nauc_precision_at_3_diff1": -0.045514,
        "nauc_precision_at_5_max": 0.016915,
        "nauc_precision_at_5_std": -0.276355,
        "nauc_precision_at_5_diff1": 0.063762,
        "nauc_precision_at_10_max": 0.099886,
        "nauc_precision_at_10_std": -0.331722,
        "nauc_precision_at_10_diff1": 0.00638,
        "nauc_precision_at_20_max": 0.158471,
        "nauc_precision_at_20_std": -0.421789,
        "nauc_precision_at_20_diff1": 0.067246,
        "nauc_precision_at_100_max": 0.396709,
        "nauc_precision_at_100_std": 0.508754,
        "nauc_precision_at_100_diff1": 0.059407,
        "nauc_precision_at_1000_max": 1.0,
        "nauc_precision_at_1000_std": 1.0,
        "nauc_precision_at_1000_diff1": 1.0,
        "nauc_mrr_at_1_max": 0.1048,
        "nauc_mrr_at_1_std": -0.021994,
        "nauc_mrr_at_1_diff1": -0.118332,
        "nauc_mrr_at_3_max": 0.066155,
        "nauc_mrr_at_3_std": -0.106948,
        "nauc_mrr_at_3_diff1": -0.069112,
        "nauc_mrr_at_5_max": 0.06394,
        "nauc_mrr_at_5_std": -0.129074,
        "nauc_mrr_at_5_diff1": -0.039033,
        "nauc_mrr_at_10_max": 0.081325,
        "nauc_mrr_at_10_std": -0.133031,
        "nauc_mrr_at_10_diff1": -0.04604,
        "nauc_mrr_at_20_max": 0.081573,
        "nauc_mrr_at_20_std": -0.132446,
        "nauc_mrr_at_20_diff1": -0.044928,
        "nauc_mrr_at_100_max": 0.081414,
        "nauc_mrr_at_100_std": -0.124169,
        "nauc_mrr_at_100_diff1": -0.047791,
        "nauc_mrr_at_1000_max": 0.08125,
        "nauc_mrr_at_1000_std": -0.124448,
        "nauc_mrr_at_1000_diff1": -0.047863,
        "hit_rate_at_1": 0.13,
        "hit_rate_at_3": 0.385,
        "hit_rate_at_5": 0.515,
        "hit_rate_at_10": 0.685,
        "hit_rate_at_20": 0.825,
        "hit_rate_at_100": 0.98,
        "hit_rate_at_1000": 1.0,
        "main_score": 0.38558,
        "hf_subset": "default",
        "languages": [
          "eng-Latn"
        ]
      }
    ]
  },
  "evaluation_time": 17.450571298599243,
  "kg_co2_emissions": null,
  "date": 1774452298.534993
}